ticket,symbol,setupType,direction,entryTime,exitTime,holdingMinutes,entryPrice,exitPrice,profitPips,profitUSD,maeATR,mfeATR,exitReason,entryVpPOC,entryVpVAH,entryVpVAL,entryVpInsideVA,entryVpDistHVN,entryVpDistLVN,entryVpBestHVN,entryVpThinnessRatio,entryVpOverlapBias,entryVpMigrationConf,entryVpDevPOCDir,entryVpProfileShape,entryVpUpthrust,entryVpSpring,entryVpCompPosition,entryVpBreakoutPOC,entryAuctRegime,entryAuctRegimeConf,entryAuctTradeQuality,entryAuctTradeGrade,entryAuctBalance,entryAuctContinuation,entryAuctReversalRisk,entryAuctExhaustion,entryAuctFailure,entryAuctVAExpRate,entryAuctTargetPrice,entryAuctTargetConf,entryAuctExpReward,entryLTValid,entryLTPOCMigration,entryLTNearestZoneStrength,entryArchetype,entryProfilerSamples,thesis,riskReward,exitAuctRegime,exitAuctFailure,exitAuctContinuation,exitAuctReversalRisk,exitAuctExhaustion,exitAuctBalance,exitVpMigrationConf,exitVpInsideVA,exitVpDevPOCDir,exitSpreadPoints,exitAtrProxy
2668,XPDUSDm,NAKED_POC,SELL,2022.03.01 17:44:40,2022.03.01 17:45:00,0,2506.56,2560.91,-5435.0,-5435.0,0.0,0.0,SL_HIT,0.0,0.0,0.0,0,0.0,0.0,0.0,0.0,0,0.0,0.0,0,0,0,0,0.0,0,0.0,0.0,0,0.0,0.0,0.0,0.0,0.0,0.0,0.0,0.0,0.0,0,0,0.0,0,0,0.0,0.0,0,0.25,0.247,0.204,0.359,0.482,0.8,0,0.825,5543.0,4025.9
2670,XPDUSDm,SWEEP_REVERSAL,SELL,2022.03.02 00:01:20,2022.03.02 00:02:00,0,2600.39,2651.98,-5159.0,-5159.0,0.0,0.0,SL_HIT,0.0,0.0,0.0,0,0.0,0.0,0.0,0.0,0,0.0,0.0,0,0,0,0,0.0,0,0.0,0.0,0,0.0,0.0,0.0,0.0,0.0,0.0,0.0,0.0,0.0,0,0,0.0,0,0,0.0,0.0,0,0.15,0.237,0.053,0.351,0.67,0.9,0,-0.79,8650.0,5159.3
2674,XPDUSDm,TREND_CONTINUATION,SELL,2022.03.02 02:03:59,2022.03.02 05:38:30,214,2584.9,2646.27,-6137.0,-6137.0,0.0,0.0,SL_HIT,0.0,0.0,0.0,0,0.0,0.0,0.0,0.0,0,0.0,0.0,0,0,0,0,0.0,0,0.0,0.0,0,0.0,0.0,0.0,0.0,0.0,0.0,0.0,0.0,0.0,0,0,0.0,0,0,0.0,0.0,0,0.15,0.164,0.199,0.06,0.826,0.75,1,0.545,5918.0,4887.4
2675,XPDUSDm,SWEEP_REVERSAL,SELL,2022.03.02 02:23:40,2022.03.02 05:40:00,196,2600.55,2651.69,-5114.0,-5114.0,0.0,0.0,SL_HIT,0.0,0.0,0.0,0,0.0,0.0,0.0,0.0,0,0.0,0.0,0,0,0,0,0.0,0,0.0,0.0,0,0.0,0.0,0.0,0.0,0.0,0.0,0.0,0.0,0.0,0,0,0.0,0,0,0.0,0.0,0,0.15,0.164,0.199,0.181,0.826,0.75,1,0.545,6156.0,4887.4
2672,XPDUSDm,BREAKOUT,SELL,2022.03.02 02:02:40,2022.03.02 05:41:40,219,2584.72,2661.43,-7671.0,-7671.0,0.0,0.0,SL_HIT,0.0,0.0,0.0,0,0.0,0.0,0.0,0.0,0,0.0,0.0,0,0,0,0,0.0,0,0.0,0.0,0,0.0,0.0,0.0,0.0,0.0,0.0,0.0,0.0,0.0,0,0,0.0,0,0,0.0,0.0,0,0.15,0.164,0.199,0.284,0.826,0.75,1,0.545,6284.0,4887.4
2673,XPDUSDm,PULLBACK,SELL,2022.03.02 02:03:40,2022.03.02 05:41:40,218,2584.34,2661.05,-7671.0,-7671.0,0.0,0.0,SL_HIT,0.0,0.0,0.0,0,0.0,0.0,0.0,0.0,0,0.0,0.0,0,0,0,0,0.0,0,0.0,0.0,0,0.0,0.0,0.0,0.0,0.0,0.0,0.0,0.0,0.0,0,0,0.0,0,0,0.0,0.0,0,0.15,0.164,0.199,0.284,0.826,0.75,1,0.545,6284.0,4887.4
2680,XPDUSDm,MEAN_REVERSION,SELL,2022.03.02 06:30:00,2022.03.02 07:46:40,76,2610.7,2647.35,-3665.0,-3665.0,0.0,0.0,SL_HIT,0.0,0.0,0.0,0,0.0,0.0,0.0,0.0,0,0.0,0.0,0,0,0,0,0.0,0,0.0,0.0,0,0.0,0.0,0.0,0.0,0.0,0.0,0.0,0.0,0.0,0,0,0.0,0,0,0.0,0.0,0,0.0,0.237,0.133,0.233,0.582,0.6,1,0.79,4272.0,3565.4
2682,XPDUSDm,MEAN_REVERSION,SELL,2022.03.02 14:34:59,2022.03.02 14:44:40,9,2589.89,2623.36,-3347.0,-3347.0,0.0,0.0,SL_HIT,0.0,0.0,0.0,0,0.0,0.0,0.0,0.0,0,0.0,0.0,0,0,0,0,0.0,0,0.0,0.0,0,0.0,0.0,0.0,0.0,0.0,0.0,0.0,0.0,0.0,0,0,0.0,0,0,0.0,0.0,0,0.25,0.193,0.183,0.133,0.649,0.617,1,0.6423,3673.0,4184.0
2684,XPDUSDm,SWEEP_REVERSAL,SELL,2022.03.02 15:30:40,2022.03.02 17:23:00,112,2646.46,2690.99,-4453.0,-4453.0,0.0,0.0,SL_HIT,0.0,0.0,0.0,0,0.0,0.0,0.0,0.0,0,0.0,0.0,0,0,0,0,0.0,0,0.0,0.0,0,0.0,0.0,0.0,0.0,0.0,0.0,0.0,0.0,0.0,0,0,0.0,0,0,0.0,0.0,0,0.0,0.216,0.0,0.049,0.565,0.75,0,0.72,3939.0,4970.6
2687,XPDUSDm,MEAN_REVERSION,SELL,2022.03.02 18:51:40,2022.03.02 19:51:40,60,2654.35,2693.63,-3928.0,-3928.0,0.0,0.0,SL_HIT,0.0,0.0,0.0,0,0.0,0.0,0.0,0.0,0,0.0,0.0,0,0,0,0,0.0,0,0.0,0.0,0,0.0,0.0,0.0,0.0,0.0,0.0,0.0,0.0,0.0,0,0,0.0,0,0,0.0,0.0,0,0.0,0.237,0.0,0.056,0.785,0.6,0,0.79,3427.0,4771.6
2691,XPDUSDm,BREAKOUT,SELL,2022.03.03 04:15:40,2022.03.03 04:49:00,33,2623.3,2677.28,-5398.0,-5398.0,0.0,0.0,SL_HIT,0.0,0.0,0.0,0,0.0,0.0,0.0,0.0,0,0.0,0.0,0,0,0,0,0.0,0,0.0,0.0,0,0.0,0.0,0.0,0.0,0.0,0.0,0.0,0.0,0.0,0,0,0.0,0,0,0.0,0.0,0,0.4,0.155,0.14,0.377,0.745,0.708,1,-0.517,4246.0,3598.6
2690,XPDUSDm,BREAKOUT,SELL,2022.03.03 02:15:40,2022.03.03 06:51:40,276,2647.22,2705.53,-5831.0,-5831.0,0.0,0.0,SL_HIT,0.0,0.0,0.0,0,0.0,0.0,0.0,0.0,0,0.0,0.0,0,0,0,0,0.0,0,0.0,0.0,0,0.0,0.0,0.0,0.0,0.0,0.0,0.0,0.0,0.0,0,0,0.0,0,0,0.0,0.0,0,0.15,0.237,0.148,0.308,0.646,0.9,0,-0.79,3349.0,2927.1
2694,XPDUSDm,TREND_CONTINUATION,SELL,2022.03.03 07:00:59,2022.03.03 07:02:00,1,2676.19,2710.76,-3457.0,-3457.0,0.0,0.0,SL_HIT,0.0,0.0,0.0,0,0.0,0.0,0.0,0.0,0,0.0,0.0,0,0,0,0,0.0,0,0.0,0.0,0,0.0,0.0,0.0,0.0,0.0,0.0,0.0,0.0,0.0,0,0,0.0,0,0,0.0,0.0,0,0.25,0.195,0.088,0.292,0.772,0.975,0,-0.65,3209.0,2880.4
2696,XPDUSDm,PULLBACK,SELL,2022.03.03 08:00:00,2022.03.03 08:38:40,38,2723.55,2763.5,-3995.0,-3995.0,0.0,0.0,SL_HIT,0.0,0.0,0.0,0,0.0,0.0,0.0,0.0,0,0.0,0.0,0,0,0,0,0.0,0,0.0,0.0,0,0.0,0.0,0.0,0.0,0.0,0.0,0.0,0.0,0.0,0,0,0.0,0,0,0.0,0.0,0,0.25,0.0,0.088,0.324,0.623,0.102,0,0.0,3407.0,2663.3
2698,XPDUSDm,SWEEP_REVERSAL,SELL,2022.03.03 13:19:40,2022.03.03 13:22:00,2,2763.93,2800.22,-3629.0,-3629.0,0.0,0.0,SL_HIT,0.0,0.0,0.0,0,0.0,0.0,0.0,0.0,0,0.0,0.0,0,0,0,0,0.0,0,0.0,0.0,0,0.0,0.0,0.0,0.0,0.0,0.0,0.0,0.0,0.0,0,0,0.0,0,0,0.0,0.0,0,0.25,0.195,0.088,0.361,0.774,0.65,0,0.65,3498.0,3629.1
2700,XPDUSDm,TREND_CONTINUATION,BUY,2022.03.04 02:00:30,2022.03.04 02:01:30,1,2818.07,2783.27,-3480.0,-3480.0,0.0,0.0,SL_HIT,0.0,0.0,0.0,0,0.0,0.0,0.0,0.0,0,0.0,0.0,0,0,0,0,0.0,0,0.0,0.0,0,0.0,0.0,0.0,0.0,0.0,0.0,0.0,0.0,0.0,0,0,0.0,0,0,0.0,0.0,4,0.15,0.3,0.053,0.336,0.564,1.0,1,1.0,4596.0,3783.1
2702,XPDUSDm,ANCHORED_PULLBACK,BUY,2022.03.04 02:49:20,2022.03.04 02:49:40,0,2827.18,2799.05,-2813.0,-2813.0,0.0,0.0,SL_HIT,0.0,0.0,0.0,0,0.0,0.0,0.0,0.0,0,0.0,0.0,0,0,0,0,0.0,0,0.0,0.0,0,0.0,0.0,0.0,0.0,0.0,0.0,0.0,0.0,0.0,0,0,0.0,0,0,0.0,0.0,4,0.15,0.3,0.053,0.3,0.564,1.0,1,1.0,2677.0,3783.1
2704,XPDUSDm,BREAKOUT,BUY,2022.03.04 05:06:40,2022.03.04 05:10:40,4,2813.96,2776.44,-3752.0,-3752.0,0.0,0.0,SL_HIT,0.0,0.0,0.0,0,0.0,0.0,0.0,0.0,0,0.0,0.0,0,0,0,0,0.0,0,0.0,0.0,0,0.0,0.0,0.0,0.0,0.0,0.0,0.0,0.0,0.0,0,0,0.0,0,0,0.0,0.0,0,0.4,0.247,0.263,0.35,0.642,1.0,1,0.825,3479.0,3316.9
2705,XPDUSDm,PULLBACK,BUY,2022.03.04 05:06:59,2022.03.04 05:10:40,3,2813.96,2776.44,-3752.0,-3752.0,0.0,0.0,SL_HIT,0.0,0.0,0.0,0,0.0,0.0,0.0,0.0,0,0.0,0.0,0,0,0,0,0.0,0,0.0,0.0,0,0.0,0.0,0.0,0.0,0.0,0.0,0.0,0.0,0.0,0,0,0.0,0,0,0.0,0.0,0,0.4,0.247,0.263,0.35,0.642,1.0,1,0.825,3479.0,3316.9
2706,XPDUSDm,TREND_CONTINUATION,BUY,2022.03.04 05:07:00,2022.03.04 05:10:40,3,2813.16,2776.44,-3672.0,-3672.0,0.0,0.0,SL_HIT,0.0,0.0,0.0,0,0.0,0.0,0.0,0.0,0,0.0,0.0,0,0,0,0,0.0,0,0.0,0.0,0,0.0,0.0,0.0,0.0,0.0,0.0,0.0,0.0,0.0,0,0,0.0,0,0,0.0,0.0,0,0.4,0.247,0.263,0.35,0.642,1.0,1,0.825,3479.0,3316.9
2710,XPDUSDm,BREAKOUT,BUY,2022.03.04 07:06:40,2022.03.04 07:19:40,13,2811.37,2791.21,-2016.0,-2016.0,0.0,0.0,SL_HIT,0.0,0.0,0.0,0,0.0,0.0,0.0,0.0,0,0.0,0.0,0,0,0,0,0.0,0,0.0,0.0,0,0.0,0.0,0.0,0.0,0.0,0.0,0.0,0.0,0.0,0,0,0.0,0,0,0.0,0.0,0,0.0,0.3,0.0,0.283,0.66,0.8,0,1.0,2938.0,2758.6
2711,XPDUSDm,PULLBACK,BUY,2022.03.04 07:06:59,2022.03.04 07:19:40,12,2811.37,2791.21,-2016.0,-2016.0,0.0,0.0,SL_HIT,0.0,0.0,0.0,0,0.0,0.0,0.0,0.0,0,0.0,0.0,0,0,0,0,0.0,0,0.0,0.0,0,0.0,0.0,0.0,0.0,0.0,0.0,0.0,0.0,0.0,0,0,0.0,0,0,0.0,0.0,0,0.0,0.3,0.0,0.283,0.66,0.8,0,1.0,2938.0,2758.6
2712,XPDUSDm,TREND_CONTINUATION,BUY,2022.03.04 07:07:00,2022.03.04 07:19:40,12,2810.84,2791.21,-1963.0,-1963.0,0.0,0.0,SL_HIT,0.0,0.0,0.0,0,0.0,0.0,0.0,0.0,0,0.0,0.0,0,0,0,0,0.0,0,0.0,0.0,0,0.0,0.0,0.0,0.0,0.0,0.0,0.0,0.0,0.0,0,0,0.0,0,0,0.0,0.0,0,0.0,0.3,0.0,0.283,0.66,0.8,0,1.0,2938.0,2758.6
2716,XPDUSDm,BREAKOUT,BUY,2022.03.04 09:08:40,2022.03.04 09:19:40,11,2817.43,2793.98,-2345.0,-2345.0,0.0,0.0,SL_HIT,0.0,0.0,0.0,0,0.0,0.0,0.0,0.0,0,0.0,0.0,0,0,0,0,0.0,0,0.0,0.0,0,0.0,0.0,0.0,0.0,0.0,0.0,0.0,0.0,0.0,0,0,0.0,0,0,0.0,0.0,0,0.0,0.247,0.0,0.182,0.724,1.0,1,0.825,2399.0,2352.4
2717,XPDUSDm,PULLBACK,BUY,2022.03.04 09:08:59,2022.03.04 09:19:40,10,2817.4,2793.98,-2342.0,-2342.0,0.0,0.0,SL_HIT,0.0,0.0,0.0,0,0.0,0.0,0.0,0.0,0,0.0,0.0,0,0,0,0,0.0,0,0.0,0.0,0,0.0,0.0,0.0,0.0,0.0,0.0,0.0,0.0,0.0,0,0,0.0,0,0,0.0,0.0,0,0.0,0.247,0.0,0.182,0.724,1.0,1,0.825,2399.0,2352.4
2718,XPDUSDm,TREND_CONTINUATION,BUY,2022.03.04 09:09:00,2022.03.04 09:19:40,10,2816.39,2793.98,-2241.0,-2241.0,0.0,0.0,SL_HIT,0.0,0.0,0.0,0,0.0,0.0,0.0,0.0,0,0.0,0.0,0,0,0,0,0.0,0,0.0,0.0,0,0.0,0.0,0.0,0.0,0.0,0.0,0.0,0.0,0.0,0,0,0.0,0,0,0.0,0.0,0,0.0,0.247,0.0,0.182,0.724,1.0,1,0.825,2399.0,2352.4
2722,XPDUSDm,PULLBACK,BUY,2022.03.04 12:15:40,2022.03.04 12:19:59,4,2922.78,2872.9,-4988.0,-4988.0,0.0,0.0,SL_HIT,0.0,0.0,0.0,0,0.0,0.0,0.0,0.0,0,0.0,0.0,0,0,0,0,0.0,0,0.0,0.0,0,0.0,0.0,0.0,0.0,0.0,0.0,0.0,0.0,0.0,0,0,0.0,0,0,0.0,0.0,0,0.0,0.206,0.0,0.236,0.541,0.675,0,0.685,5073.0,2673.4
2724,XPDUSDm,BREAKOUT,BUY,2022.03.04 13:08:40,2022.03.04 13:10:40,2,2902.4,2876.5,-2590.0,-2590.0,0.0,0.0,SL_HIT,0.0,0.0,0.0,0,0.0,0.0,0.0,0.0,0,0.0,0.0,0,0,0,0,0.0,0,0.0,0.0,0,0.0,0.0,0.0,0.0,0.0,0.0,0.0,0.0,0.0,0,0,0.0,0,0,0.0,0.0,0,0.25,0.164,0.088,0.211,0.494,0.75,0,0.545,2808.0,2839.6
2725,XPDUSDm,TREND_CONTINUATION,BUY,2022.03.04 13:09:00,2022.03.04 13:10:40,1,2905.14,2876.5,-2864.0,-2864.0,0.0,0.0,SL_HIT,0.0,0.0,0.0,0,0.0,0.0,0.0,0.0,0,0.0,0.0,0,0,0,0,0.0,0,0.0,0.0,0,0.0,0.0,0.0,0.0,0.0,0.0,0.0,0.0,0.0,0,0,0.0,0,0,0.0,0.0,0,0.25,0.164,0.088,0.211,0.494,0.75,0,0.545,2808.0,2839.6
2728,XPDUSDm,TREND_CONTINUATION,BUY,2022.03.04 15:09:00,2022.03.04 15:09:59,0,2937.2,2909.26,-2794.0,-2794.0,0.0,0.0,SL_HIT,0.0,0.0,0.0,0,0.0,0.0,0.0,0.0,0,0.0,0.0,0,0,0,0,0.0,0,0.0,0.0,0,0.0,0.0,0.0,0.0,0.0,0.0,0.0,0.0,0.0,0,0,0.0,0,0,0.0,0.0,0,0.0,0.237,0.0,0.264,0.626,0.6,1,0.79,3473.0,3331.7
2730,XPDUSDm,TREND_CONTINUATION,BUY,2022.03.04 17:17:40,2022.03.04 17:21:40,4,2961.13,2924.73,-3640.0,-3640.0,0.0,0.0,SL_HIT,0.0,0.0,0.0,0,0.0,0.0,0.0,0.0,0,0.0,0.0,0,0,0,0,0.0,0,0.0,0.0,0,0.0,0.0,0.0,0.0,0.0,0.0,0.0,0.0,0.0,0,0,0.0,0,0,0.0,0.0,0,0.4,0.206,0.14,0.247,0.745,0.7,1,0.685,3780.0,3581.8
2732,XPDUSDm,BREAKOUT,BUY,2022.03.04 19:08:40,2022.03.04 19:09:40,1,2988.2,2969.46,-1874.0,-1874.0,0.0,0.0,SL_HIT,0.0,0.0,0.0,0,0.0,0.0,0.0,0.0,0,0.0,0.0,0,0,0,0,0.0,0,0.0,0.0,0,0.0,0.0,0.0,0.0,0.0,0.0,0.0,0.0,0.0,0,0,0.0,0,0,0.0,0.0,0,0.0,0.279,0.0,0.207,0.691,1.0,0,0.93,1882.0,4083.6
2734,XPDUSDm,TREND_CONTINUATION,BUY,2022.03.04 19:17:40,2022.03.04 19:19:40,2,2991.47,2968.63,-2284.0,-2284.0,0.0,0.0,SL_HIT,0.0,0.0,0.0,0,0.0,0.0,0.0,0.0,0,0.0,0.0,0,0,0,0,0.0,0,0.0,0.0,0,0.0,0.0,0.0,0.0,0.0,0.0,0.0,0.0,0.0,0,0,0.0,0,0,0.0,0.0,0,0.0,0.279,0.0,0.199,0.691,1.0,0,0.93,2186.0,4083.6
2736,XPDUSDm,ANCHORED_PULLBACK,BUY,2022.03.04 20:00:00,2022.03.04 20:02:00,2,3023.14,2991.65,-3149.0,-3149.0,0.0,0.0,SL_HIT,0.0,0.0,0.0,0,0.0,0.0,0.0,0.0,0,0.0,0.0,0,0,0,0,0.0,0,0.0,0.0,0,0.0,0.0,0.0,0.0,0.0,0.0,0.0,0.0,0.0,0,0,0.0,0,0,0.0,0.0,0,0.4,0.237,0.14,0.427,0.584,1.0,0,0.79,2910.0,4177.4
2738,XPDUSDm,PULLBACK,BUY,2022.03.04 20:57:40,2022.03.06 23:42:40,3045,3013.76,3083.9,7014.0,7000.6,0.0,0.0,TRAIL_STOP,0.0,0.0,0.0,0,0.0,0.0,0.0,0.0,0,0.0,0.0,0,0,0,0,0.0,0,0.0,0.0,0,0.0,0.0,0.0,0.0,0.0,0.0,0.0,0.0,0.0,0,0,0.0,0,0,0.0,0.0,0,0.0,0.3,0.276,0.297,0.616,0.8,0,1.0,7669.0,4267.7
2740,XPDUSDm,BREAKOUT,BUY,2022.03.07 01:38:40,2022.03.07 01:41:40,3,3151.69,3109.67,-4202.0,-4202.0,0.0,0.0,SL_HIT,0.0,0.0,0.0,0,0.0,0.0,0.0,0.0,0,0.0,0.0,0,0,0,0,0.0,0,0.0,0.0,0,0.0,0.0,0.0,0.0,0.0,0.0,0.0,0.0,0.0,0,0,0.0,0,0,0.0,0.0,0,0.0,0.3,0.0,0.245,0.426,1.0,1,1.0,3543.0,4727.7
2741,XPDUSDm,PULLBACK,BUY,2022.03.07 01:38:59,2022.03.07 01:41:40,2,3151.69,3109.67,-4202.0,-4202.0,0.0,0.0,SL_HIT,0.0,0.0,0.0,0,0.0,0.0,0.0,0.0,0,0.0,0.0,0,0,0,0,0.0,0,0.0,0.0,0,0.0,0.0,0.0,0.0,0.0,0.0,0.0,0.0,0.0,0,0,0.0,0,0,0.0,0.0,0,0.0,0.3,0.0,0.245,0.426,1.0,1,1.0,3543.0,4727.7
2742,XPDUSDm,TREND_CONTINUATION,BUY,2022.03.07 01:39:00,2022.03.07 01:41:40,2,3145.19,3109.67,-3552.0,-3552.0,0.0,0.0,SL_HIT,0.0,0.0,0.0,0,0.0,0.0,0.0,0.0,0,0.0,0.0,0,0,0,0,0.0,0,0.0,0.0,0,0.0,0.0,0.0,0.0,0.0,0.0,0.0,0.0,0.0,0,0,0.0,0,0,0.0,0.0,0,0.0,0.3,0.0,0.245,0.426,1.0,1,1.0,3543.0,4727.7
2746,XPDUSDm,TREND_CONTINUATION,BUY,2022.03.07 03:39:00,2022.03.07 03:42:59,3,3159.69,3106.3,-5339.0,-5339.0,0.0,0.0,SL_HIT,0.0,0.0,0.0,0,0.0,0.0,0.0,0.0,0,0.0,0.0,0,0,0,0,0.0,0,0.0,0.0,0,0.0,0.0,0.0,0.0,0.0,0.0,0.0,0.0,0.0,0,0,0.0,0,0,0.0,0.0,4,0.0,0.3,0.15,0.212,0.667,1.0,1,1.0,5316.0,4681.6
2748,XPDUSDm,ANCHORED_PULLBACK,BUY,2022.03.07 05:00:00,2022.03.07 05:08:00,8,3181.16,3151.03,-3013.0,-3013.0,0.0,0.0,SL_HIT,0.0,0.0,0.0,0,0.0,0.0,0.0,0.0,0,0.0,0.0,0,0,0,0,0.0,0,0.0,0.0,0,0.0,0.0,0.0,0.0,0.0,0.0,0.0,0.0,0.0,0,0,0.0,0,0,0.0,0.0,0,0.15,0.3,0.053,0.334,0.639,1.0,0,1.0,3160.0,4482.6
2750,XPDUSDm,BREAKOUT,BUY,2022.03.07 05:38:40,2022.03.07 05:45:40,7,3188.59,3144.39,-4420.0,-4420.0,0.0,0.0,SL_HIT,0.0,0.0,0.0,0,0.0,0.0,0.0,0.0,0,0.0,0.0,0,0,0,0,0.0,0,0.0,0.0,0,0.0,0.0,0.0,0.0,0.0,0.0,0.0,0.0,0.0,0,0,0.0,0,0,0.0,0.0,0,0.15,0.3,0.053,0.226,0.639,1.0,1,1.0,4127.0,4482.6
2751,XPDUSDm,PULLBACK,BUY,2022.03.07 05:38:59,2022.03.07 05:45:40,6,3188.59,3144.39,-4420.0,-4420.0,0.0,0.0,SL_HIT,0.0,0.0,0.0,0,0.0,0.0,0.0,0.0,0,0.0,0.0,0,0,0,0,0.0,0,0.0,0.0,0,0.0,0.0,0.0,0.0,0.0,0.0,0.0,0.0,0.0,0,0,0.0,0,0,0.0,0.0,0,0.15,0.3,0.053,0.226,0.639,1.0,1,1.0,4127.0,4482.6
2752,XPDUSDm,TREND_CONTINUATION,BUY,2022.03.07 05:39:00,2022.03.07 05:45:40,6,3188.31,3144.39,-4392.0,-4392.0,0.0,0.0,SL_HIT,0.0,0.0,0.0,0,0.0,0.0,0.0,0.0,0,0.0,0.0,0,0,0,0,0.0,0,0.0,0.0,0,0.0,0.0,0.0,0.0,0.0,0.0,0.0,0.0,0.0,0,0,0.0,0,0,0.0,0.0,0,0.15,0.3,0.053,0.226,0.639,1.0,1,1.0,4127.0,4482.6
2756,XPDUSDm,BREAKOUT,BUY,2022.03.07 07:38:40,2022.03.07 07:39:20,0,3190.96,3153.41,-3755.0,-3755.0,0.0,0.0,SL_HIT,0.0,0.0,0.0,0,0.0,0.0,0.0,0.0,0,0.0,0.0,0,0,0,0,0.0,0,0.0,0.0,0,0.0,0.0,0.0,0.0,0.0,0.0,0.0,0.0,0.0,0,0,0.0,0,0,0.0,0.0,0,0.15,0.3,0.053,0.302,0.687,0.8,1,1.0,4408.0,3919.2
2757,XPDUSDm,PULLBACK,BUY,2022.03.07 07:38:59,2022.03.07 07:39:20,0,3190.96,3153.41,-3755.0,-3755.0,0.0,0.0,SL_HIT,0.0,0.0,0.0,0,0.0,0.0,0.0,0.0,0,0.0,0.0,0,0,0,0,0.0,0,0.0,0.0,0,0.0,0.0,0.0,0.0,0.0,0.0,0.0,0.0,0.0,0,0,0.0,0,0,0.0,0.0,0,0.15,0.3,0.053,0.302,0.687,0.8,1,1.0,4408.0,3919.2
2758,XPDUSDm,TREND_CONTINUATION,BUY,2022.03.07 07:39:00,2022.03.07 07:39:20,0,3198.9,3151.87,-4703.0,-4703.0,0.0,0.0,SL_HIT,0.0,0.0,0.0,0,0.0,0.0,0.0,0.0,0,0.0,0.0,0,0,0,0,0.0,0,0.0,0.0,0,0.0,0.0,0.0,0.0,0.0,0.0,0.0,0.0,0.0,0,0,0.0,0,0,0.0,0.0,0,0.15,0.3,0.053,0.302,0.687,0.8,1,1.0,4408.0,3919.2
2762,XPDUSDm,ANCHORED_PULLBACK,BUY,2022.03.07 07:40:40,2022.03.07 07:42:40,2,3213.45,3176.21,-3724.0,-3724.0,0.0,0.0,SL_HIT,0.0,0.0,0.0,0,0.0,0.0,0.0,0.0,0,0.0,0.0,0,0,0,0,0.0,0,0.0,0.0,0,0.0,0.0,0.0,0.0,0.0,0.0,0.0,0.0,0.0,0,0,0.0,0,0,0.0,0.0,0,0.15,0.3,0.053,0.266,0.687,0.8,0,1.0,8637.0,3919.2
2764,XPDUSDm,ANCHORED_PULLBACK,BUY,2022.03.07 10:00:00,2022.03.07 10:35:40,35,3379.82,3379.82,0.0,0.0,0.0,0.0,TRAIL_STOP,0.0,0.0,0.0,0,0.0,0.0,0.0,0.0,0,0.0,0.0,0,0,0,0,0.0,0,0.0,0.0,0,0.0,0.0,0.0,0.0,0.0,0.0,0.0,0.0,0.0,0,0,0.0,0,0,0.0,0.0,3,0.0,0.7,0.0,0.221,0.35,1.0,0,1.0,2581.0,5481.4
2765,XPDUSDm,TREND_CONTINUATION,BUY,2022.03.07 10:08:40,2022.03.07 10:35:40,27,3426.3,3360.52,-6578.0,-6578.0,0.0,0.0,SL_HIT,0.0,0.0,0.0,0,0.0,0.0,0.0,0.0,0,0.0,0.0,0,0,0,0,0.0,0,0.0,0.0,0,0.0,0.0,0.0,0.0,0.0,0.0,0.0,0.0,0.0,0,0,0.0,0,0,0.0,0.0,3,0.0,0.7,0.0,0.221,0.35,1.0,0,1.0,2581.0,5481.4
2768,XPDUSDm,MEAN_REVERSION,BUY,2022.03.07 13:06:40,2022.03.07 13:13:40,7,3227.37,3162.83,-6454.0,-6454.0,0.0,0.0,SL_HIT,0.0,0.0,0.0,0,0.0,0.0,0.0,0.0,0,0.0,0.0,0,0,0,0,0.0,0,0.0,0.0,0,0.0,0.0,0.0,0.0,0.0,0.0,0.0,0.0,0.0,0,0,0.0,0,0,0.0,0.0,0,0.4,0.247,0.278,0.421,0.569,1.0,0,0.825,2797.0,8068.1
2770,XPDUSDm,SWEEP_REVERSAL,BUY,2022.03.07 13:24:40,2022.03.07 13:25:40,1,3036.85,2956.17,-8068.0,-8068.0,0.0,0.0,SL_HIT,0.0,0.0,0.0,0,0.0,0.0,0.0,0.0,0,0.0,0.0,0,0,0,0,0.0,0,0.0,0.0,0,0.0,0.0,0.0,0.0,0.0,0.0,0.0,0.0,0.0,0,0,0.0,0,0,0.0,0.0,0,0.4,0.247,0.278,0.421,0.569,1.0,0,0.825,7866.0,8068.1
2773,XPDUSDm,PULLBACK,BUY,2022.03.07 14:01:40,2022.03.07 14:04:40,3,3063.31,2987.53,-7578.0,-7578.0,0.0,0.0,SL_HIT,0.0,0.0,0.0,0,0.0,0.0,0.0,0.0,0,0.0,0.0,0,0,0,0,0.0,0,0.0,0.0,0,0.0,0.0,0.0,0.0,0.0,0.0,0.0,0.0,0.0,0,0,0.0,0,0,0.0,0.0,0,0.15,0.3,0.053,0.32,0.526,1.0,0,1.0,5090.0,10285.5
2772,XPDUSDm,BREAKOUT,BUY,2022.03.07 14:00:40,2022.03.07 14:09:40,9,3080.2,2925.92,-15428.0,-15428.0,0.0,0.0,SL_HIT,0.0,0.0,0.0,0,0.0,0.0,0.0,0.0,0,0.0,0.0,0,0,0,0,0.0,0,0.0,0.0,0,0.0,0.0,0.0,0.0,0.0,0.0,0.0,0.0,0.0,0,0,0.0,0,0,0.0,0.0,0,0.15,0.3,0.053,0.255,0.526,1.0,0,1.0,5123.0,10285.5
2776,XPDUSDm,TREND_CONTINUATION,BUY,2022.03.07 14:10:40,2022.03.07 14:15:40,5,3005.82,2882.39,-12343.0,-12343.0,0.0,0.0,SL_HIT,0.0,0.0,0.0,0,0.0,0.0,0.0,0.0,0,0.0,0.0,0,0,0,0,0.0,0,0.0,0.0,0,0.0,0.0,0.0,0.0,0.0,0.0,0.0,0.0,0.0,0,0,0.0,0,0,0.0,0.0,0,0.15,0.3,0.053,0.346,0.526,1.0,0,1.0,9796.0,10285.5
2778,XPDUSDm,MEAN_REVERSION,BUY,2022.03.07 15:06:40,2022.03.07 15:11:40,5,2946.11,2893.74,-5237.0,-5237.0,0.0,0.0,SL_HIT,0.0,0.0,0.0,0,0.0,0.0,0.0,0.0,0,0.0,0.0,0,0,0,0,0.0,0,0.0,0.0,0,0.0,0.0,0.0,0.0,0.0,0.0,0.0,0.0,0.0,0,0,0.0,0,0,0.0,0.0,0,0.25,0.0,0.088,0.257,0.641,0.148,0,0.0,2693.0,11578.2
2780,XPDUSDm,BREAKOUT,SELL,2022.03.07 16:22:40,2022.03.07 18:00:20,97,3004.54,2980.11,2443.0,2443.0,0.0,0.0,TRAIL_STOP,0.0,0.0,0.0,0,0.0,0.0,0.0,0.0,0,0.0,0.0,0,0,0,0,0.0,0,0.0,0.0,0,0.0,0.0,0.0,0.0,0.0,0.0,0.0,0.0,0.0,0,0,0.0,0,0,0.0,0.0,0,0.25,0.174,0.088,0.343,0.739,0.55,1,-0.58,6627.0,13081.4
2781,XPDUSDm,PULLBACK,SELL,2022.03.07 16:22:59,2022.03.07 18:00:20,97,3004.54,2980.11,2443.0,2443.0,0.0,0.0,TRAIL_STOP,0.0,0.0,0.0,0,0.0,0.0,0.0,0.0,0,0.0,0.0,0,0,0,0,0.0,0,0.0,0.0,0,0.0,0.0,0.0,0.0,0.0,0.0,0.0,0.0,0.0,0,0,0.0,0,0,0.0,0.0,0,0.25,0.174,0.088,0.343,0.739,0.55,1,-0.58,6627.0,13081.4
2782,XPDUSDm,TREND_CONTINUATION,SELL,2022.03.07 16:23:40,2022.03.07 18:00:20,96,3011.8,2980.11,3169.0,3169.0,0.0,0.0,TRAIL_STOP,0.0,0.0,0.0,0,0.0,0.0,0.0,0.0,0,0.0,0.0,0,0,0,0,0.0,0,0.0,0.0,0,0.0,0.0,0.0,0.0,0.0,0.0,0.0,0.0,0.0,0,0,0.0,0,0,0.0,0.0,0,0.25,0.174,0.088,0.343,0.739,0.55,1,-0.58,6627.0,13081.4
2783,XPDUSDm,MEAN_REVERSION,SELL,2022.03.07 17:17:40,2022.03.07 18:00:20,42,2981.92,2980.11,181.0,181.0,0.0,0.0,TRAIL_STOP,0.0,0.0,0.0,0,0.0,0.0,0.0,0.0,0,0.0,0.0,0,0,0,0,0.0,0,0.0,0.0,0,0.0,0.0,0.0,0.0,0.0,0.0,0.0,0.0,0.0,0,0,0.0,0,0,0.0,0.0,0,0.25,0.174,0.088,0.343,0.739,0.55,1,-0.58,6627.0,13081.4
2788,XPDUSDm,ANCHORED_PULLBACK,SELL,2022.03.07 18:09:40,2022.03.07 18:34:00,24,2948.92,2997.94,-4902.0,-4902.0,0.0,0.0,SL_HIT,0.0,0.0,0.0,0,0.0,0.0,0.0,0.0,0,0.0,0.0,0,0,0,0,0.0,0,0.0,0.0,0,0.0,0.0,0.0,0.0,0.0,0.0,0.0,0.0,0.0,0,0,0.0,0,0,0.0,0.0,0,0.25,0.174,0.088,0.316,0.739,0.55,1,-0.58,4899.0,13081.4
2806,XPDUSDm,PULLBACK,BUY,2022.03.08 04:02:00,2022.03.08 04:05:40,3,3045.91,3001.47,-4444.0,-4444.0,0.0,0.0,SL_HIT,0.0,0.0,0.0,0,0.0,0.0,0.0,0.0,0,0.0,0.0,0,0,0,0,0.0,0,0.0,0.0,0,0.0,0.0,0.0,0.0,0.0,0.0,0.0,0.0,0.0,0,0,0.0,0,0,0.0,0.0,0,0.0,0.115,0.0,0.059,0.78,0.224,1,0.3846,4262.0,9047.2
2808,XPDUSDm,BREAKOUT,BUY,2022.03.08 04:32:00,2022.03.08 05:05:40,33,3037.99,3008.96,-2903.0,-2903.0,0.0,0.0,SL_HIT,0.0,0.0,0.0,0,0.0,0.0,0.0,0.0,0,0.0,0.0,0,0,0,0,0.0,0,0.0,0.0,0,0.0,0.0,0.0,0.0,0.0,0.0,0.0,0.0,0.0,0,0,0.0,0,0,0.0,0.0,0,0.4,0.143,0.14,0.279,0.764,0.43,0,0.4751,4396.0,6498.3
2809,XPDUSDm,TREND_CONTINUATION,BUY,2022.03.08 04:32:20,2022.03.08 05:05:40,33,3038.03,3008.96,-2907.0,-2907.0,0.0,0.0,SL_HIT,0.0,0.0,0.0,0,0.0,0.0,0.0,0.0,0,0.0,0.0,0,0,0,0,0.0,0,0.0,0.0,0,0.0,0.0,0.0,0.0,0.0,0.0,0.0,0.0,0.0,0,0,0.0,0,0,0.0,0.0,0,0.4,0.143,0.14,0.279,0.764,0.43,0,0.4751,4396.0,6498.3
2810,XPDUSDm,MEAN_REVERSION,SELL,2022.03.08 05:03:00,2022.03.08 05:58:40,55,3010.09,3062.08,-5199.0,-5199.0,0.0,0.0,SL_HIT,0.0,0.0,0.0,0,0.0,0.0,0.0,0.0,0,0.0,0.0,0,0,0,0,0.0,0,0.0,0.0,0,0.0,0.0,0.0,0.0,0.0,0.0,0.0,0.0,0.0,0,0,0.0,0,0,0.0,0.0,0,0.4,0.143,0.14,0.279,0.764,0.43,0,0.4751,3058.0,6498.3
2814,XPDUSDm,BREAKOUT,BUY,2022.03.08 06:32:00,2022.03.08 07:08:40,36,3166.53,3166.53,0.0,0.0,0.0,0.0,TRAIL_STOP,0.0,0.0,0.0,0,0.0,0.0,0.0,0.0,0,0.0,0.0,0,0,0,0,0.0,0,0.0,0.0,0,0.0,0.0,0.0,0.0,0.0,0.0,0.0,0.0,0.0,0,0,0.0,0,0,0.0,0.0,0,0.0,0.237,0.0,0.293,0.463,0.9,0,0.79,5260.0,4987.5
2815,XPDUSDm,TREND_CONTINUATION,BUY,2022.03.08 06:32:20,2022.03.08 07:08:40,36,3166.53,3166.53,0.0,0.0,0.0,0.0,TRAIL_STOP,0.0,0.0,0.0,0,0.0,0.0,0.0,0.0,0,0.0,0.0,0,0,0,0,0.0,0,0.0,0.0,0,0.0,0.0,0.0,0.0,0.0,0.0,0.0,0.0,0.0,0,0,0.0,0,0,0.0,0.0,0,0.0,0.237,0.0,0.293,0.463,0.9,0,0.79,5260.0,4987.5
2816,XPDUSDm,ANCHORED_PULLBACK,BUY,2022.03.08 07:00:00,2022.03.08 07:09:40,9,3215.12,3149.11,-6601.0,-6601.0,0.0,0.0,SL_HIT,0.0,0.0,0.0,0,0.0,0.0,0.0,0.0,0,0.0,0.0,0,0,0,0,0.0,0,0.0,0.0,0,0.0,0.0,0.0,0.0,0.0,0.0,0.0,0.0,0.0,0,0,0.0,0,0,0.0,0.0,0,0.0,0.237,0.0,0.293,0.463,0.9,0,0.79,7862.0,4987.5
2820,XPDUSDm,BREAKOUT_RETEST,BUY,2022.03.08 07:21:40,2022.03.08 07:22:40,1,3109.3,3048.55,-6075.0,-6075.0,0.0,0.0,SL_HIT,0.0,0.0,0.0,0,0.0,0.0,0.0,0.0,0,0.0,0.0,0,0,0,0,0.0,0,0.0,0.0,0,0.0,0.0,0.0,0.0,0.0,0.0,0.0,0.0,0.0,0,0,0.0,0,0,0.0,0.0,0,0.0,0.237,0.0,0.0,0.463,0.9,1,0.79,13730.0,4987.5
2822,XPDUSDm,PULLBACK,BUY,2022.03.08 08:02:00,2022.03.08 08:06:40,4,3126.15,3054.96,-7119.0,-7119.0,0.0,0.0,SL_HIT,0.0,0.0,0.0,0,0.0,0.0,0.0,0.0,0,0.0,0.0,0,0,0,0,0.0,0,0.0,0.0,0,0.0,0.0,0.0,0.0,0.0,0.0,0.0,0.0,0.0,0,0,0.0,0,0,0.0,0.0,3,0.15,0.648,0.053,0.221,0.418,0.65,1,0.825,4420.0,6041.1
2824,XPDUSDm,PULLBACK,BUY,2022.03.08 10:28:40,2022.03.08 10:29:40,1,3082.34,2998.24,-8410.0,-8410.0,0.0,0.0,SL_HIT,0.0,0.0,0.0,0,0.0,0.0,0.0,0.0,0,0.0,0.0,0,0,0,0,0.0,0,0.0,0.0,0,0.0,0.0,0.0,0.0,0.0,0.0,0.0,0.0,0.0,0,0,0.0,0,0,0.0,0.0,0,0.25,0.216,0.088,0.283,0.582,1.0,0,0.72,7933.0,7108.6
2826,XPDUSDm,BREAKOUT,BUY,2022.03.08 10:32:00,2022.03.08 10:33:40,1,3072.62,3001.17,-7145.0,-7145.0,0.0,0.0,SL_HIT,0.0,0.0,0.0,0,0.0,0.0,0.0,0.0,0,0.0,0.0,0,0,0,0,0.0,0,0.0,0.0,0,0.0,0.0,0.0,0.0,0.0,0.0,0.0,0.0,0.0,0,0,0.0,0,0,0.0,0.0,0,0.25,0.216,0.088,0.268,0.582,1.0,1,0.72,6927.0,7108.6
2827,XPDUSDm,TREND_CONTINUATION,BUY,2022.03.08 10:32:20,2022.03.08 10:33:40,1,3073.42,3001.17,-7225.0,-7225.0,0.0,0.0,SL_HIT,0.0,0.0,0.0,0,0.0,0.0,0.0,0.0,0,0.0,0.0,0,0,0,0,0.0,0,0.0,0.0,0,0.0,0.0,0.0,0.0,0.0,0.0,0.0,0.0,0.0,0,0,0.0,0,0,0.0,0.0,0,0.25,0.216,0.088,0.268,0.582,1.0,1,0.72,6927.0,7108.6
2830,XPDUSDm,MEAN_REVERSION,BUY,2022.03.08 12:00:20,2022.03.08 12:19:30,19,3013.72,2972.32,-4140.0,-4140.0,0.0,0.0,SL_HIT,0.0,0.0,0.0,0,0.0,0.0,0.0,0.0,0,0.0,0.0,0,0,0,0,0.0,0,0.0,0.0,0,0.0,0.0,0.0,0.0,0.0,0.0,0.0,0.0,0.0,0,0,0.0,0,0,0.0,0.0,0,0.0,0.29,0.126,0.185,0.546,0.8,1,0.965,5294.0,7867.6
2832,XPDUSDm,BREAKOUT,BUY,2022.03.08 12:37:00,2022.03.08 12:52:40,15,3028.31,2970.36,-5795.0,-5795.0,0.0,0.0,SL_HIT,0.0,0.0,0.0,0,0.0,0.0,0.0,0.0,0,0.0,0.0,0,0,0,0,0.0,0,0.0,0.0,0,0.0,0.0,0.0,0.0,0.0,0.0,0.0,0.0,0.0,0,0,0.0,0,0,0.0,0.0,0,0.0,0.29,0.126,0.032,0.546,0.8,1,0.965,5708.0,7867.6
2833,XPDUSDm,TREND_CONTINUATION,BUY,2022.03.08 12:37:20,2022.03.08 12:52:40,15,3028.31,2970.36,-5795.0,-5795.0,0.0,0.0,SL_HIT,0.0,0.0,0.0,0,0.0,0.0,0.0,0.0,0,0.0,0.0,0,0,0,0,0.0,0,0.0,0.0,0,0.0,0.0,0.0,0.0,0.0,0.0,0.0,0.0,0.0,0,0,0.0,0,0,0.0,0.0,0,0.0,0.29,0.126,0.032,0.546,0.8,1,0.965,5708.0,7867.6
2836,XPDUSDm,SWEEP_REVERSAL,BUY,2022.03.08 17:19:40,2022.03.08 17:48:40,29,2991.38,2883.25,-10813.0,-10813.0,0.0,0.0,SL_HIT,0.0,0.0,0.0,0,0.0,0.0,0.0,0.0,0,0.0,0.0,0,0,0,0,0.0,0,0.0,0.0,0,0.0,0.0,0.0,0.0,0.0,0.0,0.0,0.0,0.0,0,0,0.0,0,0,0.0,0.0,0,0.0,0.226,0.123,0.262,0.728,0.55,0,-0.755,3013.0,10813.4
2838,XPDUSDm,BREAKOUT,BUY,2022.03.08 19:00:00,2022.03.08 19:04:40,4,3235.64,3176.5,-5914.0,-5914.0,0.0,0.0,SL_HIT,0.0,0.0,0.0,0,0.0,0.0,0.0,0.0,0,0.0,0.0,0,0,0,0,0.0,0,0.0,0.0,0,0.0,0.0,0.0,0.0,0.0,0.0,0.0,0.0,0.0,0,0,0.0,0,0,0.0,0.0,0,0.4,0.0,0.257,0.44,0.879,0.085,0,0.0,4569.0,13413.5
2840,XPDUSDm,BREAKOUT,BUY,2022.03.08 23:05:00,2022.03.08 23:05:40,0,3265.25,3150.64,-11461.0,-11461.0,0.0,0.0,SL_HIT,0.0,0.0,0.0,0,0.0,0.0,0.0,0.0,0,0.0,0.0,0,0,0,0,0.0,0,0.0,0.0,0,0.0,0.0,0.0,0.0,0.0,0.0,0.0,0.0,0.0,0,0,0.0,0,0,0.0,0.0,0,0.0,0.216,0.0,0.183,0.604,0.5,1,0.72,11231.0,12529.7
2841,XPDUSDm,TREND_CONTINUATION,BUY,2022.03.08 23:05:30,2022.03.08 23:13:40,8,3267.46,3170.64,-9682.0,-9682.0,0.0,0.0,SL_HIT,0.0,0.0,0.0,0,0.0,0.0,0.0,0.0,0,0.0,0.0,0,0,0,0,0.0,0,0.0,0.0,0,0.0,0.0,0.0,0.0,0.0,0.0,0.0,0.0,0.0,0,0,0.0,0,0,0.0,0.0,0,0.0,0.216,0.0,0.266,0.604,0.5,0,0.72,7947.0,12529.7
2843,XPDUSDm,PULLBACK,BUY,2022.03.08 23:13:20,2022.03.08 23:13:40,0,3254.62,3170.64,-8398.0,-8398.0,0.0,0.0,SL_HIT,0.0,0.0,0.0,0,0.0,0.0,0.0,0.0,0,0.0,0.0,0,0,0,0,0.0,0,0.0,0.0,0,0.0,0.0,0.0,0.0,0.0,0.0,0.0,0.0,0.0,0,0,0.0,0,0,0.0,0.0,0,0.0,0.216,0.0,0.266,0.604,0.5,0,0.72,7947.0,12529.7
2846,XPDUSDm,ANCHORED_PULLBACK,BUY,2022.03.09 00:00:00,2022.03.09 00:02:40,2,3332.55,3262.46,-7009.0,-7009.0,0.0,0.0,SL_HIT,0.0,0.0,0.0,0,0.0,0.0,0.0,0.0,0,0.0,0.0,0,0,0,0,0.0,0,0.0,0.0,0,0.0,0.0,0.0,0.0,0.0,0.0,0.0,0.0,0.0,0,0,0.0,0,0,0.0,0.0,0,0.25,0.174,0.243,0.371,0.709,0.825,0,0.58,6764.0,11632.0
2848,XPDUSDm,TREND_CONTINUATION,BUY,2022.03.09 01:05:30,2022.03.09 01:07:59,2,3312.8,3228.03,-8477.0,-8477.0,0.0,0.0,SL_HIT,0.0,0.0,0.0,0,0.0,0.0,0.0,0.0,0,0.0,0.0,0,0,0,0,0.0,0,0.0,0.0,0,0.0,0.0,0.0,0.0,0.0,0.0,0.0,0.0,0.0,0,0,0.0,0,0,0.0,0.0,0,0.15,0.237,0.163,0.285,0.73,0.9,0,0.79,10175.0,11478.9
2850,XPDUSDm,PULLBACK,BUY,2022.03.09 01:13:20,2022.03.09 01:16:40,3,3331.19,3252.68,-7851.0,-7851.0,0.0,0.0,SL_HIT,0.0,0.0,0.0,0,0.0,0.0,0.0,0.0,0,0.0,0.0,0,0,0,0,0.0,0,0.0,0.0,0,0.0,0.0,0.0,0.0,0.0,0.0,0.0,0.0,0.0,0,0,0.0,0,0,0.0,0.0,0,0.15,0.237,0.163,0.337,0.73,0.9,0,0.79,8625.0,11478.9
2852,XPDUSDm,BREAKOUT,BUY,2022.03.09 03:05:40,2022.03.09 03:09:40,4,3303.25,3253.86,-4939.0,-4939.0,0.0,0.0,SL_HIT,0.0,0.0,0.0,0,0.0,0.0,0.0,0.0,0,0.0,0.0,0,0,0,0,0.0,0,0.0,0.0,0,0.0,0.0,0.0,0.0,0.0,0.0,0.0,0.0,0.0,0,0,0.0,0,0,0.0,0.0,0,0.15,0.258,0.053,0.259,0.725,0.7,1,0.86,4380.0,10700.7
2853,XPDUSDm,TREND_CONTINUATION,BUY,2022.03.09 03:05:59,2022.03.09 03:09:40,3,3303.25,3253.86,-4939.0,-4939.0,0.0,0.0,SL_HIT,0.0,0.0,0.0,0,0.0,0.0,0.0,0.0,0,0.0,0.0,0,0,0,0,0.0,0,0.0,0.0,0,0.0,0.0,0.0,0.0,0.0,0.0,0.0,0.0,0.0,0,0,0.0,0,0,0.0,0.0,0,0.15,0.258,0.053,0.259,0.725,0.7,1,0.86,4380.0,10700.7
2856,XPDUSDm,PULLBACK,BUY,2022.03.09 03:13:20,2022.03.09 03:13:59,0,3307.55,3266.61,-4094.0,-4094.0,0.0,0.0,SL_HIT,0.0,0.0,0.0,0,0.0,0.0,0.0,0.0,0,0.0,0.0,0,0,0,0,0.0,0,0.0,0.0,0,0.0,0.0,0.0,0.0,0.0,0.0,0.0,0.0,0.0,0,0,0.0,0,0,0.0,0.0,0,0.15,0.258,0.053,0.336,0.725,0.7,0,0.86,4720.0,10700.7
2858,XPDUSDm,MEAN_REVERSION,BUY,2022.03.09 04:41:40,2022.03.09 04:42:40,1,3233.85,3165.19,-6866.0,-6866.0,0.0,0.0,SL_HIT,0.0,0.0,0.0,0,0.0,0.0,0.0,0.0,0,0.0,0.0,0,0,0,0,0.0,0,0.0,0.0,0,0.0,0.0,0.0,0.0,0.0,0.0,0.0,0.0,0.0,0,0,0.0,0,0,0.0,0.0,0,0.4,0.216,0.324,0.448,0.797,1.0,0,0.72,7070.0,10690.9
2860,XPDUSDm,TREND_CONTINUATION,BUY,2022.03.09 06:54:00,2022.03.09 06:58:40,4,3284.95,3222.73,-6222.0,-6222.0,0.0,0.0,SL_HIT,0.0,0.0,0.0,0,0.0,0.0,0.0,0.0,0,0.0,0.0,0,0,0,0,0.0,0,0.0,0.0,0,0.0,0.0,0.0,0.0,0.0,0.0,0.0,0.0,0.0,0,0,0.0,0,0,0.0,0.0,0,0.4,0.237,0.14,0.416,0.72,1.0,1,0.79,6404.0,9473.8
2862,XPDUSDm,BREAKOUT,BUY,2022.03.09 07:05:40,2022.03.09 07:13:40,8,3285.2,3214.53,-7067.0,-7067.0,0.0,0.0,SL_HIT,0.0,0.0,0.0,0,0.0,0.0,0.0,0.0,0,0.0,0.0,0,0,0,0,0.0,0,0.0,0.0,0,0.0,0.0,0.0,0.0,0.0,0.0,0.0,0.0,0.0,0,0,0.0,0,0,0.0,0.0,0,0.4,0.247,0.198,0.253,0.63,0.8,1,0.825,4945.0,8971.4
2864,XPDUSDm,SWEEP_REVERSAL,BUY,2022.03.09 07:50:40,2022.03.09 07:51:40,1,3155.27,3065.56,-8971.0,-8971.0,0.0,0.0,SL_HIT,0.0,0.0,0.0,0,0.0,0.0,0.0,0.0,0,0.0,0.0,0,0,0,0,0.0,0,0.0,0.0,0,0.0,0.0,0.0,0.0,0.0,0.0,0.0,0.0,0.0,0,0,0.0,0,0,0.0,0.0,0,0.4,0.247,0.198,0.437,0.63,0.8,0,0.825,9835.0,8971.4
2866,XPDUSDm,TREND_CONTINUATION,BUY,2022.03.09 08:54:00,2022.03.09 08:55:40,1,3141.34,3041.58,-9976.0,-9976.0,0.0,0.0,SL_HIT,0.0,0.0,0.0,0,0.0,0.0,0.0,0.0,0,0.0,0.0,0,0,0,0,0.0,0,0.0,0.0,0,0.0,0.0,0.0,0.0,0.0,0.0,0.0,0.0,0.0,0,0,0.0,0,0,0.0,0.0,0,0.15,0.243,0.202,0.357,0.686,0.915,0,0.81,9749.0,10110.3
2868,XPDUSDm,MEAN_REVERSION,BUY,2022.03.09 14:42:20,2022.03.09 15:01:40,19,3001.08,2964.49,-3659.0,-3659.0,0.0,0.0,SL_HIT,0.0,0.0,0.0,0,0.0,0.0,0.0,0.0,0,0.0,0.0,0,0,0,0,0.0,0,0.0,0.0,0,0.0,0.0,0.0,0.0,0.0,0.0,0.0,0.0,0.0,0,0,0.0,0,0,0.0,0.0,0,0.0,0.269,0.099,0.182,0.492,1.0,1,-0.895,5362.0,9374.3
2869,XPDUSDm,SWEEP_REVERSAL,BUY,2022.03.09 14:44:20,2022.03.09 15:01:40,17,3001.87,2964.49,-3738.0,-3738.0,0.0,0.0,SL_HIT,0.0,0.0,0.0,0,0.0,0.0,0.0,0.0,0,0.0,0.0,0,0,0,0,0.0,0,0.0,0.0,0,0.0,0.0,0.0,0.0,0.0,0.0,0.0,0.0,0.0,0,0,0.0,0,0,0.0,0.0,0,0.0,0.269,0.099,0.182,0.492,1.0,1,-0.895,5362.0,9374.3
2872,XPDUSDm,MEAN_REVERSION,BUY,2022.03.09 18:42:20,2022.03.09 18:42:40,0,2962.74,2905.21,-5753.0,-5753.0,0.0,0.0,SL_HIT,0.0,0.0,0.0,0,0.0,0.0,0.0,0.0,0,0.0,0.0,0,0,0,0,0.0,0,0.0,0.0,0,0.0,0.0,0.0,0.0,0.0,0.0,0.0,0.0,0.0,0,0,0.0,0,0,0.0,0.0,0,0.25,0.0,0.088,0.251,0.811,0.076,0,0.0,5382.0,10306.2
2874,XPDUSDm,NAKED_POC,BUY,2022.03.10 00:00:00,2022.03.10 00:17:40,17,2987.0,2933.79,-5321.0,-5321.0,0.0,0.0,SL_HIT,0.0,0.0,0.0,0,0.0,0.0,0.0,0.0,0,0.0,0.0,0,0,0,0,0.0,0,0.0,0.0,0,0.0,0.0,0.0,0.0,0.0,0.0,0.0,0.0,0.0,0,0,0.0,0,0,0.0,0.0,0,0.0,0.247,0.155,0.117,0.69,0.65,1,-0.825,4871.0,9409.1
2876,XPDUSDm,MEAN_REVERSION,BUY,2022.03.10 01:21:40,2022.03.10 01:36:00,14,2941.56,2878.27,-6329.0,-6329.0,0.0,0.0,SL_HIT,0.0,0.0,0.0,0,0.0,0.0,0.0,0.0,0,0.0,0.0,0,0,0,0,0.0,0,0.0,0.0,0,0.0,0.0,0.0,0.0,0.0,0.0,0.0,0.0,0.0,0,0,0.0,0,0,0.0,0.0,0,0.15,0.258,0.166,0.319,0.675,0.7,0,-0.86,5972.0,8868.8
2878,XPDUSDm,NAKED_POC,BUY,2022.03.10 02:00:00,2022.03.10 02:11:40,11,2939.88,2886.96,-5292.0,-5292.0,0.0,0.0,SL_HIT,0.0,0.0,0.0,0,0.0,0.0,0.0,0.0,0,0.0,0.0,0,0,0,0,0.0,0,0.0,0.0,0,0.0,0.0,0.0,0.0,0.0,0.0,0.0,0.0,0.0,0,0,0.0,0,0,0.0,0.0,0,0.15,0.269,0.174,0.264,0.589,1.0,0,-0.895,4442.0,8588.3
2880,XPDUSDm,NAKED_POC,BUY,2022.03.10 04:09:00,2022.03.10 04:10:40,1,2980.18,2904.89,-7529.0,-7529.0,0.0,0.0,SL_HIT,0.0,0.0,0.0,0,0.0,0.0,0.0,0.0,0,0.0,0.0,0,0,0,0,0.0,0,0.0,0.0,0,0.0,0.0,0.0,0.0,0.0,0.0,0.0,0.0,0.0,0,0,0.0,0,0,0.0,0.0,0,0.15,0.29,0.053,0.152,0.717,0.8,1,-0.965,7691.0,8198.8
2882,XPDUSDm,NAKED_POC,BUY,2022.03.10 06:09:00,2022.03.10 06:31:40,22,2953.03,2911.31,-4172.0,-4172.0,0.0,0.0,SL_HIT,0.0,0.0,0.0,0,0.0,0.0,0.0,0.0,0,0.0,0.0,0,0,0,0,0.0,0,0.0,0.0,0,0.0,0.0,0.0,0.0,0.0,0.0,0.0,0.0,0.0,0,0,0.0,0,0,0.0,0.0,0,0.4,0.213,0.243,0.27,0.678,1.0,1,-0.709,4066.0,6856.5
2884,XPDUSDm,NAKED_POC,BUY,2022.03.10 08:09:00,2022.03.10 08:13:40,4,2910.81,2894.79,-1602.0,-1602.0,0.0,0.0,SL_HIT,0.0,0.0,0.0,0,0.0,0.0,0.0,0.0,0,0.0,0.0,0,0,0,0,0.0,0,0.0,0.0,0,0.0,0.0,0.0,0.0,0.0,0.0,0.0,0.0,0.0,0,0,0.0,0,0,0.0,0.0,0,0.15,0.3,0.179,0.303,0.668,0.8,0,-1.0,3851.0,6665.7
2886,XPDUSDm,NAKED_POC,BUY,2022.03.10 10:09:00,2022.03.10 10:09:40,0,2968.7,2922.63,-4607.0,-4607.0,0.0,0.0,SL_HIT,0.0,0.0,0.0,0,0.0,0.0,0.0,0.0,0,0.0,0.0,0,0,0,0,0.0,0,0.0,0.0,0,0.0,0.0,0.0,0.0,0.0,0.0,0.0,0.0,0.0,0,0,0.0,0,0,0.0,0.0,0,0.4,0.227,0.283,0.319,0.627,1.0,1,-0.7551,4417.0,5437.1
2888,XPDUSDm,NAKED_POC,BUY,2022.03.10 12:12:40,2022.03.10 12:14:40,2,2967.82,2932.55,-3527.0,-3527.0,0.0,0.0,SL_HIT,0.0,0.0,0.0,0,0.0,0.0,0.0,0.0,0,0.0,0.0,0,0,0,0,0.0,0,0.0,0.0,0,0.0,0.0,0.0,0.0,0.0,0.0,0.0,0.0,0.0,0,0,0.0,0,0,0.0,0.0,0,0.15,0.206,0.196,0.244,0.798,0.675,0,0.685,3320.0,4695.1
2890,XPDUSDm,BREAKOUT,BUY,2022.03.10 12:39:40,2022.03.10 12:40:59,1,2991.35,2956.18,-3517.0,-3517.0,0.0,0.0,SL_HIT,0.0,0.0,0.0,0,0.0,0.0,0.0,0.0,0,0.0,0.0,0,0,0,0,0.0,0,0.0,0.0,0,0.0,0.0,0.0,0.0,0.0,0.0,0.0,0.0,0.0,0,0,0.0,0,0,0.0,0.0,0,0.15,0.206,0.196,0.244,0.798,0.675,0,0.685,3818.0,4695.1
2891,XPDUSDm,TREND_CONTINUATION,BUY,2022.03.10 12:39:59,2022.03.10 12:40:59,1,2991.35,2956.18,-3517.0,-3517.0,0.0,0.0,SL_HIT,0.0,0.0,0.0,0,0.0,0.0,0.0,0.0,0,0.0,0.0,0,0,0,0,0.0,0,0.0,0.0,0,0.0,0.0,0.0,0.0,0.0,0.0,0.0,0.0,0.0,0,0,0.0,0,0,0.0,0.0,0,0.15,0.206,0.196,0.244,0.798,0.675,0,0.685,3818.0,4695.1
2894,XPDUSDm,PULLBACK,BUY,2022.03.10 14:04:59,2022.03.10 14:17:59,13,2966.26,2936.98,-2928.0,-2928.0,0.0,0.0,SL_HIT,0.0,0.0,0.0,0,0.0,0.0,0.0,0.0,0,0.0,0.0,0,0,0,0,0.0,0,0.0,0.0,0,0.0,0.0,0.0,0.0,0.0,0.0,0.0,0.0,0.0,0,0,0.0,0,0,0.0,0.0,0,0.0,0.226,0.15,0.009,0.682,0.55,1,0.755,4330.0,4870.1
2896,XPDUSDm,TREND_CONTINUATION,BUY,2022.03.10 14:39:59,2022.03.10 14:43:40,3,2990.25,2950.81,-3944.0,-3944.0,0.0,0.0,SL_HIT,0.0,0.0,0.0,0,0.0,0.0,0.0,0.0,0,0.0,0.0,0,0,0,0,0.0,0,0.0,0.0,0,0.0,0.0,0.0,0.0,0.0,0.0,0.0,0.0,0.0,0,0,0.0,0,0,0.0,0.0,0,0.0,0.226,0.15,0.243,0.682,0.55,0,0.755,2191.0,4870.1
2898,XPDUSDm,ANCHORED_PULLBACK,BUY,2022.03.10 14:58:59,2022.03.10 15:03:20,4,2969.43,2937.71,-3172.0,-3172.0,0.0,0.0,SL_HIT,0.0,0.0,0.0,0,0.0,0.0,0.0,0.0,0,0.0,0.0,0,0,0,0,0.0,0,0.0,0.0,0,0.0,0.0,0.0,0.0,0.0,0.0,0.0,0.0,0.0,0,0,0.0,0,0,0.0,0.0,0,0.25,0.185,0.238,0.197,0.813,0.9,1,0.615,2787.0,5055.9
2900,XPDUSDm,PULLBACK,BUY,2022.03.10 16:06:40,2022.03.10 16:13:40,7,2915.01,2838.65,-7636.0,-7636.0,0.0,0.0,SL_HIT,0.0,0.0,0.0,0,0.0,0.0,0.0,0.0,0,0.0,0.0,0,0,0,0,0.0,0,0.0,0.0,0,0.0,0.0,0.0,0.0,0.0,0.0,0.0,0.0,0.0,0,0,0.0,0,0,0.0,0.0,0,0.15,0.247,0.053,0.332,0.633,0.975,0,0.825,6715.0,5090.9
2902,XPDUSDm,SWEEP_REVERSAL,BUY,2022.03.10 16:34:40,2022.03.10 16:48:40,14,2937.7,2903.79,-3391.0,-3391.0,0.0,0.0,SL_HIT,0.0,0.0,0.0,0,0.0,0.0,0.0,0.0,0,0.0,0.0,0,0,0,0,0.0,0,0.0,0.0,0,0.0,0.0,0.0,0.0,0.0,0.0,0.0,0.0,0.0,0,0,0.0,0,0,0.0,0.0,0,0.15,0.247,0.053,0.213,0.633,0.975,0,0.825,3779.0,5090.9
2904,XPDUSDm,BREAKOUT,BUY,2022.03.10 17:03:40,2022.03.10 17:09:40,6,2942.93,2917.54,-2539.0,-2539.0,0.0,0.0,SL_HIT,0.0,0.0,0.0,0,0.0,0.0,0.0,0.0,0,0.0,0.0,0,0,0,0,0.0,0,0.0,0.0,0,0.0,0.0,0.0,0.0,0.0,0.0,0.0,0.0,0.0,0,0,0.0,0,0,0.0,0.0,0,0.25,0.206,0.088,0.231,0.64,0.7,1,0.685,3754.0,5447.4
2905,XPDUSDm,TREND_CONTINUATION,BUY,2022.03.10 17:04:00,2022.03.10 17:09:40,5,2947.6,2917.54,-3006.0,-3006.0,0.0,0.0,SL_HIT,0.0,0.0,0.0,0,0.0,0.0,0.0,0.0,0,0.0,0.0,0,0,0,0,0.0,0,0.0,0.0,0,0.0,0.0,0.0,0.0,0.0,0.0,0.0,0.0,0.0,0,0,0.0,0,0,0.0,0.0,0,0.25,0.206,0.088,0.231,0.64,0.7,1,0.685,3754.0,5447.4
2908,XPDUSDm,PULLBACK,BUY,2022.03.10 18:17:40,2022.03.10 18:24:40,7,2946.32,2928.0,-1832.0,-1832.0,0.0,0.0,SL_HIT,0.0,0.0,0.0,0,0.0,0.0,0.0,0.0,0,0.0,0.0,0,0,0,0,0.0,0,0.0,0.0,0,0.0,0.0,0.0,0.0,0.0,0.0,0.0,0.0,0.0,0,0,0.0,0,0,0.0,0.0,0,0.4,0.153,0.14,0.236,0.668,0.539,1,0.5085,2829.0,5299.6
2910,XPDUSDm,BREAKOUT,BUY,2022.03.10 20:00:00,2022.03.10 20:00:40,0,2965.14,2938.61,-2653.0,-2653.0,0.0,0.0,SL_HIT,0.0,0.0,0.0,0,0.0,0.0,0.0,0.0,0,0.0,0.0,0,0,0,0,0.0,0,0.0,0.0,0,0.0,0.0,0.0,0.0,0.0,0.0,0.0,0.0,0.0,0,0,0.0,0,0,0.0,0.0,0,0.25,0.0,0.088,0.208,0.867,0.182,0,0.0,2475.0,4950.0
2912,XPDUSDm,NAKED_POC,BUY,2022.03.11 00:03:59,2022.03.11 00:13:40,9,2937.65,2887.03,-5062.0,-5062.0,0.0,0.0,SL_HIT,0.0,0.0,0.0,0,0.0,0.0,0.0,0.0,0,0.0,0.0,0,0,0,0,0.0,0,0.0,0.0,0,0.0,0.0,0.0,0.0,0.0,0.0,0.0,0.0,0.0,0,0,0.0,0,0,0.0,0.0,0,0.4,0.077,0.14,0.374,0.658,0.319,0,0.2577,3688.0,4568.8
2914,XPDUSDm,NAKED_POC,BUY,2022.03.11 02:03:59,2022.03.11 02:08:40,4,2936.08,2888.62,-4746.0,-4746.0,0.0,0.0,SL_HIT,0.0,0.0,0.0,0,0.0,0.0,0.0,0.0,0,0.0,0.0,0,0,0,0,0.0,0,0.0,0.0,0,0.0,0.0,0.0,0.0,0.0,0.0,0.0,0.0,0.0,0,0,0.0,0,0,0.0,0.0,0,0.15,0.155,0.053,0.282,0.736,0.47,1,-0.5152,4243.0,4255.6
2916,XPDUSDm,NAKED_POC,BUY,2022.03.11 04:11:40,2022.03.11 04:12:00,0,2970.56,2922.21,-4835.0,-4835.0,0.0,0.0,SL_HIT,0.0,0.0,0.0,0,0.0,0.0,0.0,0.0,0,0.0,0.0,0,0,0,0,0.0,0,0.0,0.0,0,0.0,0.0,0.0,0.0,0.0,0.0,0.0,0.0,0.0,0,0,0.0,0,0,0.0,0.0,0,0.15,0.237,0.053,0.307,0.775,0.9,0,-0.79,4976.0,4026.6
2918,XPDUSDm,TREND_CONTINUATION,SELL,2022.03.11 14:00:00,2022.03.11 14:11:40,11,2747.93,2801.19,-5326.0,-5326.0,0.0,0.0,SL_HIT,0.0,0.0,0.0,0,0.0,0.0,0.0,0.0,0,0.0,0.0,0,0,0,0,0.0,0,0.0,0.0,0,0.0,0.0,0.0,0.0,0.0,0.0,0.0,0.0,0.0,0,0,0.0,0,0,0.0,0.0,0,0.25,0.164,0.088,0.191,0.565,0.5,1,-0.545,4881.0,4438.4
2922,XPDUSDm,TREND_CONTINUATION,SELL,2022.03.11 16:00:00,2022.03.11 16:10:40,10,2741.94,2799.48,-5754.0,-5754.0,0.0,0.0,SL_HIT,0.0,0.0,0.0,0,0.0,0.0,0.0,0.0,0,0.0,0.0,0,0,0,0,0.0,0,0.0,0.0,0,0.0,0.0,0.0,0.0,0.0,0.0,0.0,0.0,0.0,0,0,0.0,0,0,0.0,0.0,0,0.0,0.185,0.15,0.084,0.724,0.6,1,-0.615,5048.0,4795.0
2919,XPDUSDm,BREAKOUT,SELL,2022.03.11 14:00:20,2022.03.11 16:43:00,162,2747.88,2814.46,-6658.0,-6658.0,0.0,0.0,SL_HIT,0.0,0.0,0.0,0,0.0,0.0,0.0,0.0,0,0.0,0.0,0,0,0,0,0.0,0,0.0,0.0,0,0.0,0.0,0.0,0.0,0.0,0.0,0.0,0.0,0.0,0,0,0.0,0,0,0.0,0.0,0,0.0,0.185,0.15,0.152,0.724,0.6,1,-0.615,5618.0,4795.0
2920,XPDUSDm,PULLBACK,SELL,2022.03.11 14:00:59,2022.03.11 16:43:00,162,2748.65,2815.23,-6658.0,-6658.0,0.0,0.0,SL_HIT,0.0,0.0,0.0,0,0.0,0.0,0.0,0.0,0,0.0,0.0,0,0,0,0,0.0,0,0.0,0.0,0,0.0,0.0,0.0,0.0,0.0,0.0,0.0,0.0,0.0,0,0,0.0,0,0,0.0,0.0,0,0.0,0.185,0.15,0.152,0.724,0.6,1,-0.615,5618.0,4795.0
2923,XPDUSDm,BREAKOUT,SELL,2022.03.11 16:00:20,2022.03.11 16:43:00,42,2741.94,2813.87,-7193.0,-7193.0,0.0,0.0,SL_HIT,0.0,0.0,0.0,0,0.0,0.0,0.0,0.0,0,0.0,0.0,0,0,0,0,0.0,0,0.0,0.0,0,0.0,0.0,0.0,0.0,0.0,0.0,0.0,0.0,0.0,0,0,0.0,0,0,0.0,0.0,0,0.0,0.185,0.15,0.152,0.724,0.6,1,-0.615,5618.0,4795.0
2924,XPDUSDm,PULLBACK,SELL,2022.03.11 16:00:59,2022.03.11 16:43:00,42,2744.61,2816.54,-7193.0,-7193.0,0.0,0.0,SL_HIT,0.0,0.0,0.0,0,0.0,0.0,0.0,0.0,0,0.0,0.0,0,0,0,0,0.0,0,0.0,0.0,0,0.0,0.0,0.0,0.0,0.0,0.0,0.0,0.0,0.0,0,0,0.0,0,0,0.0,0.0,0,0.0,0.185,0.15,0.152,0.724,0.6,1,-0.615,5618.0,4795.0
2933,XPDUSDm,TREND_CONTINUATION,SELL,2022.03.11 19:34:00,2022.03.11 20:07:40,33,2770.8,2832.99,-6219.0,-6219.0,0.0,0.0,SL_HIT,0.0,0.0,0.0,0,0.0,0.0,0.0,0.0,0,0.0,0.0,0,0,0,0,0.0,0,0.0,0.0,0,0.0,0.0,0.0,0.0,0.0,0.0,0.0,0.0,0.0,0,0,0.0,0,0,0.0,0.0,0,0.15,0.279,0.053,0.304,0.712,0.8,0,-0.93,7632.0,5125.1
2930,XPDUSDm,SWEEP_REVERSAL,SELL,2022.03.11 17:31:20,2022.03.11 20:08:40,157,2784.63,2834.2,-4957.0,-4957.0,0.0,0.0,SL_HIT,0.0,0.0,0.0,0,0.0,0.0,0.0,0.0,0,0.0,0.0,0,0,0,0,0.0,0,0.0,0.0,0,0.0,0.0,0.0,0.0,0.0,0.0,0.0,0.0,0.0,0,0,0.0,0,0,0.0,0.0,0,0.15,0.279,0.053,0.304,0.712,0.8,0,-0.93,7594.0,5125.1
2931,XPDUSDm,BREAKOUT,SELL,2022.03.11 19:33:40,2022.03.13 23:07:40,3094,2770.71,2848.44,-7773.0,-7773.0,0.0,0.0,SL_HIT,0.0,0.0,0.0,0,0.0,0.0,0.0,0.0,0,0.0,0.0,0,0,0,0,0.0,0,0.0,0.0,0,0.0,0.0,0.0,0.0,0.0,0.0,0.0,0.0,0.0,0,0,0.0,0,0,0.0,0.0,0,0.15,0.138,0.053,0.351,0.802,0.338,0,-0.46,12513.0,5198.9
2932,XPDUSDm,PULLBACK,SELL,2022.03.11 19:33:59,2022.03.13 23:07:40,3093,2770.71,2848.44,-7773.0,-7773.0,0.0,0.0,SL_HIT,0.0,0.0,0.0,0,0.0,0.0,0.0,0.0,0,0.0,0.0,0,0,0,0,0.0,0,0.0,0.0,0,0.0,0.0,0.0,0.0,0.0,0.0,0.0,0.0,0.0,0,0,0.0,0,0,0.0,0.0,0,0.15,0.138,0.053,0.351,0.802,0.338,0,-0.46,12513.0,5198.9
2941,XPDUSDm,SWEEP_REVERSAL,SELL,2022.03.14 05:00:40,2022.03.14 05:04:00,3,2697.92,2732.08,-3416.0,-3416.0,0.0,0.0,SL_HIT,0.0,0.0,0.0,0,0.0,0.0,0.0,0.0,0,0.0,0.0,0,0,0,0,0.0,0,0.0,0.0,0,0.0,0.0,0.0,0.0,0.0,0.0,0.0,0.0,0.0,0,0,0.0,0,0,0.0,0.0,0,0.0,0.269,0.0,0.088,0.553,0.75,0,-0.895,3224.0,3415.7
2943,XPDUSDm,BREAKOUT,SELL,2022.03.14 05:26:20,2022.03.14 05:29:00,2,2687.07,2738.31,-5124.0,-5124.0,0.0,0.0,SL_HIT,0.0,0.0,0.0,0,0.0,0.0,0.0,0.0,0,0.0,0.0,0,0,0,0,0.0,0,0.0,0.0,0,0.0,0.0,0.0,0.0,0.0,0.0,0.0,0.0,0.0,0,0,0.0,0,0,0.0,0.0,0,0.0,0.269,0.0,0.245,0.553,0.75,1,-0.895,5285.0,3415.7
2944,XPDUSDm,PULLBACK,SELL,2022.03.14 05:26:30,2022.03.14 05:29:00,2,2687.07,2738.31,-5124.0,-5124.0,0.0,0.0,SL_HIT,0.0,0.0,0.0,0,0.0,0.0,0.0,0.0,0,0.0,0.0,0,0,0,0,0.0,0,0.0,0.0,0,0.0,0.0,0.0,0.0,0.0,0.0,0.0,0.0,0.0,0,0,0.0,0,0,0.0,0.0,0,0.0,0.269,0.0,0.245,0.553,0.75,1,-0.895,5285.0,3415.7
2947,XPDUSDm,TREND_CONTINUATION,SELL,2022.03.14 07:27:40,2022.03.14 07:28:40,1,2672.77,2709.15,-3638.0,-3638.0,0.0,0.0,SL_HIT,0.0,0.0,0.0,0,0.0,0.0,0.0,0.0,0,0.0,0.0,0,0,0,0,0.0,0,0.0,0.0,0,0.0,0.0,0.0,0.0,0.0,0.0,0.0,0.0,0.0,0,0,0.0,0,0,0.0,0.0,0,0.15,0.29,0.053,0.313,0.59,1.0,0,-0.965,3631.0,3031.4
2939,XPDUSDm,BREAKOUT,SELL,2022.03.14 03:00:00,2022.03.14 08:08:40,308,2695.88,2635.7,6018.0,6018.0,0.0,0.0,TP_HIT,0.0,0.0,0.0,0,0.0,0.0,0.0,0.0,0,0.0,0.0,0,0,0,0,0.0,0,0.0,0.0,0,0.0,0.0,0.0,0.0,0.0,0.0,0.0,0.0,0.0,0,0,0.0,0,0,0.0,0.0,0,0.15,0.236,0.188,0.352,0.629,0.88,0,-0.7868,8414.0,3034.5
2940,XPDUSDm,PULLBACK,SELL,2022.03.14 03:00:30,2022.03.14 08:08:40,308,2695.97,2635.7,6027.0,6027.0,0.0,0.0,TP_HIT,0.0,0.0,0.0,0,0.0,0.0,0.0,0.0,0,0.0,0.0,0,0,0,0,0.0,0,0.0,0.0,0,0.0,0.0,0.0,0.0,0.0,0.0,0.0,0.0,0.0,0,0,0.0,0,0,0.0,0.0,0,0.15,0.236,0.188,0.352,0.629,0.88,0,-0.7868,8414.0,3034.5
2938,XPDUSDm,TREND_CONTINUATION,SELL,2022.03.14 02:26:40,2022.03.14 09:14:00,407,2692.26,2626.94,6532.0,6532.0,0.0,0.0,TP_HIT,0.0,0.0,0.0,0,0.0,0.0,0.0,0.0,0,0.0,0.0,0,0,0,0,0.0,0,0.0,0.0,0,0.0,0.0,0.0,0.0,0.0,0.0,0.0,0.0,0.0,0,0,0.0,0,0,0.0,0.0,0,0.15,0.28,0.053,0.338,0.639,1.0,0,-0.9332,5666.0,3584.6
2953,XPDUSDm,TREND_CONTINUATION,SELL,2022.03.14 09:27:40,2022.03.14 12:01:00,153,2571.15,2614.16,-4301.0,-4301.0,0.0,0.0,SL_HIT,0.0,0.0,0.0,0,0.0,0.0,0.0,0.0,0,0.0,0.0,0,0,0,0,0.0,0,0.0,0.0,0,0.0,0.0,0.0,0.0,0.0,0.0,0.0,0.0,0.0,0,0,0.0,0,0,0.0,0.0,0,0.25,0.247,0.219,0.28,0.57,0.8,1,-0.825,5289.0,4640.4
2955,XPDUSDm,TREND_CONTINUATION,SELL,2022.03.14 12:00:00,2022.03.14 12:01:00,1,2560.66,2616.34,-5568.0,-5568.0,0.0,0.0,SL_HIT,0.0,0.0,0.0,0,0.0,0.0,0.0,0.0,0,0.0,0.0,0,0,0,0,0.0,0,0.0,0.0,0,0.0,0.0,0.0,0.0,0.0,0.0,0.0,0.0,0.0,0,0,0.0,0,0,0.0,0.0,0,0.25,0.247,0.219,0.28,0.57,0.8,1,-0.825,5289.0,4640.4
2952,XPDUSDm,BREAKOUT,SELL,2022.03.14 09:26:20,2022.03.14 13:35:40,249,2578.3,2488.69,8961.0,8961.0,0.0,0.0,TP_HIT,0.0,0.0,0.0,0,0.0,0.0,0.0,0.0,0,0.0,0.0,0,0,0,0,0.0,0,0.0,0.0,0,0.0,0.0,0.0,0.0,0.0,0.0,0.0,0.0,0.0,0,0,0.0,0,0,0.0,0.0,0,0.25,0.247,0.321,0.375,0.548,0.8,0,-0.825,6521.0,4572.1
2958,XPDUSDm,BREAKOUT,SELL,2022.03.14 12:18:40,2022.03.14 13:36:40,78,2564.43,2448.42,11601.0,11601.0,0.0,0.0,TP_HIT,0.0,0.0,0.0,0,0.0,0.0,0.0,0.0,0,0.0,0.0,0,0,0,0,0.0,0,0.0,0.0,0,0.0,0.0,0.0,0.0,0.0,0.0,0.0,0.0,0.0,0,0,0.0,0,0,0.0,0.0,0,0.25,0.247,0.321,0.375,0.548,0.8,0,-0.825,10773.0,4572.1
2954,XPDUSDm,BREAKOUT_RETEST,SELL,2022.03.14 11:49:40,2022.03.14 13:38:00,108,2550.2,2426.89,12331.0,12331.0,0.0,0.0,TP_HIT,0.0,0.0,0.0,0,0.0,0.0,0.0,0.0,0,0.0,0.0,0,0,0,0,0.0,0,0.0,0.0,0,0.0,0.0,0.0,0.0,0.0,0.0,0.0,0.0,0.0,0,0,0.0,0,0,0.0,0.0,0,0.25,0.247,0.321,0.375,0.548,0.8,0,-0.825,8238.0,4572.1
2959,XPDUSDm,PULLBACK,SELL,2022.03.14 12:18:59,2022.03.14 13:38:00,79,2564.66,2425.45,13921.0,13921.0,0.0,0.0,TP_HIT,0.0,0.0,0.0,0,0.0,0.0,0.0,0.0,0,0.0,0.0,0,0,0,0,0.0,0,0.0,0.0,0,0.0,0.0,0.0,0.0,0.0,0.0,0.0,0.0,0.0,0,0,0.0,0,0,0.0,0.0,0,0.25,0.247,0.321,0.375,0.548,0.8,0,-0.825,8238.0,4572.1
2967,XPDUSDm,BREAKOUT,SELL,2022.03.14 18:30:40,2022.03.14 18:31:00,0,2376.77,2415.15,-3838.0,-3838.0,0.0,0.0,SL_HIT,0.0,0.0,0.0,0,0.0,0.0,0.0,0.0,0,0.0,0.0,0,0,0,0,0.0,0,0.0,0.0,0,0.0,0.0,0.0,0.0,0.0,0.0,0.0,0.0,0.0,0,0,0.0,0,0,0.0,0.0,0,0.25,0.247,0.208,0.246,0.558,0.8,1,-0.825,4444.0,6943.5
2969,XPDUSDm,PULLBACK,SELL,2022.03.14 18:45:40,2022.03.14 18:50:00,4,2374.33,2415.15,-4082.0,-4082.0,0.0,0.0,SL_HIT,0.0,0.0,0.0,0,0.0,0.0,0.0,0.0,0,0.0,0.0,0,0,0,0,0.0,0,0.0,0.0,0,0.0,0.0,0.0,0.0,0.0,0.0,0.0,0.0,0.0,0,0,0.0,0,0,0.0,0.0,0,0.25,0.247,0.208,0.246,0.558,0.8,1,-0.825,4254.0,6943.5
2972,XPDUSDm,BREAKOUT,SELL,2022.03.14 20:30:40,2022.03.14 22:05:00,94,2349.76,2459.04,-10928.0,-10928.0,0.0,0.0,SL_HIT,0.0,0.0,0.0,0,0.0,0.0,0.0,0.0,0,0.0,0.0,0,0,0,0,0.0,0,0.0,0.0,0,0.0,0.0,0.0,0.0,0.0,0.0,0.0,0.0,0.0,0,0,0.0,0,0,0.0,0.0,2,0.55,0.947,0.313,0.224,0.266,1.0,1,-0.825,10827.0,7325.7
2974,XPDUSDm,TREND_CONTINUATION,SELL,2022.03.14 20:49:20,2022.03.14 22:05:00,75,2363.56,2450.99,-8743.0,-8743.0,0.0,0.0,SL_HIT,0.0,0.0,0.0,0,0.0,0.0,0.0,0.0,0,0.0,0.0,0,0,0,0,0.0,0,0.0,0.0,0,0.0,0.0,0.0,0.0,0.0,0.0,0.0,0.0,0.0,0,0,0.0,0,0,0.0,0.0,2,0.55,0.947,0.313,0.224,0.266,1.0,1,-0.825,10827.0,7325.7
2980,XPDUSDm,TREND_CONTINUATION,SELL,2022.03.15 01:20:00,2022.03.15 04:08:20,168,2345.1,2413.47,-6837.0,-6837.0,0.0,0.0,SL_HIT,0.0,0.0,0.0,0,0.0,0.0,0.0,0.0,0,0.0,0.0,0,0,0,0,0.0,0,0.0,0.0,0,0.0,0.0,0.0,0.0,0.0,0.0,0.0,0.0,0.0,0,0,0.0,0,0,0.0,0.0,0,0.15,0.3,0.171,0.291,0.742,0.8,0,-1.0,4004.0,5320.3
2979,XPDUSDm,TREND_CONTINUATION,SELL,2022.03.14 22:49:20,2022.03.15 05:23:40,394,2347.33,2435.24,-8791.0,-8791.0,0.0,0.0,SL_HIT,0.0,0.0,0.0,0,0.0,0.0,0.0,0.0,0,0.0,0.0,0,0,0,0,0.0,0,0.0,0.0,0,0.0,0.0,0.0,0.0,0.0,0.0,0.0,0.0,0.0,0,0,0.0,0,0,0.0,0.0,0,0.25,0.201,0.206,0.365,0.732,0.644,0,-0.6695,4523.0,3697.6
2983,XPDUSDm,TREND_CONTINUATION,SELL,2022.03.15 03:20:30,2022.03.15 05:23:40,123,2365.4,2432.17,-6677.0,-6677.0,0.0,0.0,SL_HIT,0.0,0.0,0.0,0,0.0,0.0,0.0,0.0,0,0.0,0.0,0,0,0,0,0.0,0,0.0,0.0,0,0.0,0.0,0.0,0.0,0.0,0.0,0.0,0.0,0.0,0,0,0.0,0,0,0.0,0.0,0,0.25,0.201,0.206,0.365,0.732,0.644,0,-0.6695,4523.0,3697.6
2987,XPDUSDm,SWEEP_REVERSAL,SELL,2022.03.15 05:34:40,2022.03.15 05:35:40,1,2400.83,2437.81,-3698.0,-3698.0,0.0,0.0,SL_HIT,0.0,0.0,0.0,0,0.0,0.0,0.0,0.0,0,0.0,0.0,0,0,0,0,0.0,0,0.0,0.0,0,0.0,0.0,0.0,0.0,0.0,0.0,0.0,0.0,0.0,0,0,0.0,0,0,0.0,0.0,0,0.25,0.201,0.088,0.365,0.732,0.644,0,-0.6695,3850.0,3697.6
2977,XPDUSDm,BREAKOUT,SELL,2022.03.14 22:32:00,2022.03.15 06:14:00,462,2347.15,2457.04,-10989.0,-10989.0,0.0,0.0,SL_HIT,0.0,0.0,0.0,0,0.0,0.0,0.0,0.0,0,0.0,0.0,0,0,0,0,0.0,0,0.0,0.0,0,0.0,0.0,0.0,0.0,0.0,0.0,0.0,0.0,0.0,0,0,0.0,0,0,0.0,0.0,0,0.0,0.206,0.171,0.24,0.64,0.45,0,0.685,7339.0,3072.3
2978,XPDUSDm,PULLBACK,SELL,2022.03.14 22:45:40,2022.03.15 06:14:00,448,2345.03,2454.92,-10989.0,-10989.0,0.0,0.0,SL_HIT,0.0,0.0,0.0,0,0.0,0.0,0.0,0.0,0,0.0,0.0,0,0,0,0,0.0,0,0.0,0.0,0,0.0,0.0,0.0,0.0,0.0,0.0,0.0,0.0,0.0,0,0,0.0,0,0,0.0,0.0,0,0.0,0.206,0.171,0.24,0.64,0.45,0,0.685,7339.0,3072.3
2981,XPDUSDm,BREAKOUT,SELL,2022.03.15 03:20:00,2022.03.15 06:14:00,174,2365.68,2449.14,-8346.0,-8346.0,0.0,0.0,SL_HIT,0.0,0.0,0.0,0,0.0,0.0,0.0,0.0,0,0.0,0.0,0,0,0,0,0.0,0,0.0,0.0,0,0.0,0.0,0.0,0.0,0.0,0.0,0.0,0.0,0.0,0,0,0.0,0,0,0.0,0.0,0,0.0,0.206,0.171,0.24,0.64,0.45,0,0.685,7339.0,3072.3
2982,XPDUSDm,PULLBACK,SELL,2022.03.15 03:20:20,2022.03.15 06:14:00,173,2365.4,2448.86,-8346.0,-8346.0,0.0,0.0,SL_HIT,0.0,0.0,0.0,0,0.0,0.0,0.0,0.0,0,0.0,0.0,0,0,0,0,0.0,0,0.0,0.0,0,0.0,0.0,0.0,0.0,0.0,0.0,0.0,0.0,0.0,0,0,0.0,0,0,0.0,0.0,0,0.0,0.206,0.171,0.24,0.64,0.45,0,0.685,7339.0,3072.3
2970,XPDUSDm,TREND_CONTINUATION,SELL,2022.03.14 18:49:20,2022.03.15 09:52:40,903,2380.73,2464.05,-8332.0,-8332.0,0.0,0.0,SL_HIT,0.0,0.0,0.0,0,0.0,0.0,0.0,0.0,0,0.0,0.0,0,0,0,0,0.0,0,0.0,0.0,0,0.0,0.0,0.0,0.0,0.0,0.0,0.0,0.0,0.0,0,0,0.0,0,0,0.0,0.0,0,0.15,0.237,0.171,0.306,0.662,0.9,0,0.79,3733.0,2883.4
2966,XPDUSDm,TREND_CONTINUATION,SELL,2022.03.14 16:45:59,2022.03.15 09:53:00,1027,2395.68,2473.39,-7771.0,-7771.0,0.0,0.0,SL_HIT,0.0,0.0,0.0,0,0.0,0.0,0.0,0.0,0,0.0,0.0,0,0,0,0,0.0,0,0.0,0.0,0,0.0,0.0,0.0,0.0,0.0,0.0,0.0,0.0,0.0,0,0,0.0,0,0,0.0,0.0,0,0.15,0.237,0.171,0.306,0.662,0.9,0,0.79,5240.0,2883.4
2973,XPDUSDm,PULLBACK,SELL,2022.03.14 20:45:40,2022.03.15 09:53:00,787,2361.91,2471.19,-10928.0,-10928.0,0.0,0.0,SL_HIT,0.0,0.0,0.0,0,0.0,0.0,0.0,0.0,0,0.0,0.0,0,0,0,0,0.0,0,0.0,0.0,0,0.0,0.0,0.0,0.0,0.0,0.0,0.0,0.0,0.0,0,0,0.0,0,0,0.0,0.0,0,0.15,0.237,0.171,0.306,0.662,0.9,0,0.79,5240.0,2883.4
2964,XPDUSDm,BREAKOUT,SELL,2022.03.14 15:58:40,2022.03.15 09:57:40,1079,2355.86,2482.8,-12694.0,-12694.0,0.0,0.0,SL_HIT,0.0,0.0,0.0,0,0.0,0.0,0.0,0.0,0,0.0,0.0,0,0,0,0,0.0,0,0.0,0.0,0,0.0,0.0,0.0,0.0,0.0,0.0,0.0,0.0,0.0,0,0,0.0,0,0,0.0,0.0,0,0.15,0.237,0.171,0.306,0.662,0.9,0,0.79,5233.0,2883.4
2965,XPDUSDm,PULLBACK,SELL,2022.03.14 16:45:40,2022.03.15 09:57:40,1032,2395.68,2492.81,-9713.0,-9713.0,0.0,0.0,SL_HIT,0.0,0.0,0.0,0,0.0,0.0,0.0,0.0,0,0.0,0.0,0,0,0,0,0.0,0,0.0,0.0,0,0.0,0.0,0.0,0.0,0.0,0.0,0.0,0.0,0.0,0,0,0.0,0,0,0.0,0.0,0,0.15,0.237,0.171,0.306,0.662,0.9,0,0.79,5233.0,2883.4
3004,XPDUSDm,TREND_CONTINUATION,SELL,2022.03.15 23:00:30,2022.03.15 23:01:40,1,2402.44,2456.5,-5406.0,-5406.0,0.0,0.0,SL_HIT,0.0,0.0,0.0,0,0.0,0.0,0.0,0.0,0,0.0,0.0,0,0,0,0,0.0,0,0.0,0.0,0,0.0,0.0,0.0,0.0,0.0,0.0,0.0,0.0,0.0,0,0,0.0,0,0,0.0,0.0,0,0.15,0.226,0.173,0.06,0.697,0.825,1,-0.755,5171.0,4505.3
3008,XPDUSDm,MEAN_REVERSION,SELL,2022.03.16 01:50:20,2022.03.16 01:51:00,0,2435.63,2468.16,-3253.0,-3253.0,0.0,0.0,SL_HIT,0.0,0.0,0.0,0,0.0,0.0,0.0,0.0,0,0.0,0.0,0,0,0,0,0.0,0,0.0,0.0,0,0.0,0.0,0.0,0.0,0.0,0.0,0.0,0.0,0.0,0,0,0.0,0,0,0.0,0.0,0,0.15,0.235,0.187,0.341,0.737,0.91,0,-0.7818,3980.0,4066.9
3011,XPDUSDm,SWEEP_REVERSAL,SELL,2022.03.16 05:40:40,2022.03.16 05:47:00,6,2447.08,2475.36,-2828.0,-2828.0,0.0,0.0,SL_HIT,0.0,0.0,0.0,0,0.0,0.0,0.0,0.0,0,0.0,0.0,0,0,0,0,0.0,0,0.0,0.0,0,0.0,0.0,0.0,0.0,0.0,0.0,0.0,0.0,0.0,0,0,0.0,0,0,0.0,0.0,0,0.15,0.237,0.053,0.319,0.536,0.9,0,0.79,2533.0,2827.6
3010,XPDUSDm,SWEEP_REVERSAL,SELL,2022.03.16 03:03:40,2022.03.16 05:48:40,165,2448.71,2483.05,-3434.0,-3434.0,0.0,0.0,SL_HIT,0.0,0.0,0.0,0,0.0,0.0,0.0,0.0,0,0.0,0.0,0,0,0,0,0.0,0,0.0,0.0,0,0.0,0.0,0.0,0.0,0.0,0.0,0.0,0.0,0.0,0,0,0.0,0,0,0.0,0.0,0,0.15,0.237,0.053,0.319,0.536,0.9,0,0.79,2762.0,2827.6
3014,XPDUSDm,TREND_CONTINUATION,SELL,2022.03.16 14:03:59,2022.03.16 14:05:40,1,2428.44,2458.13,-2969.0,-2969.0,0.0,0.0,SL_HIT,0.0,0.0,0.0,0,0.0,0.0,0.0,0.0,0,0.0,0.0,0,0,0,0,0.0,0,0.0,0.0,0,0.0,0.0,0.0,0.0,0.0,0.0,0.0,0.0,0.0,0,0,0.0,0,0,0.0,0.0,0,0.25,0.074,0.227,0.348,0.803,0.278,0,-0.2452,3103.0,2474.4
3017,XPDUSDm,PULLBACK,SELL,2022.03.16 16:03:40,2022.03.16 16:03:59,0,2380.02,2426.15,-4613.0,-4613.0,0.0,0.0,SL_HIT,0.0,0.0,0.0,0,0.0,0.0,0.0,0.0,0,0.0,0.0,0,0,0,0,0.0,0,0.0,0.0,0,0.0,0.0,0.0,0.0,0.0,0.0,0.0,0.0,0.0,0,0,0.0,0,0,0.0,0.0,0,0.0,0.226,0.12,0.213,0.547,0.825,1,-0.755,4495.0,3075.6
3016,XPDUSDm,BREAKOUT,SELL,2022.03.16 16:00:00,2022.03.16 16:05:00,5,2384.81,2430.94,-4613.0,-4613.0,0.0,0.0,SL_HIT,0.0,0.0,0.0,0,0.0,0.0,0.0,0.0,0,0.0,0.0,0,0,0,0,0.0,0,0.0,0.0,0,0.0,0.0,0.0,0.0,0.0,0.0,0.0,0.0,0.0,0,0,0.0,0,0,0.0,0.0,0,0.0,0.226,0.12,0.015,0.547,0.825,1,-0.755,4784.0,3075.6
3021,XPDUSDm,TREND_CONTINUATION,SELL,2022.03.17 00:08:59,2022.03.17 00:41:00,32,2392.06,2440.21,-4815.0,-4815.0,0.0,0.0,SL_HIT,0.0,0.0,0.0,0,0.0,0.0,0.0,0.0,0,0.0,0.0,0,0,0,0,0.0,0,0.0,0.0,0,0.0,0.0,0.0,0.0,0.0,0.0,0.0,0.0,0.0,0,0,0.0,0,0,0.0,0.0,0,0.4,0.247,0.26,0.274,0.727,0.8,1,-0.825,4191.0,4012.4
3020,XPDUSDm,BREAKOUT,SELL,2022.03.17 00:08:40,2022.03.17 00:42:40,34,2392.0,2452.19,-6019.0,-6019.0,0.0,0.0,SL_HIT,0.0,0.0,0.0,0,0.0,0.0,0.0,0.0,0,0.0,0.0,0,0,0,0,0.0,0,0.0,0.0,0,0.0,0.0,0.0,0.0,0.0,0.0,0.0,0.0,0.0,0,0,0.0,0,0,0.0,0.0,0,0.4,0.247,0.26,0.274,0.727,0.8,1,-0.825,5303.0,4012.4
3024,XPDUSDm,SWEEP_REVERSAL,SELL,2022.03.17 01:01:40,2022.03.17 01:02:00,0,2423.69,2462.92,-3923.0,-3923.0,0.0,0.0,SL_HIT,0.0,0.0,0.0,0,0.0,0.0,0.0,0.0,0,0.0,0.0,0,0,0,0,0.0,0,0.0,0.0,0,0.0,0.0,0.0,0.0,0.0,0.0,0.0,0.0,0.0,0,0,0.0,0,0,0.0,0.0,0,0.15,0.245,0.173,0.346,0.693,0.924,0,-0.8162,4267.0,3923.4
3028,XPDUSDm,TREND_CONTINUATION,SELL,2022.03.17 12:20:40,2022.03.17 12:21:00,0,2426.83,2468.42,-4159.0,-4159.0,0.0,0.0,SL_HIT,0.0,0.0,0.0,0,0.0,0.0,0.0,0.0,0,0.0,0.0,0,0,0,0,0.0,0,0.0,0.0,0,0.0,0.0,0.0,0.0,0.0,0.0,0.0,0.0,0.0,0,0,0.0,0,0,0.0,0.0,0,0.0,0.0,0.137,0.162,0.821,0.082,0,0.0,4579.0,3465.6
3026,XPDUSDm,PULLBACK,SELL,2022.03.17 12:05:40,2022.03.17 13:26:40,81,2432.7,2484.68,-5198.0,-5198.0,0.0,0.0,SL_HIT,0.0,0.0,0.0,0,0.0,0.0,0.0,0.0,0,0.0,0.0,0,0,0,0,0.0,0,0.0,0.0,0,0.0,0.0,0.0,0.0,0.0,0.0,0.0,0.0,0.0,0,0,0.0,0,0,0.0,0.0,0,0.4,0.082,0.266,0.4,0.711,0.319,0,0.2726,4298.0,3488.9
3027,XPDUSDm,BREAKOUT,SELL,2022.03.17 12:12:20,2022.03.17 13:32:40,80,2438.3,2490.28,-5198.0,-5198.0,0.0,0.0,SL_HIT,0.0,0.0,0.0,0,0.0,0.0,0.0,0.0,0,0.0,0.0,0,0,0,0,0.0,0,0.0,0.0,0,0.0,0.0,0.0,0.0,0.0,0.0,0.0,0.0,0.0,0,0,0.0,0,0,0.0,0.0,0,0.4,0.082,0.266,0.341,0.711,0.319,0,0.2726,3565.0,3488.9
3032,XPDUSDm,MEAN_REVERSION,SELL,2022.03.17 13:58:40,2022.03.17 14:31:40,33,2471.22,2499.13,-2791.0,-2791.0,0.0,0.0,SL_HIT,0.0,0.0,0.0,0,0.0,0.0,0.0,0.0,0,0.0,0.0,0,0,0,0,0.0,0,0.0,0.0,0,0.0,0.0,0.0,0.0,0.0,0.0,0.0,0.0,0.0,0,0,0.0,0,0,0.0,0.0,0,0.4,0.158,0.249,0.429,0.776,0.721,0,0.5257,3832.0,3797.6
3034,XPDUSDm,MEAN_REVERSION,SELL,2022.03.17 17:58:40,2022.03.17 19:58:00,119,2501.61,2536.51,-3490.0,-3490.0,0.0,0.0,SL_HIT,0.0,0.0,0.0,0,0.0,0.0,0.0,0.0,0,0.0,0.0,0,0,0,0,0.0,0,0.0,0.0,0,0.0,0.0,0.0,0.0,0.0,0.0,0.0,0.0,0.0,0,0,0.0,0,0,0.0,0.0,0,0.0,0.269,0.0,0.2,0.697,0.75,1,0.895,3170.0,4027.8
3036,XPDUSDm,MEAN_REVERSION,SELL,2022.03.17 19:58:40,2022.03.17 20:04:00,5,2509.71,2541.93,-3222.0,-3222.0,0.0,0.0,SL_HIT,0.0,0.0,0.0,0,0.0,0.0,0.0,0.0,0,0.0,0.0,0,0,0,0,0.0,0,0.0,0.0,0,0.0,0.0,0.0,0.0,0.0,0.0,0.0,0.0,0.0,0,0,0.0,0,0,0.0,0.0,0,0.0,0.226,0.0,0.283,0.795,0.8,0,0.755,2666.0,3987.5
3038,XPDUSDm,BREAKOUT,SELL,2022.03.17 22:14:40,2022.03.17 22:45:40,31,2492.3,2549.99,-5769.0,-5769.0,0.0,0.0,SL_HIT,0.0,0.0,0.0,0,0.0,0.0,0.0,0.0,0,0.0,0.0,0,0,0,0,0.0,0,0.0,0.0,0,0.0,0.0,0.0,0.0,0.0,0.0,0.0,0.0,0.0,0,0,0.0,0,0,0.0,0.0,0,0.15,0.29,0.053,0.186,0.769,0.8,1,0.965,3879.0,3846.0
3041,XPDUSDm,SWEEP_REVERSAL,SELL,2022.03.18 01:01:20,2022.03.18 02:25:40,84,2570.52,2609.25,-3873.0,-3873.0,0.0,0.0,SL_HIT,0.0,0.0,0.0,0,0.0,0.0,0.0,0.0,0,0.0,0.0,0,0,0,0,0.0,0,0.0,0.0,0,0.0,0.0,0.0,0.0,0.0,0.0,0.0,0.0,0.0,0,0,0.0,0,0,0.0,0.0,0,0.0,0.3,0.0,0.153,0.547,1.0,0,1.0,3690.0,3649.1
3040,XPDUSDm,NAKED_POC,SELL,2022.03.18 00:00:00,2022.03.18 02:26:00,146,2568.29,2621.19,-5290.0,-5290.0,0.0,0.0,SL_HIT,0.0,0.0,0.0,0,0.0,0.0,0.0,0.0,0,0.0,0.0,0,0,0,0,0.0,0,0.0,0.0,0,0.0,0.0,0.0,0.0,0.0,0.0,0.0,0.0,0.0,0,0,0.0,0,0,0.0,0.0,0,0.0,0.3,0.0,0.153,0.547,1.0,0,1.0,5289.0,3649.1
3057,XPDUSDm,TREND_CONTINUATION,SELL,2022.03.21 03:18:30,2022.03.21 03:20:00,1,2545.86,2582.54,-3668.0,-3668.0,0.0,0.0,SL_HIT,0.0,0.0,0.0,0,0.0,0.0,0.0,0.0,0,0.0,0.0,0,0,0,0,0.0,0,0.0,0.0,0,0.0,0.0,0.0,0.0,0.0,0.0,0.0,0.0,0.0,0,0,0.0,0,0,0.0,0.0,0,0.0,0.0,0.0,0.044,0.571,0.077,0,0.0,3717.0,3056.9
3056,XPDUSDm,BREAKOUT,SELL,2022.03.21 03:02:00,2022.03.21 04:34:20,92,2545.3,2591.15,-4585.0,-4585.0,0.0,0.0,SL_HIT,0.0,0.0,0.0,0,0.0,0.0,0.0,0.0,0,0.0,0.0,0,0,0,0,0.0,0,0.0,0.0,0,0.0,0.0,0.0,0.0,0.0,0.0,0.0,0.0,0.0,0,0,0.0,0,0,0.0,0.0,0,0.0,0.206,0.0,0.252,0.573,0.675,0,0.685,2889.0,2755.7
3059,XPDUSDm,PULLBACK,SELL,2022.03.21 03:20:40,2022.03.21 04:34:20,73,2545.19,2591.04,-4585.0,-4585.0,0.0,0.0,SL_HIT,0.0,0.0,0.0,0,0.0,0.0,0.0,0.0,0,0.0,0.0,0,0,0,0,0.0,0,0.0,0.0,0,0.0,0.0,0.0,0.0,0.0,0.0,0.0,0.0,0.0,0,0,0.0,0,0,0.0,0.0,0,0.0,0.206,0.0,0.252,0.573,0.675,0,0.685,2889.0,2755.7
3062,XPDUSDm,PULLBACK,SELL,2022.03.21 12:15:40,2022.03.21 12:16:00,0,2504.05,2542.81,-3876.0,-3876.0,0.0,0.0,SL_HIT,0.0,0.0,0.0,0,0.0,0.0,0.0,0.0,0,0.0,0.0,0,0,0,0,0.0,0,0.0,0.0,0,0.0,0.0,0.0,0.0,0.0,0.0,0.0,0.0,0.0,0,0,0.0,0,0,0.0,0.0,0,0.0,0.206,0.101,0.282,0.684,0.675,0,-0.685,4257.0,2584.1
3064,XPDUSDm,TREND_CONTINUATION,SELL,2022.03.21 13:44:40,2022.03.21 14:06:40,22,2528.68,2566.48,-3780.0,-3780.0,0.0,0.0,SL_HIT,0.0,0.0,0.0,0,0.0,0.0,0.0,0.0,0,0.0,0.0,0,0,0,0,0.0,0,0.0,0.0,0,0.0,0.0,0.0,0.0,0.0,0.0,0.0,0.0,0.0,0,0,0.0,0,0,0.0,0.0,0,0.0,0.226,0.15,0.221,0.585,0.55,0,-0.755,2334.0,3369.2
3065,XPDUSDm,SWEEP_REVERSAL,SELL,2022.03.21 13:50:40,2022.03.21 14:07:00,16,2540.22,2571.72,-3150.0,-3150.0,0.0,0.0,SL_HIT,0.0,0.0,0.0,0,0.0,0.0,0.0,0.0,0,0.0,0.0,0,0,0,0,0.0,0,0.0,0.0,0,0.0,0.0,0.0,0.0,0.0,0.0,0.0,0.0,0.0,0,0,0.0,0,0,0.0,0.0,0,0.0,0.226,0.15,0.221,0.585,0.55,0,-0.755,4652.0,3369.2
3069,XPDUSDm,TREND_CONTINUATION,SELL,2022.03.21 15:49:59,2022.03.21 15:59:00,9,2522.3,2565.88,-4358.0,-4358.0,0.0,0.0,SL_HIT,0.0,0.0,0.0,0,0.0,0.0,0.0,0.0,0,0.0,0.0,0,0,0,0,0.0,0,0.0,0.0,0,0.0,0.0,0.0,0.0,0.0,0.0,0.0,0.0,0.0,0,0,0.0,0,0,0.0,0.0,0,0.25,0.185,0.088,0.162,0.672,0.6,0,-0.615,2412.0,3631.7
3070,XPDUSDm,MEAN_REVERSION,SELL,2022.03.21 15:56:40,2022.03.21 16:00:40,4,2537.55,2566.6,-2905.0,-2905.0,0.0,0.0,SL_HIT,0.0,0.0,0.0,0,0.0,0.0,0.0,0.0,0,0.0,0.0,0,0,0,0,0.0,0,0.0,0.0,0,0.0,0.0,0.0,0.0,0.0,0.0,0.0,0.0,0.0,0,0,0.0,0,0,0.0,0.0,0,0.0,0.247,0.0,0.161,0.628,0.975,1,-0.825,2414.0,3527.5
3068,XPDUSDm,BREAKOUT,SELL,2022.03.21 15:38:40,2022.03.21 16:59:00,80,2521.16,2575.64,-5448.0,-5448.0,0.0,0.0,SL_HIT,0.0,0.0,0.0,0,0.0,0.0,0.0,0.0,0,0.0,0.0,0,0,0,0,0.0,0,0.0,0.0,0,0.0,0.0,0.0,0.0,0.0,0.0,0.0,0.0,0.0,0,0,0.0,0,0,0.0,0.0,0,0.0,0.247,0.0,0.165,0.628,0.975,0,-0.825,8773.0,3527.5
3071,XPDUSDm,SWEEP_REVERSAL,SELL,2022.03.21 15:58:40,2022.03.21 16:59:00,60,2542.67,2578.99,-3632.0,-3632.0,0.0,0.0,SL_HIT,0.0,0.0,0.0,0,0.0,0.0,0.0,0.0,0,0.0,0.0,0,0,0,0,0.0,0,0.0,0.0,0,0.0,0.0,0.0,0.0,0.0,0.0,0.0,0.0,0.0,0,0,0.0,0,0,0.0,0.0,0,0.0,0.247,0.0,0.165,0.628,0.975,0,-0.825,8773.0,3527.5
3076,XPDUSDm,MEAN_REVERSION,SELL,2022.03.21 17:56:40,2022.03.21 18:26:00,29,2564.69,2595.79,-3110.0,-3110.0,0.0,0.0,SL_HIT,0.0,0.0,0.0,0,0.0,0.0,0.0,0.0,0,0.0,0.0,0,0,0,0,0.0,0,0.0,0.0,0,0.0,0.0,0.0,0.0,0.0,0.0,0.0,0.0,0.0,0,0,0.0,0,0,0.0,0.0,6,0.55,0.062,0.493,0.635,0.831,0.219,0,0.2061,2567.0,4359.9
3078,XPDUSDm,BREAKOUT,SELL,2022.03.22 00:05:00,2022.03.22 03:04:00,179,2552.69,2617.43,-6474.0,-6474.0,0.0,0.0,SL_HIT,0.0,0.0,0.0,0,0.0,0.0,0.0,0.0,0,0.0,0.0,0,0,0,0,0.0,0,0.0,0.0,0,0.0,0.0,0.0,0.0,0.0,0.0,0.0,0.0,0.0,0,0,0.0,0,0,0.0,0.0,0,0.15,0.147,0.053,0.36,0.716,0.5,0,0.4896,5171.0,3782.8
3080,XPDUSDm,MEAN_REVERSION,SELL,2022.03.22 06:02:40,2022.03.22 06:15:00,12,2568.2,2592.7,-2450.0,-2450.0,0.0,0.0,SL_HIT,0.0,0.0,0.0,0,0.0,0.0,0.0,0.0,0,0.0,0.0,0,0,0,0,0.0,0,0.0,0.0,0,0.0,0.0,0.0,0.0,0.0,0.0,0.0,0.0,0.0,0,0,0.0,0,0,0.0,0.0,0,0.25,0.174,0.233,0.157,0.798,0.55,1,-0.58,4954.0,3062.3
3081,XPDUSDm,TREND_CONTINUATION,SELL,2022.03.22 06:03:00,2022.03.22 06:15:20,12,2566.52,2603.27,-3675.0,-3675.0,0.0,0.0,SL_HIT,0.0,0.0,0.0,0,0.0,0.0,0.0,0.0,0,0.0,0.0,0,0,0,0,0.0,0,0.0,0.0,0,0.0,0.0,0.0,0.0,0.0,0.0,0.0,0.0,0.0,0,0,0.0,0,0,0.0,0.0,0,0.25,0.174,0.233,0.275,0.798,0.55,1,-0.58,4954.0,3062.3
3084,XPDUSDm,BREAKOUT_RETEST,SELL,2022.03.22 11:03:00,2022.03.22 11:10:40,7,2523.3,2551.57,-2827.0,-2827.0,0.0,0.0,SL_HIT,0.0,0.0,0.0,0,0.0,0.0,0.0,0.0,0,0.0,0.0,0,0,0,0,0.0,0,0.0,0.0,0,0.0,0.0,0.0,0.0,0.0,0.0,0.0,0.0,0.0,0,0,0.0,0,0,0.0,0.0,0,0.15,0.279,0.053,0.209,0.584,0.8,1,-0.93,2915.0,2424.7
3086,XPDUSDm,SWEEP_REVERSAL,SELL,2022.03.22 12:19:40,2022.03.22 13:26:00,66,2542.01,2567.01,-2500.0,-2500.0,0.0,0.0,SL_HIT,0.0,0.0,0.0,0,0.0,0.0,0.0,0.0,0,0.0,0.0,0,0,0,0,0.0,0,0.0,0.0,0,0.0,0.0,0.0,0.0,0.0,0.0,0.0,0.0,0.0,0,0,0.0,0,0,0.0,0.0,0,0.25,0.247,0.221,0.22,0.655,0.8,1,-0.825,3280.0,2610.7
3088,XPDUSDm,TREND_CONTINUATION,SELL,2022.03.22 14:33:40,2022.03.22 15:20:00,46,2472.4,2520.32,-4792.0,-4792.0,0.0,0.0,SL_HIT,0.0,0.0,0.0,0,0.0,0.0,0.0,0.0,0,0.0,0.0,0,0,0,0,0.0,0,0.0,0.0,0,0.0,0.0,0.0,0.0,0.0,0.0,0.0,0.0,0.0,0,0,0.0,0,0,0.0,0.0,0,0.0,0.3,0.0,0.259,0.558,1.0,0,-1.0,3994.0,3106.4
3091,XPDUSDm,PULLBACK,SELL,2022.03.22 16:14:40,2022.03.22 22:06:00,351,2481.3,2528.43,-4713.0,-4713.0,0.0,0.0,SL_HIT,0.0,0.0,0.0,0,0.0,0.0,0.0,0.0,0,0.0,0.0,0,0,0,0,0.0,0,0.0,0.0,0,0.0,0.0,0.0,0.0,0.0,0.0,0.0,0.0,0.0,0,0,0.0,0,0,0.0,0.0,0,0.45,0.3,0.302,0.57,0.708,0.8,1,-1.0,6417.0,2828.4
3093,XPDUSDm,TREND_CONTINUATION,SELL,2022.03.22 19:19:40,2022.03.22 22:06:00,166,2479.34,2516.03,-3669.0,-3669.0,0.0,0.0,SL_HIT,0.0,0.0,0.0,0,0.0,0.0,0.0,0.0,0,0.0,0.0,0,0,0,0,0.0,0,0.0,0.0,0,0.0,0.0,0.0,0.0,0.0,0.0,0.0,0.0,0.0,0,0,0.0,0,0,0.0,0.0,0,0.45,0.3,0.302,0.57,0.708,0.8,1,-1.0,6417.0,2828.4
3094,XPDUSDm,BREAKOUT,SELL,2022.03.22 20:00:20,2022.03.22 22:06:00,125,2478.99,2523.66,-4467.0,-4467.0,0.0,0.0,SL_HIT,0.0,0.0,0.0,0,0.0,0.0,0.0,0.0,0,0.0,0.0,0,0,0,0,0.0,0,0.0,0.0,0,0.0,0.0,0.0,0.0,0.0,0.0,0.0,0.0,0.0,0,0,0.0,0,0,0.0,0.0,0,0.45,0.3,0.302,0.57,0.708,0.8,1,-1.0,6417.0,2828.4
3095,XPDUSDm,PULLBACK,SELL,2022.03.22 20:15:30,2022.03.22 22:06:00,110,2474.18,2518.85,-4467.0,-4467.0,0.0,0.0,SL_HIT,0.0,0.0,0.0,0,0.0,0.0,0.0,0.0,0,0.0,0.0,0,0,0,0,0.0,0,0.0,0.0,0,0.0,0.0,0.0,0.0,0.0,0.0,0.0,0.0,0.0,0,0,0.0,0,0,0.0,0.0,0,0.45,0.3,0.302,0.57,0.708,0.8,1,-1.0,6417.0,2828.4
3090,XPDUSDm,BREAKOUT,SELL,2022.03.22 16:00:20,2022.03.22 22:43:00,402,2486.55,2537.75,-5120.0,-5120.0,0.0,0.0,SL_HIT,0.0,0.0,0.0,0,0.0,0.0,0.0,0.0,0,0.0,0.0,0,0,0,0,0.0,0,0.0,0.0,0,0.0,0.0,0.0,0.0,0.0,0.0,0.0,0.0,0.0,0,0,0.0,0,0,0.0,0.0,0,0.15,0.3,0.197,0.207,0.709,0.8,0,-1.0,7221.0,2828.4
3092,XPDUSDm,TREND_CONTINUATION,SELL,2022.03.22 16:33:40,2022.03.22 22:43:00,369,2483.73,2537.75,-5402.0,-5402.0,0.0,0.0,SL_HIT,0.0,0.0,0.0,0,0.0,0.0,0.0,0.0,0,0.0,0.0,0,0,0,0,0.0,0,0.0,0.0,0,0.0,0.0,0.0,0.0,0.0,0.0,0.0,0.0,0.0,0,0,0.0,0,0,0.0,0.0,0,0.15,0.3,0.197,0.207,0.709,0.8,0,-1.0,7221.0,2828.4
3103,XPDUSDm,TREND_CONTINUATION,SELL,2022.03.23 13:32:40,2022.03.23 13:35:00,2,2509.59,2539.32,-2973.0,-2973.0,0.0,0.0,SL_HIT,0.0,0.0,0.0,0,0.0,0.0,0.0,0.0,0,0.0,0.0,0,0,0,0,0.0,0,0.0,0.0,0,0.0,0.0,0.0,0.0,0.0,0.0,0.0,0.0,0.0,0,0,0.0,0,0,0.0,0.0,0,0.0,0.097,0.0,0.273,0.688,0.394,0,-0.3226,3584.0,2477.9
3102,XPDUSDm,BREAKOUT_RETEST,SELL,2022.03.23 13:29:40,2022.03.23 13:37:00,7,2527.82,2556.9,-2908.0,-2908.0,0.0,0.0,SL_HIT,0.0,0.0,0.0,0,0.0,0.0,0.0,0.0,0,0.0,0.0,0,0,0,0,0.0,0,0.0,0.0,0,0.0,0.0,0.0,0.0,0.0,0.0,0.0,0.0,0.0,0,0,0.0,0,0,0.0,0.0,0,0.0,0.097,0.0,0.168,0.688,0.394,1,-0.3226,3655.0,2477.9
3106,XPDUSDm,TREND_CONTINUATION,SELL,2022.03.23 17:44:40,2022.03.23 17:45:00,0,2500.08,2533.38,-3330.0,-3330.0,0.0,0.0,SL_HIT,0.0,0.0,0.0,0,0.0,0.0,0.0,0.0,0,0.0,0.0,0,0,0,0,0.0,0,0.0,0.0,0,0.0,0.0,0.0,0.0,0.0,0.0,0.0,0.0,0.0,0,0,0.0,0,0,0.0,0.0,0,0.0,0.247,0.116,0.073,0.657,0.65,1,-0.825,3393.0,2775.3
3108,XPDUSDm,BREAKOUT,SELL,2022.03.23 20:00:40,2022.03.23 20:01:00,0,2506.01,2547.12,-4111.0,-4111.0,0.0,0.0,SL_HIT,0.0,0.0,0.0,0,0.0,0.0,0.0,0.0,0,0.0,0.0,0,0,0,0,0.0,0,0.0,0.0,0,0.0,0.0,0.0,0.0,0.0,0.0,0.0,0.0,0.0,0,0,0.0,0,0,0.0,0.0,0,0.15,0.279,0.175,0.193,0.623,1.0,1,-0.93,4287.0,2740.6
3110,XPDUSDm,TREND_CONTINUATION,SELL,2022.03.24 13:35:00,2022.03.24 13:50:40,15,2510.95,2537.24,-2629.0,-2629.0,0.0,0.0,SL_HIT,0.0,0.0,0.0,0,0.0,0.0,0.0,0.0,0,0.0,0.0,0,0,0,0,0.0,0,0.0,0.0,0,0.0,0.0,0.0,0.0,0.0,0.0,0.0,0.0,0.0,0,0,0.0,0,0,0.0,0.0,0,0.4,0.185,0.14,0.32,0.724,0.9,1,-0.615,3905.0,2190.4
3112,XPDUSDm,TREND_CONTINUATION,SELL,2022.03.24 17:00:40,2022.03.24 17:40:00,39,2509.95,2544.28,-3433.0,-3433.0,0.0,0.0,SL_HIT,0.0,0.0,0.0,0,0.0,0.0,0.0,0.0,0,0.0,0.0,0,0,0,0,0.0,0,0.0,0.0,0,0.0,0.0,0.0,0.0,0.0,0.0,0.0,0.0,0.0,0,0,0.0,0,0,0.0,0.0,0,0.25,0.226,0.263,0.298,0.771,0.8,1,-0.755,2955.0,2860.7
3114,XPDUSDm,BREAKOUT,SELL,2022.03.24 18:30:40,2022.03.24 22:10:40,220,2511.25,2555.27,-4402.0,-4402.0,0.0,0.0,SL_HIT,0.0,0.0,0.0,0,0.0,0.0,0.0,0.0,0,0.0,0.0,0,0,0,0,0.0,0,0.0,0.0,0,0.0,0.0,0.0,0.0,0.0,0.0,0.0,0.0,0.0,0,0,0.0,0,0,0.0,0.0,0,0.4,0.075,0.14,0.164,0.768,0.191,1,0.2512,3948.0,2601.9
3116,XPDUSDm,BREAKOUT,SELL,2022.03.25 00:05:00,2022.03.25 00:07:00,2,2510.12,2550.22,-4010.0,-4010.0,0.0,0.0,SL_HIT,0.0,0.0,0.0,0,0.0,0.0,0.0,0.0,0,0.0,0.0,0,0,0,0,0.0,0,0.0,0.0,0,0.0,0.0,0.0,0.0,0.0,0.0,0.0,0.0,0.0,0,0,0.0,0,0,0.0,0.0,0,0.0,0.226,0.0,0.178,0.68,0.55,1,0.755,4102.0,2673.4
3119,XPDUSDm,BREAKOUT,SELL,2022.03.25 16:39:40,2022.03.25 16:44:00,4,2367.46,2407.68,-4022.0,-4022.0,0.0,0.0,SL_HIT,0.0,0.0,0.0,0,0.0,0.0,0.0,0.0,0,0.0,0.0,0,0,0,0,0.0,0,0.0,0.0,0,0.0,0.0,0.0,0.0,0.0,0.0,0.0,0.0,0.0,0,0,0.0,0,0,0.0,0.0,0,0.15,0.247,0.173,0.343,0.439,0.975,0,-0.825,4052.0,3305.1
3118,XPDUSDm,TREND_CONTINUATION,SELL,2022.03.25 15:22:40,2022.03.25 19:25:40,243,2416.14,2345.47,7067.0,7067.0,0.0,0.0,TP_HIT,0.0,0.0,0.0,0,0.0,0.0,0.0,0.0,0,0.0,0.0,0,0,0,0,0.0,0,0.0,0.0,0,0.0,0.0,0.0,0.0,0.0,0.0,0.0,0.0,0.0,0,0,0.0,0,0,0.0,0.0,0,0.25,0.226,0.336,0.397,0.745,0.8,0,-0.755,6337.0,3433.5
3122,XPDUSDm,SWEEP_REVERSAL,SELL,2022.03.28 00:20:40,2022.03.28 00:26:40,6,2348.04,2393.48,-4544.0,-4544.0,0.0,0.0,SL_HIT,0.0,0.0,0.0,0,0.0,0.0,0.0,0.0,0,0.0,0.0,0,0,0,0,0.0,0,0.0,0.0,0,0.0,0.0,0.0,0.0,0.0,0.0,0.0,0.0,0.0,0,0,0.0,0,0,0.0,0.0,0,0.25,0.247,0.202,0.397,0.682,0.8,0,-0.825,4148.0,4544.0
3124,XPDUSDm,BREAKOUT,SELL,2022.03.28 07:54:40,2022.03.28 07:55:40,1,2206.85,2290.49,-8364.0,-8364.0,0.0,0.0,SL_HIT,0.0,0.0,0.0,0,0.0,0.0,0.0,0.0,0,0.0,0.0,0,0,0,0,0.0,0,0.0,0.0,0,0.0,0.0,0.0,0.0,0.0,0.0,0.0,0.0,0.0,0,0,0.0,0,0,0.0,0.0,0,0.4,0.164,0.244,0.411,0.717,0.75,0,0.545,7757.0,4181.8
3130,XPDUSDm,SWEEP_REVERSAL,SELL,2022.03.28 12:27:00,2022.03.28 12:33:40,6,2265.45,2250.51,1494.0,1494.0,0.0,0.0,TRAIL_STOP,0.0,0.0,0.0,0,0.0,0.0,0.0,0.0,0,0.0,0.0,0,0,0,0,0.0,0,0.0,0.0,0,0.0,0.0,0.0,0.0,0.0,0.0,0.0,0.0,0.0,0,0,0.0,0,0,0.0,0.0,0,0.25,0.185,0.088,0.279,0.605,0.6,1,-0.615,3412.0,4888.4
3126,XPDUSDm,BREAKOUT_RETEST,SELL,2022.03.28 09:01:40,2022.03.28 12:36:59,215,2238.14,2202.43,3571.0,3571.0,0.0,0.0,TRAIL_STOP,0.0,0.0,0.0,0,0.0,0.0,0.0,0.0,0,0.0,0.0,0,0,0,0,0.0,0,0.0,0.0,0,0.0,0.0,0.0,0.0,0.0,0.0,0.0,0.0,0.0,0,0,0.0,0,0,0.0,0.0,0,0.25,0.185,0.088,0.388,0.605,0.6,0,-0.615,2847.0,4888.4
3127,XPDUSDm,BREAKOUT,SELL,2022.03.28 09:57:40,2022.03.28 12:36:59,159,2236.94,2202.43,3451.0,3451.0,0.0,0.0,TRAIL_STOP,0.0,0.0,0.0,0,0.0,0.0,0.0,0.0,0,0.0,0.0,0,0,0,0,0.0,0,0.0,0.0,0,0.0,0.0,0.0,0.0,0.0,0.0,0.0,0.0,0.0,0,0,0.0,0,0,0.0,0.0,0,0.25,0.185,0.088,0.388,0.605,0.6,0,-0.615,2847.0,4888.4
3128,XPDUSDm,PULLBACK,SELL,2022.03.28 09:57:59,2022.03.28 12:36:59,159,2236.94,2202.43,3451.0,3451.0,0.0,0.0,TRAIL_STOP,0.0,0.0,0.0,0,0.0,0.0,0.0,0.0,0,0.0,0.0,0,0,0,0,0.0,0,0.0,0.0,0,0.0,0.0,0.0,0.0,0.0,0.0,0.0,0.0,0.0,0,0,0.0,0,0,0.0,0.0,0,0.25,0.185,0.088,0.388,0.605,0.6,0,-0.615,2847.0,4888.4
3129,XPDUSDm,TREND_CONTINUATION,SELL,2022.03.28 09:58:00,2022.03.28 12:36:59,158,2236.4,2202.43,3397.0,3397.0,0.0,0.0,TRAIL_STOP,0.0,0.0,0.0,0,0.0,0.0,0.0,0.0,0,0.0,0.0,0,0,0,0,0.0,0,0.0,0.0,0,0.0,0.0,0.0,0.0,0.0,0.0,0.0,0.0,0.0,0,0,0.0,0,0,0.0,0.0,0,0.25,0.185,0.088,0.388,0.605,0.6,0,-0.615,2847.0,4888.4
3131,XPDUSDm,TREND_CONTINUATION,SELL,2022.03.28 12:33:00,2022.03.28 12:36:59,3,2222.07,2202.43,1964.0,1964.0,0.0,0.0,TRAIL_STOP,0.0,0.0,0.0,0,0.0,0.0,0.0,0.0,0,0.0,0.0,0,0,0,0,0.0,0,0.0,0.0,0,0.0,0.0,0.0,0.0,0.0,0.0,0.0,0.0,0.0,0,0,0.0,0,0,0.0,0.0,0,0.25,0.185,0.088,0.388,0.605,0.6,0,-0.615,2847.0,4888.4
3138,XPDUSDm,PULLBACK,SELL,2022.03.28 14:33:40,2022.03.28 14:42:00,8,2210.47,2251.51,-4104.0,-4104.0,0.0,0.0,SL_HIT,0.0,0.0,0.0,0,0.0,0.0,0.0,0.0,0,0.0,0.0,0,0,0,0,0.0,0,0.0,0.0,0,0.0,0.0,0.0,0.0,0.0,0.0,0.0,0.0,0.0,0,0,0.0,0,0,0.0,0.0,0,0.0,0.258,0.0,0.128,0.552,1.0,1,-0.86,3297.0,5751.1
3139,XPDUSDm,BREAKOUT,SELL,2022.03.28 14:37:40,2022.03.28 14:43:00,5,2215.29,2262.13,-4684.0,-4684.0,0.0,0.0,SL_HIT,0.0,0.0,0.0,0,0.0,0.0,0.0,0.0,0,0.0,0.0,0,0,0,0,0.0,0,0.0,0.0,0,0.0,0.0,0.0,0.0,0.0,0.0,0.0,0.0,0.0,0,0,0.0,0,0,0.0,0.0,0,0.0,0.258,0.111,0.093,0.552,1.0,1,-0.86,4243.0,5751.1
3143,XPDUSDm,PULLBACK,SELL,2022.03.28 16:33:40,2022.03.28 16:34:40,1,2210.71,2253.66,-4295.0,-4295.0,0.0,0.0,SL_HIT,0.0,0.0,0.0,0,0.0,0.0,0.0,0.0,0,0.0,0.0,0,0,0,0,0.0,0,0.0,0.0,0,0.0,0.0,0.0,0.0,0.0,0.0,0.0,0.0,0.0,0,0,0.0,0,0,0.0,0.0,0,0.25,0.226,0.356,0.262,0.611,1.0,1,-0.755,4092.0,6355.8
3149,XPDUSDm,TREND_CONTINUATION,SELL,2022.03.28 22:09:40,2022.03.28 22:10:40,1,2205.16,2271.77,-6661.0,-6661.0,0.0,0.0,SL_HIT,0.0,0.0,0.0,0,0.0,0.0,0.0,0.0,0,0.0,0.0,0,0,0,0,0.0,0,0.0,0.0,0,0.0,0.0,0.0,0.0,0.0,0.0,0.0,0.0,0.0,0,0,0.0,0,0,0.0,0.0,0,0.15,0.3,0.053,0.165,0.747,0.8,1,-1.0,6289.0,5550.5
3146,XPDUSDm,TREND_CONTINUATION,SELL,2022.03.28 20:09:40,2022.03.28 22:11:00,121,2209.27,2278.94,-6967.0,-6967.0,0.0,0.0,SL_HIT,0.0,0.0,0.0,0,0.0,0.0,0.0,0.0,0,0.0,0.0,0,0,0,0,0.0,0,0.0,0.0,0,0.0,0.0,0.0,0.0,0.0,0.0,0.0,0.0,0.0,0,0,0.0,0,0,0.0,0.0,0,0.15,0.3,0.053,0.281,0.747,0.8,0,-1.0,7376.0,5550.5
3154,XPDUSDm,BREAKOUT,SELL,2022.03.29 03:49:40,2022.03.29 03:50:40,1,2216.7,2273.27,-5657.0,-5657.0,0.0,0.0,SL_HIT,0.0,0.0,0.0,0,0.0,0.0,0.0,0.0,0,0.0,0.0,0,0,0,0,0.0,0,0.0,0.0,0,0.0,0.0,0.0,0.0,0.0,0.0,0.0,0.0,0.0,0,0,0.0,0,0,0.0,0.0,0,0.15,0.0,0.152,0.199,0.904,0.116,1,0.0,5579.0,3771.2
3155,XPDUSDm,PULLBACK,SELL,2022.03.29 03:49:59,2022.03.29 03:50:40,0,2216.75,2273.32,-5657.0,-5657.0,0.0,0.0,SL_HIT,0.0,0.0,0.0,0,0.0,0.0,0.0,0.0,0,0.0,0.0,0,0,0,0,0.0,0,0.0,0.0,0,0.0,0.0,0.0,0.0,0.0,0.0,0.0,0.0,0.0,0,0,0.0,0,0,0.0,0.0,0,0.15,0.0,0.152,0.199,0.904,0.116,1,0.0,5579.0,3771.2
3145,XPDUSDm,TREND_CONTINUATION,SELL,2022.03.28 18:09:40,2022.03.29 05:00:20,650,2214.73,2290.93,-7620.0,-7620.0,0.0,0.0,SL_HIT,0.0,0.0,0.0,0,0.0,0.0,0.0,0.0,0,0.0,0.0,0,0,0,0,0.0,0,0.0,0.0,0,0.0,0.0,0.0,0.0,0.0,0.0,0.0,0.0,0.0,0,0,0.0,0,0,0.0,0.0,0,0.0,0.177,0.15,0.0,0.794,0.357,1,0.5916,6598.0,2741.4
3152,XPDUSDm,PULLBACK,SELL,2022.03.28 22:35:00,2022.03.29 05:00:20,385,2206.85,2290.11,-8326.0,-8326.0,0.0,0.0,SL_HIT,0.0,0.0,0.0,0,0.0,0.0,0.0,0.0,0,0.0,0.0,0,0,0,0,0.0,0,0.0,0.0,0,0.0,0.0,0.0,0.0,0.0,0.0,0.0,0.0,0.0,0,0,0.0,0,0,0.0,0.0,0,0.0,0.177,0.15,0.0,0.794,0.357,1,0.5916,6598.0,2741.4
3153,XPDUSDm,BREAKOUT,SELL,2022.03.28 22:41:30,2022.03.29 05:00:20,378,2206.98,2290.24,-8326.0,-8326.0,0.0,0.0,SL_HIT,0.0,0.0,0.0,0,0.0,0.0,0.0,0.0,0,0.0,0.0,0,0,0,0,0.0,0,0.0,0.0,0,0.0,0.0,0.0,0.0,0.0,0.0,0.0,0.0,0.0,0,0,0.0,0,0,0.0,0.0,0,0.0,0.177,0.15,0.0,0.794,0.357,1,0.5916,6598.0,2741.4
3147,XPDUSDm,PULLBACK,SELL,2022.03.28 20:33:40,2022.03.29 05:02:20,508,2210.46,2297.55,-8709.0,-8709.0,0.0,0.0,SL_HIT,0.0,0.0,0.0,0,0.0,0.0,0.0,0.0,0,0.0,0.0,0,0,0,0,0.0,0,0.0,0.0,0,0.0,0.0,0.0,0.0,0.0,0.0,0.0,0.0,0.0,0,0,0.0,0,0,0.0,0.0,0,0.0,0.177,0.15,0.0,0.794,0.357,1,0.5916,7648.0,2741.4
3148,XPDUSDm,BREAKOUT,SELL,2022.03.28 20:39:40,2022.03.29 05:02:20,502,2211.65,2298.74,-8709.0,-8709.0,0.0,0.0,SL_HIT,0.0,0.0,0.0,0,0.0,0.0,0.0,0.0,0,0.0,0.0,0,0,0,0,0.0,0,0.0,0.0,0,0.0,0.0,0.0,0.0,0.0,0.0,0.0,0.0,0.0,0,0,0.0,0,0,0.0,0.0,0,0.0,0.177,0.15,0.0,0.794,0.357,1,0.5916,7648.0,2741.4
3142,XPDUSDm,TREND_CONTINUATION,SELL,2022.03.28 14:43:40,2022.03.29 06:01:00,917,2239.55,2308.56,-6901.0,-6901.0,0.0,0.0,SL_HIT,0.0,0.0,0.0,0,0.0,0.0,0.0,0.0,0,0.0,0.0,0,0,0,0,0.0,0,0.0,0.0,0,0.0,0.0,0.0,0.0,0.0,0.0,0.0,0.0,0.0,0,0,0.0,0,0,0.0,0.0,0,0.4,0.164,0.14,0.451,0.773,0.75,0,0.545,6078.0,2622.6
3165,XPDUSDm,ANCHORED_PULLBACK,SELL,2022.03.29 15:00:00,2022.03.29 15:07:40,7,2078.59,2108.84,-3025.0,-3025.0,0.0,0.0,SL_HIT,0.0,0.0,0.0,0,0.0,0.0,0.0,0.0,0,0.0,0.0,0,0,0,0,0.0,0,0.0,0.0,0,0.0,0.0,0.0,0.0,0.0,0.0,0.0,0.0,0.0,0,0,0.0,0,0,0.0,0.0,0,0.25,0.195,0.088,0.1,0.645,0.65,1,-0.65,2393.0,5256.3
3164,XPDUSDm,TREND_CONTINUATION,SELL,2022.03.29 14:47:59,2022.03.29 15:25:00,37,2063.81,2124.47,-6066.0,-6066.0,0.0,0.0,SL_HIT,0.0,0.0,0.0,0,0.0,0.0,0.0,0.0,0,0.0,0.0,0,0,0,0,0.0,0,0.0,0.0,0,0.0,0.0,0.0,0.0,0.0,0.0,0.0,0.0,0.0,0,0,0.0,0,0,0.0,0.0,0,0.25,0.195,0.088,0.1,0.645,0.65,1,-0.65,4096.0,5256.3
3168,XPDUSDm,MEAN_REVERSION,SELL,2022.03.29 17:28:40,2022.03.29 22:05:00,276,2131.83,2177.6,-4577.0,-4577.0,0.0,0.0,SL_HIT,0.0,0.0,0.0,0,0.0,0.0,0.0,0.0,0,0.0,0.0,0,0,0,0,0.0,0,0.0,0.0,0,0.0,0.0,0.0,0.0,0.0,0.0,0.0,0.0,0.0,0,0,0.0,0,0,0.0,0.0,8,0.4,0.247,0.14,0.698,0.519,1.0,0,-0.825,6865.0,5366.5
3174,XPDUSDm,SWEEP_REVERSAL,SELL,2022.03.30 01:57:40,2022.03.30 02:38:00,40,2167.07,2211.24,-4417.0,-4417.0,0.0,0.0,SL_HIT,0.0,0.0,0.0,0,0.0,0.0,0.0,0.0,0,0.0,0.0,0,0,0,0,0.0,0,0.0,0.0,0,0.0,0.0,0.0,0.0,0.0,0.0,0.0,0.0,0.0,0,0,0.0,0,0,0.0,0.0,0,0.0,0.226,0.143,0.257,0.621,0.825,0,0.755,4296.0,4430.0
3176,XPDUSDm,SWEEP_REVERSAL,SELL,2022.03.30 11:22:40,2022.03.30 11:24:40,2,2195.03,2224.33,-2930.0,-2930.0,0.0,0.0,SL_HIT,0.0,0.0,0.0,0,0.0,0.0,0.0,0.0,0,0.0,0.0,0,0,0,0,0.0,0,0.0,0.0,0,0.0,0.0,0.0,0.0,0.0,0.0,0.0,0.0,0.0,0,0,0.0,0,0,0.0,0.0,0,0.15,0.081,0.053,0.312,0.763,0.211,0,-0.2711,3009.0,2930.4
3178,XPDUSDm,MEAN_REVERSION,SELL,2022.03.30 12:49:00,2022.03.30 12:49:40,0,2221.67,2246.3,-2463.0,-2463.0,0.0,0.0,SL_HIT,0.0,0.0,0.0,0,0.0,0.0,0.0,0.0,0,0.0,0.0,0,0,0,0,0.0,0,0.0,0.0,0,0.0,0.0,0.0,0.0,0.0,0.0,0.0,0.0,0.0,0,0,0.0,0,0,0.0,0.0,0,0.0,0.115,0.11,0.256,0.653,0.149,0,0.384,2293.0,3078.4
3180,XPDUSDm,SWEEP_REVERSAL,SELL,2022.03.30 16:33:00,2022.03.30 19:49:00,196,2255.33,2291.79,-3646.0,-3646.0,0.0,0.0,SL_HIT,0.0,0.0,0.0,0,0.0,0.0,0.0,0.0,0,0.0,0.0,0,0,0,0,0.0,0,0.0,0.0,0,0.0,0.0,0.0,0.0,0.0,0.0,0.0,0.0,0.0,0,0,0.0,0,0,0.0,0.0,0,0.25,0.206,0.22,0.229,0.825,0.7,1,0.685,4950.0,3705.9
3182,XPDUSDm,BREAKOUT,SELL,2022.03.31 03:00:40,2022.03.31 03:01:00,0,2230.76,2269.81,-3905.0,-3905.0,0.0,0.0,SL_HIT,0.0,0.0,0.0,0,0.0,0.0,0.0,0.0,0,0.0,0.0,0,0,0,0,0.0,0,0.0,0.0,0,0.0,0.0,0.0,0.0,0.0,0.0,0.0,0.0,0.0,0,0,0.0,0,0,0.0,0.0,0,0.4,0.16,0.14,0.342,0.725,0.761,0,0.5326,4325.0,2603.2
3184,XPDUSDm,PULLBACK,SELL,2022.03.31 12:10:40,2022.03.31 12:13:40,3,2251.46,2289.46,-3800.0,-3800.0,0.0,0.0,SL_HIT,0.0,0.0,0.0,0,0.0,0.0,0.0,0.0,0,0.0,0.0,0,0,0,0,0.0,0,0.0,0.0,0,0.0,0.0,0.0,0.0,0.0,0.0,0.0,0.0,0.0,0,0,0.0,0,0,0.0,0.0,0,0.4,0.0,0.14,0.435,0.673,0.257,0,0.0,3546.0,2533.6
3186,XPDUSDm,BREAKOUT,SELL,2022.03.31 17:00:40,2022.03.31 17:38:40,38,2244.53,2296.5,-5197.0,-5197.0,0.0,0.0,SL_HIT,0.0,0.0,0.0,0,0.0,0.0,0.0,0.0,0,0.0,0.0,0,0,0,0,0.0,0,0.0,0.0,0,0.0,0.0,0.0,0.0,0.0,0.0,0.0,0.0,0.0,0,0,0.0,0,0,0.0,0.0,0,0.25,0.174,0.088,0.283,0.644,0.55,1,0.58,3738.0,3464.6
