ticket,symbol,setupType,direction,entryTime,exitTime,holdingMinutes,entryPrice,exitPrice,profitPips,profitUSD,maeATR,mfeATR,exitReason,entryVpPOC,entryVpVAH,entryVpVAL,entryVpInsideVA,entryVpDistHVN,entryVpDistLVN,entryVpBestHVN,entryVpThinnessRatio,entryVpOverlapBias,entryVpMigrationConf,entryVpDevPOCDir,entryVpProfileShape,entryVpUpthrust,entryVpSpring,entryVpCompPosition,entryVpBreakoutPOC,entryAuctRegime,entryAuctRegimeConf,entryAuctTradeQuality,entryAuctTradeGrade,entryAuctBalance,entryAuctContinuation,entryAuctReversalRisk,entryAuctExhaustion,entryAuctFailure,entryAuctVAExpRate,entryAuctTargetPrice,entryAuctTargetConf,entryAuctExpReward,entryLTValid,entryLTPOCMigration,entryLTNearestZoneStrength,entryArchetype,entryProfilerSamples,thesis,riskReward,exitAuctRegime,exitAuctFailure,exitAuctContinuation,exitAuctReversalRisk,exitAuctExhaustion,exitAuctBalance,exitVpMigrationConf,exitVpInsideVA,exitVpDevPOCDir,exitSpreadPoints,exitAtrProxy
93450,DE30m,ANCHORED_PULLBACK,BUY,2026.04.01 00:00:00,2026.04.01 00:00:40,0,23099.0,23092.4,-66.0,-7.64,0.0,0.0,SL_HIT,0.0,0.0,0.0,0,0.0,0.0,0.0,0.0,0,0.0,0.0,0,0,0,0,0.0,0,0.0,0.0,0,0.0,0.0,0.0,0.0,0.0,0.0,0.0,0.0,0.0,0,0,0.0,0,0,0.0,0.0,0,0.15,0.247,0.314,0.329,0.808,1.0,0,0.825,16.0,1386.9
93452,DE30m,BREAKOUT,BUY,2026.04.01 00:17:40,2026.04.01 00:19:40,2,23064.9,23065.4,5.0,0.58,0.0,0.0,TRAIL_STOP,0.0,0.0,0.0,0,0.0,0.0,0.0,0.0,0,0.0,0.0,0,0,0,0,0.0,0,0.0,0.0,0,0.0,0.0,0.0,0.0,0.0,0.0,0.0,0.0,0.0,0,0,0.0,0,0,0.0,0.0,0,0.15,0.247,0.314,0.32,0.808,1.0,0,0.825,16.0,1386.9
93453,DE30m,TREND_CONTINUATION,BUY,2026.04.01 00:18:20,2026.04.01 00:19:40,1,23062.4,23065.4,30.0,3.47,0.0,0.0,TRAIL_STOP,0.0,0.0,0.0,0,0.0,0.0,0.0,0.0,0,0.0,0.0,0,0,0,0,0.0,0,0.0,0.0,0,0.0,0.0,0.0,0.0,0.0,0.0,0.0,0.0,0.0,0,0,0.0,0,0,0.0,0.0,0,0.15,0.247,0.314,0.32,0.808,1.0,0,0.825,16.0,1386.9
93456,DE30m,PULLBACK,BUY,2026.04.01 00:45:40,2026.04.01 00:47:40,2,23061.5,23063.3,18.0,2.08,0.0,0.0,TRAIL_STOP,0.0,0.0,0.0,0,0.0,0.0,0.0,0.0,0,0.0,0.0,0,0,0,0,0.0,0,0.0,0.0,0,0.0,0.0,0.0,0.0,0.0,0.0,0.0,0.0,0.0,0,0,0.0,0,0,0.0,0.0,0,0.15,0.247,0.314,0.32,0.808,1.0,0,0.825,16.0,1386.9
93458,DE30m,BREAKOUT_RETEST,BUY,2026.04.01 01:01:40,2026.04.01 01:02:20,0,23054.9,23054.3,-6.0,-0.69,0.0,0.0,SL_HIT,0.0,0.0,0.0,0,0.0,0.0,0.0,0.0,0,0.0,0.0,0,0,0,0,0.0,0,0.0,0.0,0,0.0,0.0,0.0,0.0,0.0,0.0,0.0,0.0,0.0,0,0,0.0,0,0,0.0,0.0,0,0.15,0.3,0.194,0.185,0.709,1.0,1,1.0,16.0,1387.3
93460,DE30m,BREAKOUT_RETEST,BUY,2026.04.01 03:13:40,2026.04.01 03:15:40,2,23022.9,23018.4,-45.0,-5.21,0.0,0.0,SL_HIT,0.0,0.0,0.0,0,0.0,0.0,0.0,0.0,0,0.0,0.0,0,0,0,0,0.0,0,0.0,0.0,0,0.0,0.0,0.0,0.0,0.0,0.0,0.0,0.0,0.0,0,0,0.0,0,0,0.0,0.0,0,0.4,0.247,0.227,0.335,0.675,1.0,0,0.825,16.0,1215.9
93462,DE30m,PULLBACK,BUY,2026.04.01 03:30:40,2026.04.01 03:35:40,5,23033.9,23029.4,-45.0,-5.2,0.0,0.0,SL_HIT,0.0,0.0,0.0,0,0.0,0.0,0.0,0.0,0,0.0,0.0,0,0,0,0,0.0,0,0.0,0.0,0,0.0,0.0,0.0,0.0,0.0,0.0,0.0,0.0,0.0,0,0,0.0,0,0,0.0,0.0,0,0.4,0.247,0.227,0.16,0.675,1.0,1,0.825,16.0,1215.9
93463,DE30m,TREND_CONTINUATION,BUY,2026.04.01 03:33:40,2026.04.01 03:35:40,2,23035.4,23029.4,-60.0,-6.94,0.0,0.0,SL_HIT,0.0,0.0,0.0,0,0.0,0.0,0.0,0.0,0,0.0,0.0,0,0,0,0,0.0,0,0.0,0.0,0,0.0,0.0,0.0,0.0,0.0,0.0,0.0,0.0,0.0,0,0,0.0,0,0,0.0,0.0,0,0.4,0.247,0.227,0.16,0.675,1.0,1,0.825,16.0,1215.9
93466,DE30m,BREAKOUT,BUY,2026.04.01 04:26:40,2026.04.01 04:31:40,5,23049.0,23052.1,31.0,3.58,0.0,0.0,TRAIL_STOP,0.0,0.0,0.0,0,0.0,0.0,0.0,0.0,0,0.0,0.0,0,0,0,0,0.0,0,0.0,0.0,0,0.0,0.0,0.0,0.0,0.0,0.0,0.0,0.0,0.0,0,0,0.0,0,0,0.0,0.0,0,0.4,0.247,0.14,0.345,0.746,0.8,1,0.825,16.0,1155.6
93468,DE30m,PULLBACK,BUY,2026.04.01 05:30:40,2026.04.01 05:34:40,4,23091.0,23095.4,44.0,5.09,0.0,0.0,TRAIL_STOP,0.0,0.0,0.0,0,0.0,0.0,0.0,0.0,0,0.0,0.0,0,0,0,0,0.0,0,0.0,0.0,0,0.0,0.0,0.0,0.0,0.0,0.0,0.0,0.0,0.0,0,0,0.0,0,0,0.0,0.0,0,0.15,0.3,0.154,0.347,0.684,0.8,0,1.0,16.0,1095.6
93469,DE30m,TREND_CONTINUATION,BUY,2026.04.01 05:33:40,2026.04.01 05:34:40,1,23100.9,23093.2,-77.0,-8.91,0.0,0.0,SL_HIT,0.0,0.0,0.0,0,0.0,0.0,0.0,0.0,0,0.0,0.0,0,0,0,0,0.0,0,0.0,0.0,0,0.0,0.0,0.0,0.0,0.0,0.0,0.0,0.0,0.0,0,0,0.0,0,0,0.0,0.0,0,0.15,0.3,0.154,0.347,0.684,0.8,0,1.0,16.0,1095.6
93472,DE30m,BREAKOUT,BUY,2026.04.01 06:26:40,2026.04.01 07:14:40,48,23220.0,23265.1,451.0,52.25,0.0,0.0,TRAIL_STOP,0.0,0.0,0.0,0,0.0,0.0,0.0,0.0,0,0.0,0.0,0,0,0,0,0.0,0,0.0,0.0,0,0.0,0.0,0.0,0.0,0.0,0.0,0.0,0.0,0.0,0,0,0.0,0,0,0.0,0.0,0,0.0,0.3,0.0,0.158,0.429,1.0,1,1.0,16.0,1046.3
93475,DE30m,BREAKOUT_RETEST,BUY,2026.04.01 07:12:40,2026.04.01 07:17:20,4,23275.3,23243.9,-314.0,-36.39,0.0,0.0,SL_HIT,0.0,0.0,0.0,0,0.0,0.0,0.0,0.0,0,0.0,0.0,0,0,0,0,0.0,0,0.0,0.0,0,0.0,0.0,0.0,0.0,0.0,0.0,0.0,0.0,0.0,0,0,0.0,0,0,0.0,0.0,0,0.0,0.3,0.0,0.249,0.429,1.0,1,1.0,16.0,1046.3
93473,DE30m,ANCHORED_PULLBACK,BUY,2026.04.01 07:00:40,2026.04.01 07:19:40,19,23332.0,23236.0,-960.0,-111.26,0.0,0.0,SL_HIT,0.0,0.0,0.0,0,0.0,0.0,0.0,0.0,0,0.0,0.0,0,0,0,0,0.0,0,0.0,0.0,0,0.0,0.0,0.0,0.0,0.0,0.0,0.0,0.0,0.0,0,0,0.0,0,0,0.0,0.0,0,0.0,0.3,0.0,0.278,0.429,1.0,1,1.0,16.0,1046.3
93474,DE30m,NAKED_POC,BUY,2026.04.01 07:01:59,2026.04.01 07:41:40,39,23334.9,23278.6,-563.0,-65.21,0.0,0.0,SL_HIT,0.0,0.0,0.0,0,0.0,0.0,0.0,0.0,0,0.0,0.0,0,0,0,0,0.0,0,0.0,0.0,0,0.0,0.0,0.0,0.0,0.0,0.0,0.0,0.0,0.0,0,0,0.0,0,0,0.0,0.0,0,0.0,0.3,0.0,0.09,0.429,1.0,1,1.0,16.0,1046.3
93479,DE30m,PULLBACK,BUY,2026.04.01 07:30:40,2026.04.01 07:41:40,11,23263.0,23278.6,156.0,18.07,0.0,0.0,TRAIL_STOP,0.0,0.0,0.0,0,0.0,0.0,0.0,0.0,0,0.0,0.0,0,0,0,0,0.0,0,0.0,0.0,0,0.0,0.0,0.0,0.0,0.0,0.0,0.0,0.0,0.0,0,0,0.0,0,0,0.0,0.0,0,0.0,0.3,0.0,0.09,0.429,1.0,1,1.0,16.0,1046.3
93480,DE30m,TREND_CONTINUATION,BUY,2026.04.01 07:33:40,2026.04.01 07:41:40,8,23273.0,23278.6,56.0,6.49,0.0,0.0,TRAIL_STOP,0.0,0.0,0.0,0,0.0,0.0,0.0,0.0,0,0.0,0.0,0,0,0,0,0.0,0,0.0,0.0,0,0.0,0.0,0.0,0.0,0.0,0.0,0.0,0.0,0.0,0,0,0.0,0,0,0.0,0.0,0,0.0,0.3,0.0,0.09,0.429,1.0,1,1.0,16.0,1046.3
93484,DE30m,MEAN_REVERSION,BUY,2026.04.01 08:00:00,2026.04.01 08:04:40,4,23144.4,23162.1,177.0,20.52,0.0,0.0,TRAIL_STOP,0.0,0.0,0.0,0,0.0,0.0,0.0,0.0,0,0.0,0.0,0,0,0,0,0.0,0,0.0,0.0,0,0.0,0.0,0.0,0.0,0.0,0.0,0.0,0.0,0.0,0,0,0.0,0,0,0.0,0.0,0,0.15,0.3,0.053,0.305,0.577,0.8,0,1.0,16.0,879.9
93485,DE30m,SWEEP_REVERSAL,BUY,2026.04.01 08:00:40,2026.04.01 08:16:40,16,23157.0,23131.2,-258.0,-29.9,0.0,0.0,SL_HIT,0.0,0.0,0.0,0,0.0,0.0,0.0,0.0,0,0.0,0.0,0,0,0,0,0.0,0,0.0,0.0,0,0.0,0.0,0.0,0.0,0.0,0.0,0.0,0.0,0.0,0,0,0.0,0,0,0.0,0.0,0,0.15,0.3,0.053,0.322,0.577,0.8,0,1.0,16.0,879.9
93488,DE30m,BREAKOUT,BUY,2026.04.01 08:54:40,2026.04.01 08:55:40,1,23108.0,23172.1,641.0,74.38,0.0,0.0,TRAIL_STOP,0.0,0.0,0.0,0,0.0,0.0,0.0,0.0,0,0.0,0.0,0,0,0,0,0.0,0,0.0,0.0,0,0.0,0.0,0.0,0.0,0.0,0.0,0.0,0.0,0.0,0,0,0.0,0,0,0.0,0.0,0,0.15,0.3,0.053,0.33,0.577,0.8,0,1.0,16.0,879.9
93490,DE30m,BREAKOUT_RETEST,BUY,2026.04.01 09:12:40,2026.04.01 09:15:40,3,23125.0,23110.2,-148.0,-17.16,0.0,0.0,SL_HIT,0.0,0.0,0.0,0,0.0,0.0,0.0,0.0,0,0.0,0.0,0,0,0,0,0.0,0,0.0,0.0,0,0.0,0.0,0.0,0.0,0.0,0.0,0.0,0.0,0.0,0,0,0.0,0,0,0.0,0.0,0,0.25,0.247,0.222,0.18,0.66,1.0,1,0.825,16.0,880.6
93492,DE30m,PULLBACK,BUY,2026.04.01 09:35:40,2026.04.01 09:36:59,1,23120.0,23123.2,32.0,3.71,0.0,0.0,TRAIL_STOP,0.0,0.0,0.0,0,0.0,0.0,0.0,0.0,0,0.0,0.0,0,0,0,0,0.0,0,0.0,0.0,0,0.0,0.0,0.0,0.0,0.0,0.0,0.0,0.0,0.0,0,0,0.0,0,0,0.0,0.0,0,0.25,0.247,0.222,0.256,0.66,1.0,1,0.825,16.0,880.6
93494,DE30m,TREND_CONTINUATION,BUY,2026.04.01 09:50:40,2026.04.01 09:51:20,0,23172.0,23165.5,-65.0,-7.53,0.0,0.0,SL_HIT,0.0,0.0,0.0,0,0.0,0.0,0.0,0.0,0,0.0,0.0,0,0,0,0,0.0,0,0.0,0.0,0,0.0,0.0,0.0,0.0,0.0,0.0,0.0,0.0,0.0,0,0,0.0,0,0,0.0,0.0,0,0.25,0.247,0.222,0.113,0.66,1.0,1,0.825,16.0,880.6
93496,DE30m,MEAN_REVERSION,BUY,2026.04.01 10:01:40,2026.04.01 10:02:40,1,23120.3,23127.9,76.0,8.81,0.0,0.0,TRAIL_STOP,0.0,0.0,0.0,0,0.0,0.0,0.0,0.0,0,0.0,0.0,0,0,0,0,0.0,0,0.0,0.0,0,0.0,0.0,0.0,0.0,0.0,0.0,0.0,0.0,0.0,0,0,0.0,0,0,0.0,0.0,0,0.25,0.247,0.209,0.138,0.634,0.8,1,0.825,16.0,967.1
93498,DE30m,SWEEP_REVERSAL,BUY,2026.04.01 10:10:40,2026.04.01 10:11:59,1,23076.4,23085.9,95.0,11.02,0.0,0.0,TRAIL_STOP,0.0,0.0,0.0,0,0.0,0.0,0.0,0.0,0,0.0,0.0,0,0,0,0,0.0,0,0.0,0.0,0,0.0,0.0,0.0,0.0,0.0,0.0,0.0,0.0,0.0,0,0,0.0,0,0,0.0,0.0,0,0.25,0.247,0.209,0.336,0.634,0.8,0,0.825,16.0,967.1
93500,DE30m,BREAKOUT,BUY,2026.04.01 10:54:40,2026.04.01 10:55:40,1,23187.1,23180.9,-62.0,-7.19,0.0,0.0,SL_HIT,0.0,0.0,0.0,0,0.0,0.0,0.0,0.0,0,0.0,0.0,0,0,0,0,0.0,0,0.0,0.0,0,0.0,0.0,0.0,0.0,0.0,0.0,0.0,0.0,0.0,0,0,0.0,0,0,0.0,0.0,0,0.25,0.247,0.209,0.1,0.634,0.8,1,0.825,16.0,967.1
93502,DE30m,NAKED_POC,BUY,2026.04.01 11:03:40,2026.04.01 11:04:59,1,23230.8,23233.7,29.0,3.36,0.0,0.0,TRAIL_STOP,0.0,0.0,0.0,0,0.0,0.0,0.0,0.0,0,0.0,0.0,0,0,0,0,0.0,0,0.0,0.0,0,0.0,0.0,0.0,0.0,0.0,0.0,0.0,0.0,0.0,0,0,0.0,0,0,0.0,0.0,0,0.25,0.247,0.088,0.345,0.655,0.8,0,0.825,16.0,987.7
93504,DE30m,PULLBACK,BUY,2026.04.01 11:35:40,2026.04.01 11:36:40,1,23301.7,23298.8,-29.0,-3.36,0.0,0.0,SL_HIT,0.0,0.0,0.0,0,0.0,0.0,0.0,0.0,0,0.0,0.0,0,0,0,0,0.0,0,0.0,0.0,0,0.0,0.0,0.0,0.0,0.0,0.0,0.0,0.0,0.0,0,0,0.0,0,0,0.0,0.0,0,0.25,0.247,0.088,0.309,0.655,0.8,0,0.825,16.0,987.7
93506,DE30m,TREND_CONTINUATION,BUY,2026.04.01 11:50:40,2026.04.01 11:52:00,1,23309.4,23316.8,74.0,8.59,0.0,0.0,TRAIL_STOP,0.0,0.0,0.0,0,0.0,0.0,0.0,0.0,0,0.0,0.0,0,0,0,0,0.0,0,0.0,0.0,0,0.0,0.0,0.0,0.0,0.0,0.0,0.0,0.0,0.0,0,0,0.0,0,0,0.0,0.0,0,0.25,0.247,0.088,0.35,0.655,0.8,0,0.825,16.0,987.7
93508,DE30m,ANCHORED_PULLBACK,BUY,2026.04.01 12:00:00,2026.04.01 12:01:20,1,23301.3,23304.7,34.0,3.95,0.0,0.0,TRAIL_STOP,0.0,0.0,0.0,0,0.0,0.0,0.0,0.0,0,0.0,0.0,0,0,0,0,0.0,0,0.0,0.0,0,0.0,0.0,0.0,0.0,0.0,0.0,0.0,0.0,0.0,0,0,0.0,0,0,0.0,0.0,0,0.4,0.247,0.14,0.375,0.605,1.0,0,0.825,16.0,1036.3
93510,DE30m,BREAKOUT,BUY,2026.04.01 12:54:40,2026.04.01 13:10:59,16,23213.5,23208.9,-46.0,-5.34,0.0,0.0,SL_HIT,0.0,0.0,0.0,0,0.0,0.0,0.0,0.0,0,0.0,0.0,0,0,0,0,0.0,0,0.0,0.0,0,0.0,0.0,0.0,0.0,0.0,0.0,0.0,0.0,0.0,0,0,0.0,0,0,0.0,0.0,0,0.0,0.3,0.131,0.184,0.506,1.0,1,1.0,16.0,1140.2
93511,DE30m,BREAKOUT_RETEST,BUY,2026.04.01 12:58:40,2026.04.01 13:10:59,12,23193.6,23208.9,153.0,17.76,0.0,0.0,TRAIL_STOP,0.0,0.0,0.0,0,0.0,0.0,0.0,0.0,0,0.0,0.0,0,0,0,0,0.0,0,0.0,0.0,0,0.0,0.0,0.0,0.0,0.0,0.0,0.0,0.0,0.0,0,0,0.0,0,0,0.0,0.0,0,0.0,0.3,0.131,0.184,0.506,1.0,1,1.0,16.0,1140.2
93512,DE30m,NAKED_POC,BUY,2026.04.01 13:03:40,2026.04.01 13:10:59,7,23212.0,23208.9,-31.0,-3.6,0.0,0.0,SL_HIT,0.0,0.0,0.0,0,0.0,0.0,0.0,0.0,0,0.0,0.0,0,0,0,0,0.0,0,0.0,0.0,0,0.0,0.0,0.0,0.0,0.0,0.0,0.0,0.0,0.0,0,0,0.0,0,0,0.0,0.0,0,0.0,0.3,0.131,0.184,0.506,1.0,1,1.0,16.0,1140.2
93516,DE30m,PULLBACK,BUY,2026.04.01 13:35:40,2026.04.01 13:40:40,5,23258.0,23247.3,-107.0,-12.44,0.0,0.0,SL_HIT,0.0,0.0,0.0,0,0.0,0.0,0.0,0.0,0,0.0,0.0,0,0,0,0,0.0,0,0.0,0.0,0,0.0,0.0,0.0,0.0,0.0,0.0,0.0,0.0,0.0,0,0,0.0,0,0,0.0,0.0,0,0.0,0.3,0.131,0.075,0.506,1.0,1,1.0,16.0,1140.2
93518,DE30m,TREND_CONTINUATION,BUY,2026.04.01 13:50:40,2026.04.01 13:58:20,7,23162.1,23162.1,0.0,0.0,0.0,0.0,TRAIL_STOP,0.0,0.0,0.0,0,0.0,0.0,0.0,0.0,0,0.0,0.0,0,0,0,0,0.0,0,0.0,0.0,0,0.0,0.0,0.0,0.0,0.0,0.0,0.0,0.0,0.0,0,0,0.0,0,0,0.0,0.0,0,0.0,0.3,0.131,0.202,0.506,1.0,1,1.0,16.0,1140.2
93520,DE30m,SWEEP_REVERSAL,BUY,2026.04.01 14:12:40,2026.04.01 14:13:40,1,23222.9,23216.2,-67.0,-7.78,0.0,0.0,SL_HIT,0.0,0.0,0.0,0,0.0,0.0,0.0,0.0,0,0.0,0.0,0,0,0,0,0.0,0,0.0,0.0,0,0.0,0.0,0.0,0.0,0.0,0.0,0.0,0.0,0.0,0,0,0.0,0,0,0.0,0.0,6,0.3,0.3,0.547,0.445,0.641,0.8,1,1.0,16.0,1177.1
93522,DE30m,BREAKOUT,BUY,2026.04.01 16:00:00,2026.04.01 16:00:40,0,23371.0,23367.9,-31.0,-3.6,0.0,0.0,SL_HIT,0.0,0.0,0.0,0,0.0,0.0,0.0,0.0,0,0.0,0.0,0,0,0,0,0.0,0,0.0,0.0,0,0.0,0.0,0.0,0.0,0.0,0.0,0.0,0.0,0.0,0,0,0.0,0,0,0.0,0.0,0,0.15,0.239,0.212,0.34,0.74,0.897,0,0.7979,16.0,1256.1
93523,DE30m,PULLBACK,BUY,2026.04.01 16:00:20,2026.04.01 16:00:40,0,23374.0,23367.9,-61.0,-7.08,0.0,0.0,SL_HIT,0.0,0.0,0.0,0,0.0,0.0,0.0,0.0,0,0.0,0.0,0,0,0,0,0.0,0,0.0,0.0,0,0.0,0.0,0.0,0.0,0.0,0.0,0.0,0.0,0.0,0,0,0.0,0,0,0.0,0.0,0,0.15,0.239,0.212,0.34,0.74,0.897,0,0.7979,16.0,1256.1
93524,DE30m,TREND_CONTINUATION,BUY,2026.04.01 16:00:30,2026.04.01 16:01:40,1,23374.0,23362.3,-117.0,-13.59,0.0,0.0,SL_HIT,0.0,0.0,0.0,0,0.0,0.0,0.0,0.0,0,0.0,0.0,0,0,0,0,0.0,0,0.0,0.0,0,0.0,0.0,0.0,0.0,0.0,0.0,0.0,0.0,0.0,0,0,0.0,0,0,0.0,0.0,0,0.15,0.239,0.212,0.347,0.74,0.897,0,0.7979,16.0,1256.1
93527,DE30m,ANCHORED_PULLBACK,BUY,2026.04.01 16:00:59,2026.04.01 16:01:40,0,23368.4,23361.3,-71.0,-8.25,0.0,0.0,SL_HIT,0.0,0.0,0.0,0,0.0,0.0,0.0,0.0,0,0.0,0.0,0,0,0,0,0.0,0,0.0,0.0,0,0.0,0.0,0.0,0.0,0.0,0.0,0.0,0.0,0.0,0,0,0.0,0,0,0.0,0.0,0,0.15,0.239,0.212,0.347,0.74,0.897,0,0.7979,16.0,1256.1
93530,DE30m,NAKED_POC,BUY,2026.04.01 17:03:40,2026.04.01 17:06:40,3,23364.0,23363.7,-3.0,-0.35,0.0,0.0,SL_HIT,0.0,0.0,0.0,0,0.0,0.0,0.0,0.0,0,0.0,0.0,0,0,0,0,0.0,0,0.0,0.0,0,0.0,0.0,0.0,0.0,0.0,0.0,0.0,0.0,0.0,0,0,0.0,0,0,0.0,0.0,0,0.15,0.3,0.186,0.277,0.697,1.0,0,1.0,16.0,1282.4
93532,DE30m,BREAKOUT,BUY,2026.04.01 18:00:00,2026.04.01 18:00:40,0,23305.5,23302.7,-28.0,-3.25,0.0,0.0,SL_HIT,0.0,0.0,0.0,0,0.0,0.0,0.0,0.0,0,0.0,0.0,0,0,0,0,0.0,0,0.0,0.0,0,0.0,0.0,0.0,0.0,0.0,0.0,0.0,0.0,0.0,0,0,0.0,0,0,0.0,0.0,0,0.0,0.3,0.148,0.094,0.68,1.0,1,1.0,16.0,1302.5
93533,DE30m,BREAKOUT_RETEST,BUY,2026.04.01 18:00:20,2026.04.01 18:00:40,0,23309.0,23302.7,-63.0,-7.3,0.0,0.0,SL_HIT,0.0,0.0,0.0,0,0.0,0.0,0.0,0.0,0,0.0,0.0,0,0,0,0,0.0,0,0.0,0.0,0,0.0,0.0,0.0,0.0,0.0,0.0,0.0,0.0,0.0,0,0,0.0,0,0,0.0,0.0,0,0.0,0.3,0.148,0.094,0.68,1.0,1,1.0,16.0,1302.5
93534,DE30m,PULLBACK,BUY,2026.04.01 18:00:30,2026.04.01 18:01:40,1,23309.0,23298.9,-101.0,-11.71,0.0,0.0,SL_HIT,0.0,0.0,0.0,0,0.0,0.0,0.0,0.0,0,0.0,0.0,0,0,0,0,0.0,0,0.0,0.0,0,0.0,0.0,0.0,0.0,0.0,0.0,0.0,0.0,0.0,0,0,0.0,0,0,0.0,0.0,0,0.0,0.3,0.148,0.094,0.68,1.0,1,1.0,16.0,1302.5
93537,DE30m,TREND_CONTINUATION,BUY,2026.04.01 18:00:40,2026.04.01 18:01:40,1,23300.4,23298.9,-15.0,-1.74,0.0,0.0,SL_HIT,0.0,0.0,0.0,0,0.0,0.0,0.0,0.0,0,0.0,0.0,0,0,0,0,0.0,0,0.0,0.0,0,0.0,0.0,0.0,0.0,0.0,0.0,0.0,0.0,0.0,0,0,0.0,0,0,0.0,0.0,0,0.0,0.3,0.148,0.094,0.68,1.0,1,1.0,16.0,1302.5
93540,DE30m,MEAN_REVERSION,BUY,2026.04.01 18:18:59,2026.04.01 18:25:40,6,23248.0,23208.9,-391.0,-45.3,0.0,0.0,SL_HIT,0.0,0.0,0.0,0,0.0,0.0,0.0,0.0,0,0.0,0.0,0,0,0,0,0.0,0,0.0,0.0,0,0.0,0.0,0.0,0.0,0.0,0.0,0.0,0.0,0.0,0,0,0.0,0,0,0.0,0.0,0,0.0,0.3,0.148,0.197,0.68,1.0,0,1.0,16.0,1302.5
93542,DE30m,BREAKOUT,BUY,2026.04.01 20:00:00,2026.04.01 20:15:40,15,23313.7,23307.1,-66.0,-7.65,0.0,0.0,SL_HIT,0.0,0.0,0.0,0,0.0,0.0,0.0,0.0,0,0.0,0.0,0,0,0,0,0.0,0,0.0,0.0,0,0.0,0.0,0.0,0.0,0.0,0.0,0.0,0.0,0.0,0,0,0.0,0,0,0.0,0.0,0,0.15,0.3,0.053,0.203,0.578,0.8,1,1.0,100.0,1434.4
93543,DE30m,PULLBACK,BUY,2026.04.01 20:00:20,2026.04.01 20:15:40,15,23313.7,23307.1,-66.0,-7.65,0.0,0.0,SL_HIT,0.0,0.0,0.0,0,0.0,0.0,0.0,0.0,0,0.0,0.0,0,0,0,0,0.0,0,0.0,0.0,0,0.0,0.0,0.0,0.0,0.0,0.0,0.0,0.0,0.0,0,0,0.0,0,0,0.0,0.0,0,0.15,0.3,0.053,0.203,0.578,0.8,1,1.0,100.0,1434.4
93544,DE30m,TREND_CONTINUATION,BUY,2026.04.01 20:00:40,2026.04.01 20:15:40,15,23329.2,23307.1,-221.0,-25.61,0.0,0.0,SL_HIT,0.0,0.0,0.0,0,0.0,0.0,0.0,0.0,0,0.0,0.0,0,0,0,0,0.0,0,0.0,0.0,0,0.0,0.0,0.0,0.0,0.0,0.0,0.0,0.0,0.0,0,0,0.0,0,0,0.0,0.0,0,0.15,0.3,0.053,0.203,0.578,0.8,1,1.0,100.0,1434.4
93545,DE30m,BREAKOUT_RETEST,BUY,2026.04.01 20:01:40,2026.04.01 20:15:40,14,23300.6,23307.1,65.0,7.53,0.0,0.0,TRAIL_STOP,0.0,0.0,0.0,0,0.0,0.0,0.0,0.0,0,0.0,0.0,0,0,0,0,0.0,0,0.0,0.0,0,0.0,0.0,0.0,0.0,0.0,0.0,0.0,0.0,0.0,0,0,0.0,0,0,0.0,0.0,0,0.15,0.3,0.053,0.203,0.578,0.8,1,1.0,100.0,1434.4
93550,DE30m,BREAKOUT_RETEST,BUY,2026.04.01 22:20:40,2026.04.01 22:23:59,3,23296.5,23305.3,88.0,10.2,0.0,0.0,TRAIL_STOP,0.0,0.0,0.0,0,0.0,0.0,0.0,0.0,0,0.0,0.0,0,0,0,0,0.0,0,0.0,0.0,0,0.0,0.0,0.0,0.0,0.0,0.0,0.0,0.0,0.0,0,0,0.0,0,0,0.0,0.0,0,0.15,0.3,0.193,0.104,0.565,0.8,1,1.0,100.0,1307.0
93552,DE30m,BREAKOUT,BUY,2026.04.02 00:00:00,2026.04.02 00:07:40,7,23297.4,23285.3,-121.0,-14.03,0.0,0.0,SL_HIT,0.0,0.0,0.0,0,0.0,0.0,0.0,0.0,0,0.0,0.0,0,0,0,0,0.0,0,0.0,0.0,0,0.0,0.0,0.0,0.0,0.0,0.0,0.0,0.0,0.0,0,0,0.0,0,0,0.0,0.0,0,0.0,0.277,0.0,0.246,0.711,0.725,1,0.9246,16.0,1141.7
93553,DE30m,PULLBACK,BUY,2026.04.02 00:00:20,2026.04.02 00:07:40,7,23299.8,23285.3,-145.0,-16.81,0.0,0.0,SL_HIT,0.0,0.0,0.0,0,0.0,0.0,0.0,0.0,0,0.0,0.0,0,0,0,0,0.0,0,0.0,0.0,0,0.0,0.0,0.0,0.0,0.0,0.0,0.0,0.0,0.0,0,0,0.0,0,0,0.0,0.0,0,0.0,0.277,0.0,0.246,0.711,0.725,1,0.9246,16.0,1141.7
93554,DE30m,TREND_CONTINUATION,BUY,2026.04.02 00:00:40,2026.04.02 00:07:40,7,23290.1,23285.3,-48.0,-5.56,0.0,0.0,SL_HIT,0.0,0.0,0.0,0,0.0,0.0,0.0,0.0,0,0.0,0.0,0,0,0,0,0.0,0,0.0,0.0,0,0.0,0.0,0.0,0.0,0.0,0.0,0.0,0.0,0.0,0,0,0.0,0,0,0.0,0.0,0,0.0,0.277,0.0,0.246,0.711,0.725,1,0.9246,16.0,1141.7
93558,DE30m,BREAKOUT_RETEST,BUY,2026.04.02 00:20:40,2026.04.02 00:43:20,22,23294.3,23318.0,237.0,27.48,0.0,0.0,TRAIL_STOP,0.0,0.0,0.0,0,0.0,0.0,0.0,0.0,0,0.0,0.0,0,0,0,0,0.0,0,0.0,0.0,0,0.0,0.0,0.0,0.0,0.0,0.0,0.0,0.0,0.0,0,0,0.0,0,0,0.0,0.0,0,0.0,0.277,0.0,0.26,0.711,0.725,1,0.9246,16.0,1141.7
93560,DE30m,ANCHORED_PULLBACK,BUY,2026.04.02 01:00:00,2026.04.02 01:00:40,0,23346.3,23341.2,-51.0,-5.91,0.0,0.0,SL_HIT,0.0,0.0,0.0,0,0.0,0.0,0.0,0.0,0,0.0,0.0,0,0,0,0,0.0,0,0.0,0.0,0,0.0,0.0,0.0,0.0,0.0,0.0,0.0,0.0,0.0,0,0,0.0,0,0,0.0,0.0,0,0.4,0.202,0.14,0.292,0.771,0.973,1,0.6739,16.0,1075.1
93562,DE30m,NAKED_POC,BUY,2026.04.02 01:03:59,2026.04.02 01:04:59,1,23243.6,23258.2,146.0,16.92,0.0,0.0,TRAIL_STOP,0.0,0.0,0.0,0,0.0,0.0,0.0,0.0,0,0.0,0.0,0,0,0,0,0.0,0,0.0,0.0,0,0.0,0.0,0.0,0.0,0.0,0.0,0.0,0.0,0.0,0,0,0.0,0,0,0.0,0.0,0,0.4,0.202,0.14,0.453,0.771,0.973,0,0.6739,18.0,1075.1
93564,DE30m,SWEEP_REVERSAL,BUY,2026.04.02 01:05:40,2026.04.02 01:10:40,5,23199.7,23303.5,1038.0,120.28,0.0,0.0,TP_HIT,0.0,0.0,0.0,0,0.0,0.0,0.0,0.0,0,0.0,0.0,0,0,0,0,0.0,0,0.0,0.0,0,0.0,0.0,0.0,0.0,0.0,0.0,0.0,0.0,0.0,0,0,0.0,0,0,0.0,0.0,0,0.4,0.202,0.14,0.292,0.771,0.973,1,0.6739,18.0,1075.1
93565,DE30m,MEAN_REVERSION,BUY,2026.04.02 01:05:59,2026.04.02 01:10:40,4,23204.0,23303.5,995.0,115.29,0.0,0.0,TP_HIT,0.0,0.0,0.0,0,0.0,0.0,0.0,0.0,0,0.0,0.0,0,0,0,0,0.0,0,0.0,0.0,0,0.0,0.0,0.0,0.0,0.0,0.0,0.0,0.0,0.0,0,0,0.0,0,0,0.0,0.0,0,0.4,0.202,0.14,0.292,0.771,0.973,1,0.6739,18.0,1075.1
93568,DE30m,MEAN_REVERSION,BUY,2026.04.02 03:06:00,2026.04.02 03:07:40,1,22903.7,22907.7,40.0,4.62,0.0,0.0,TRAIL_STOP,0.0,0.0,0.0,0,0.0,0.0,0.0,0.0,0,0.0,0.0,0,0,0,0,0.0,0,0.0,0.0,0,0.0,0.0,0.0,0.0,0.0,0.0,0.0,0.0,0.0,0,0,0.0,0,0,0.0,0.0,0,0.0,0.216,0.0,0.132,0.43,0.75,0,-0.72,16.0,1238.4
93570,DE30m,SWEEP_REVERSAL,BUY,2026.04.02 04:51:40,2026.04.02 04:53:40,2,22827.4,22825.1,-23.0,-2.65,0.0,0.0,SL_HIT,0.0,0.0,0.0,0,0.0,0.0,0.0,0.0,0,0.0,0.0,0,0,0,0,0.0,0,0.0,0.0,0,0.0,0.0,0.0,0.0,0.0,0.0,0.0,0.0,0.0,0,0,0.0,0,0,0.0,0.0,0,0.0,0.226,0.0,0.207,0.544,0.825,0,-0.755,16.0,1137.4
93572,DE30m,MEAN_REVERSION,BUY,2026.04.02 05:06:00,2026.04.02 05:15:59,9,22854.2,22847.4,-68.0,-7.84,0.0,0.0,SL_HIT,0.0,0.0,0.0,0,0.0,0.0,0.0,0.0,0,0.0,0.0,0,0,0,0,0.0,0,0.0,0.0,0,0.0,0.0,0.0,0.0,0.0,0.0,0.0,0.0,0.0,0,0,0.0,0,0,0.0,0.0,0,0.0,0.237,0.0,0.108,0.647,0.9,1,-0.79,16.0,1082.8
93574,DE30m,BREAKOUT,BUY,2026.04.02 08:00:00,2026.04.02 08:00:40,0,22994.1,22994.8,7.0,0.81,0.0,0.0,TRAIL_STOP,0.0,0.0,0.0,0,0.0,0.0,0.0,0.0,0,0.0,0.0,0,0,0,0,0.0,0,0.0,0.0,0,0.0,0.0,0.0,0.0,0.0,0.0,0.0,0.0,0.0,0,0,0.0,0,0,0.0,0.0,0,0.4,0.216,0.14,0.433,0.692,1.0,0,-0.72,16.0,1040.5
93575,DE30m,ANCHORED_PULLBACK,BUY,2026.04.02 08:00:20,2026.04.02 08:00:40,0,23000.1,22994.8,-53.0,-6.11,0.0,0.0,SL_HIT,0.0,0.0,0.0,0,0.0,0.0,0.0,0.0,0,0.0,0.0,0,0,0,0,0.0,0,0.0,0.0,0,0.0,0.0,0.0,0.0,0.0,0.0,0.0,0.0,0.0,0,0,0.0,0,0,0.0,0.0,0,0.4,0.216,0.14,0.433,0.692,1.0,0,-0.72,16.0,1040.5
93578,DE30m,MEAN_REVERSION,BUY,2026.04.02 09:15:20,2026.04.02 09:16:20,1,22891.7,22902.9,112.0,12.91,0.0,0.0,TRAIL_STOP,0.0,0.0,0.0,0,0.0,0.0,0.0,0.0,0,0.0,0.0,0,0,0,0,0.0,0,0.0,0.0,0,0.0,0.0,0.0,0.0,0.0,0.0,0.0,0.0,0.0,0,0,0.0,0,0,0.0,0.0,0,0.0,0.279,0.0,0.288,0.595,1.0,1,-0.93,16.0,1045.4
93580,DE30m,SWEEP_REVERSAL,BUY,2026.04.02 10:06:40,2026.04.02 10:08:40,2,22866.7,22874.9,82.0,9.45,0.0,0.0,TRAIL_STOP,0.0,0.0,0.0,0,0.0,0.0,0.0,0.0,0,0.0,0.0,0,0,0,0,0.0,0,0.0,0.0,0,0.0,0.0,0.0,0.0,0.0,0.0,0.0,0.0,0.0,0,0,0.0,0,0,0.0,0.0,0,0.15,0.29,0.053,0.27,0.633,0.8,0,-0.965,16.0,1019.8
93582,DE30m,MEAN_REVERSION,BUY,2026.04.02 11:15:20,2026.04.02 11:40:59,25,22800.2,22742.1,-581.0,-66.93,0.0,0.0,SL_HIT,0.0,0.0,0.0,0,0.0,0.0,0.0,0.0,0,0.0,0.0,0,0,0,0,0.0,0,0.0,0.0,0,0.0,0.0,0.0,0.0,0.0,0.0,0.0,0.0,0.0,0,0,0.0,0,0,0.0,0.0,0,0.15,0.3,0.053,0.345,0.666,1.0,0,-1.0,16.0,1009.8
93584,DE30m,SWEEP_REVERSAL,BUY,2026.04.02 12:06:40,2026.04.02 12:07:40,1,22712.7,22715.8,31.0,3.57,0.0,0.0,TRAIL_STOP,0.0,0.0,0.0,0,0.0,0.0,0.0,0.0,0,0.0,0.0,0,0,0,0,0.0,0,0.0,0.0,0,0.0,0.0,0.0,0.0,0.0,0.0,0.0,0.0,0.0,0,0,0.0,0,0,0.0,0.0,0,0.15,0.3,0.053,0.338,0.511,1.0,0,-1.0,16.0,1077.0
93586,DE30m,ANCHORED_PULLBACK,BUY,2026.04.02 14:01:20,2026.04.02 14:07:40,6,22861.7,22885.4,237.0,27.34,0.0,0.0,TRAIL_STOP,0.0,0.0,0.0,0,0.0,0.0,0.0,0.0,0,0.0,0.0,0,0,0,0,0.0,0,0.0,0.0,0,0.0,0.0,0.0,0.0,0.0,0.0,0.0,0.0,0.0,0,0,0.0,0,0,0.0,0.0,0,0.4,0.247,0.321,0.404,0.614,1.0,0,-0.825,16.0,1203.5
93588,DE30m,NAKED_POC,BUY,2026.04.02 15:05:40,2026.04.02 15:20:40,15,23114.6,23114.6,0.0,0.0,0.0,0.0,TRAIL_STOP,0.0,0.0,0.0,0,0.0,0.0,0.0,0.0,0,0.0,0.0,0,0,0,0,0.0,0,0.0,0.0,0,0.0,0.0,0.0,0.0,0.0,0.0,0.0,0.0,0.0,0,0,0.0,0,0,0.0,0.0,0,0.25,0.247,0.088,0.335,0.626,1.0,0,-0.825,16.0,1433.1
93590,DE30m,NAKED_POC,BUY,2026.04.02 18:00:00,2026.04.02 18:01:40,1,23162.4,23169.5,71.0,8.19,0.0,0.0,TRAIL_STOP,0.0,0.0,0.0,0,0.0,0.0,0.0,0.0,0,0.0,0.0,0,0,0,0,0.0,0,0.0,0.0,0,0.0,0.0,0.0,0.0,0.0,0.0,0.0,0.0,0.0,0,0,0.0,0,0,0.0,0.0,0,0.0,0.216,0.15,0.153,0.787,0.5,1,0.72,16.0,1226.3
93591,DE30m,BREAKOUT_RETEST,BUY,2026.04.02 18:00:20,2026.04.02 18:01:40,1,23162.4,23169.5,71.0,8.19,0.0,0.0,TRAIL_STOP,0.0,0.0,0.0,0,0.0,0.0,0.0,0.0,0,0.0,0.0,0,0,0,0,0.0,0,0.0,0.0,0,0.0,0.0,0.0,0.0,0.0,0.0,0.0,0.0,0.0,0,0,0.0,0,0,0.0,0.0,0,0.0,0.216,0.15,0.153,0.787,0.5,1,0.72,16.0,1226.3
93594,DE30m,BREAKOUT,BUY,2026.04.02 18:40:40,2026.04.02 18:41:59,1,23185.4,23187.4,20.0,2.31,0.0,0.0,TRAIL_STOP,0.0,0.0,0.0,0,0.0,0.0,0.0,0.0,0,0.0,0.0,0,0,0,0,0.0,0,0.0,0.0,0,0.0,0.0,0.0,0.0,0.0,0.0,0.0,0.0,0.0,0,0,0.0,0,0,0.0,0.0,0,0.0,0.216,0.15,0.211,0.787,0.5,0,0.72,16.0,1226.3
93596,DE30m,PULLBACK,BUY,2026.04.02 18:44:40,2026.04.02 18:46:40,2,23189.3,23186.2,-31.0,-3.58,0.0,0.0,SL_HIT,0.0,0.0,0.0,0,0.0,0.0,0.0,0.0,0,0.0,0.0,0,0,0,0,0.0,0,0.0,0.0,0,0.0,0.0,0.0,0.0,0.0,0.0,0.0,0.0,0.0,0,0,0.0,0,0,0.0,0.0,0,0.0,0.216,0.15,0.211,0.787,0.5,0,0.72,16.0,1226.3
93598,DE30m,NAKED_POC,BUY,2026.04.02 20:00:00,2026.04.07 00:15:40,6015,23208.3,23289.5,812.0,73.77,0.0,0.0,TP_HIT,0.0,0.0,0.0,0,0.0,0.0,0.0,0.0,0,0.0,0.0,0,0,0,0,0.0,0,0.0,0.0,0,0.0,0.0,0.0,0.0,0.0,0.0,0.0,0.0,0.0,0,0,0.0,0,0,0.0,0.0,0,0.4,0.185,0.14,0.458,0.68,0.9,0,0.615,18.0,1182.6
93599,DE30m,NAKED_POC,BUY,2026.04.03 00:00:00,2026.04.07 00:15:40,5775,23208.3,23289.5,812.0,77.77,0.0,0.0,TP_HIT,0.0,0.0,0.0,0,0.0,0.0,0.0,0.0,0,0.0,0.0,0,0,0,0,0.0,0,0.0,0.0,0,0.0,0.0,0.0,0.0,0.0,0.0,0.0,0.0,0.0,0,0,0.0,0,0,0.0,0.0,0,0.4,0.185,0.14,0.458,0.68,0.9,0,0.615,18.0,1182.6
93600,DE30m,NAKED_POC,BUY,2026.04.03 02:00:00,2026.04.07 00:15:40,5655,23208.3,23289.5,812.0,77.77,0.0,0.0,TP_HIT,0.0,0.0,0.0,0,0.0,0.0,0.0,0.0,0,0.0,0.0,0,0,0,0,0.0,0,0.0,0.0,0,0.0,0.0,0.0,0.0,0.0,0.0,0.0,0.0,0.0,0,0,0.0,0,0,0.0,0.0,0,0.4,0.185,0.14,0.458,0.68,0.9,0,0.615,18.0,1182.6
93601,DE30m,NAKED_POC,BUY,2026.04.03 04:00:00,2026.04.07 00:15:40,5535,23208.3,23289.5,812.0,77.77,0.0,0.0,TP_HIT,0.0,0.0,0.0,0,0.0,0.0,0.0,0.0,0,0.0,0.0,0,0,0,0,0.0,0,0.0,0.0,0,0.0,0.0,0.0,0.0,0.0,0.0,0.0,0.0,0.0,0,0,0.0,0,0,0.0,0.0,0,0.4,0.185,0.14,0.458,0.68,0.9,0,0.615,18.0,1182.6
93602,DE30m,NAKED_POC,BUY,2026.04.03 06:00:00,2026.04.07 00:15:40,5415,23208.3,23289.5,812.0,77.77,0.0,0.0,TP_HIT,0.0,0.0,0.0,0,0.0,0.0,0.0,0.0,0,0.0,0.0,0,0,0,0,0.0,0,0.0,0.0,0,0.0,0.0,0.0,0.0,0.0,0.0,0.0,0.0,0.0,0,0,0.0,0,0,0.0,0.0,0,0.4,0.185,0.14,0.458,0.68,0.9,0,0.615,18.0,1182.6
93603,DE30m,NAKED_POC,BUY,2026.04.03 08:00:00,2026.04.07 00:15:40,5295,23208.3,23289.5,812.0,77.77,0.0,0.0,TP_HIT,0.0,0.0,0.0,0,0.0,0.0,0.0,0.0,0,0.0,0.0,0,0,0,0,0.0,0,0.0,0.0,0,0.0,0.0,0.0,0.0,0.0,0.0,0.0,0.0,0.0,0,0,0.0,0,0,0.0,0.0,0,0.4,0.185,0.14,0.458,0.68,0.9,0,0.615,18.0,1182.6
93604,DE30m,NAKED_POC,BUY,2026.04.03 10:00:00,2026.04.07 00:15:40,5175,23208.3,23289.5,812.0,77.77,0.0,0.0,TP_HIT,0.0,0.0,0.0,0,0.0,0.0,0.0,0.0,0,0.0,0.0,0,0,0,0,0.0,0,0.0,0.0,0,0.0,0.0,0.0,0.0,0.0,0.0,0.0,0.0,0.0,0,0,0.0,0,0,0.0,0.0,0,0.4,0.185,0.14,0.458,0.68,0.9,0,0.615,18.0,1182.6
93605,DE30m,NAKED_POC,BUY,2026.04.03 12:00:00,2026.04.07 00:15:40,5055,23208.3,23289.5,812.0,77.77,0.0,0.0,TP_HIT,0.0,0.0,0.0,0,0.0,0.0,0.0,0.0,0,0.0,0.0,0,0,0,0,0.0,0,0.0,0.0,0,0.0,0.0,0.0,0.0,0.0,0.0,0.0,0.0,0.0,0,0,0.0,0,0,0.0,0.0,0,0.4,0.185,0.14,0.458,0.68,0.9,0,0.615,18.0,1182.6
93606,DE30m,NAKED_POC,BUY,2026.04.03 14:00:00,2026.04.07 00:15:40,4935,23208.3,23289.5,812.0,77.77,0.0,0.0,TP_HIT,0.0,0.0,0.0,0,0.0,0.0,0.0,0.0,0,0.0,0.0,0,0,0,0,0.0,0,0.0,0.0,0,0.0,0.0,0.0,0.0,0.0,0.0,0.0,0.0,0.0,0,0,0.0,0,0,0.0,0.0,0,0.4,0.185,0.14,0.458,0.68,0.9,0,0.615,18.0,1182.6
93607,DE30m,NAKED_POC,BUY,2026.04.03 16:00:00,2026.04.07 00:15:40,4815,23208.3,23289.5,812.0,77.77,0.0,0.0,TP_HIT,0.0,0.0,0.0,0,0.0,0.0,0.0,0.0,0,0.0,0.0,0,0,0,0,0.0,0,0.0,0.0,0,0.0,0.0,0.0,0.0,0.0,0.0,0.0,0.0,0.0,0,0,0.0,0,0,0.0,0.0,0,0.4,0.185,0.14,0.458,0.68,0.9,0,0.615,18.0,1182.6
93608,DE30m,NAKED_POC,BUY,2026.04.03 18:00:00,2026.04.07 00:15:40,4695,23208.3,23289.5,812.0,77.77,0.0,0.0,TP_HIT,0.0,0.0,0.0,0,0.0,0.0,0.0,0.0,0,0.0,0.0,0,0,0,0,0.0,0,0.0,0.0,0,0.0,0.0,0.0,0.0,0.0,0.0,0.0,0.0,0.0,0,0,0.0,0,0,0.0,0.0,0,0.4,0.185,0.14,0.458,0.68,0.9,0,0.615,18.0,1182.6
93609,DE30m,NAKED_POC,BUY,2026.04.05 23:06:00,2026.04.07 00:15:40,1509,23208.3,23289.5,812.0,89.73,0.0,0.0,TP_HIT,0.0,0.0,0.0,0,0.0,0.0,0.0,0.0,0,0.0,0.0,0,0,0,0,0.0,0,0.0,0.0,0,0.0,0.0,0.0,0.0,0.0,0.0,0.0,0.0,0.0,0,0,0.0,0,0,0.0,0.0,0,0.4,0.185,0.14,0.458,0.68,0.9,0,0.615,18.0,1182.6
93610,DE30m,NAKED_POC,BUY,2026.04.06 01:06:00,2026.04.07 00:15:40,1389,23208.3,23289.5,812.0,89.73,0.0,0.0,TP_HIT,0.0,0.0,0.0,0,0.0,0.0,0.0,0.0,0,0.0,0.0,0,0,0,0,0.0,0,0.0,0.0,0,0.0,0.0,0.0,0.0,0.0,0.0,0.0,0.0,0.0,0,0,0.0,0,0,0.0,0.0,0,0.4,0.185,0.14,0.458,0.68,0.9,0,0.615,18.0,1182.6
93611,DE30m,NAKED_POC,BUY,2026.04.06 03:06:00,2026.04.07 00:15:40,1269,23208.3,23289.5,812.0,89.73,0.0,0.0,TP_HIT,0.0,0.0,0.0,0,0.0,0.0,0.0,0.0,0,0.0,0.0,0,0,0,0,0.0,0,0.0,0.0,0,0.0,0.0,0.0,0.0,0.0,0.0,0.0,0.0,0.0,0,0,0.0,0,0,0.0,0.0,0,0.4,0.185,0.14,0.458,0.68,0.9,0,0.615,18.0,1182.6
93612,DE30m,NAKED_POC,BUY,2026.04.06 05:06:00,2026.04.07 00:15:40,1149,23208.3,23289.5,812.0,89.73,0.0,0.0,TP_HIT,0.0,0.0,0.0,0,0.0,0.0,0.0,0.0,0,0.0,0.0,0,0,0,0,0.0,0,0.0,0.0,0,0.0,0.0,0.0,0.0,0.0,0.0,0.0,0.0,0.0,0,0,0.0,0,0,0.0,0.0,0,0.4,0.185,0.14,0.458,0.68,0.9,0,0.615,18.0,1182.6
93613,DE30m,NAKED_POC,BUY,2026.04.06 07:06:00,2026.04.07 00:15:40,1029,23208.3,23289.5,812.0,89.73,0.0,0.0,TP_HIT,0.0,0.0,0.0,0,0.0,0.0,0.0,0.0,0,0.0,0.0,0,0,0,0,0.0,0,0.0,0.0,0,0.0,0.0,0.0,0.0,0.0,0.0,0.0,0.0,0.0,0,0,0.0,0,0,0.0,0.0,0,0.4,0.185,0.14,0.458,0.68,0.9,0,0.615,18.0,1182.6
93630,DE30m,BREAKOUT,BUY,2026.04.07 00:15:40,2026.04.07 00:31:40,16,23300.5,23317.2,167.0,19.27,0.0,0.0,TRAIL_STOP,0.0,0.0,0.0,0,0.0,0.0,0.0,0.0,0,0.0,0.0,0,0,0,0,0.0,0,0.0,0.0,0,0.0,0.0,0.0,0.0,0.0,0.0,0.0,0.0,0.0,0,0,0.0,0,0,0.0,0.0,0,0.4,0.185,0.14,0.458,0.68,0.9,0,0.615,23.0,1182.6
93631,DE30m,PULLBACK,BUY,2026.04.07 00:15:59,2026.04.07 00:31:40,15,23300.5,23317.2,167.0,19.27,0.0,0.0,TRAIL_STOP,0.0,0.0,0.0,0,0.0,0.0,0.0,0.0,0,0.0,0.0,0,0,0,0,0.0,0,0.0,0.0,0,0.0,0.0,0.0,0.0,0.0,0.0,0.0,0.0,0.0,0,0,0.0,0,0,0.0,0.0,0,0.4,0.185,0.14,0.458,0.68,0.9,0,0.615,23.0,1182.6
93632,DE30m,TREND_CONTINUATION,BUY,2026.04.07 00:16:00,2026.04.07 00:31:40,15,23303.3,23317.2,139.0,16.04,0.0,0.0,TRAIL_STOP,0.0,0.0,0.0,0,0.0,0.0,0.0,0.0,0,0.0,0.0,0,0,0,0,0.0,0,0.0,0.0,0,0.0,0.0,0.0,0.0,0.0,0.0,0.0,0.0,0.0,0,0,0.0,0,0,0.0,0.0,0,0.4,0.185,0.14,0.458,0.68,0.9,0,0.615,23.0,1182.6
93636,DE30m,ANCHORED_PULLBACK,BUY,2026.04.07 01:00:00,2026.04.07 01:00:40,0,23276.8,23274.1,-27.0,-3.12,0.0,0.0,SL_HIT,0.0,0.0,0.0,0,0.0,0.0,0.0,0.0,0,0.0,0.0,0,0,0,0,0.0,0,0.0,0.0,0,0.0,0.0,0.0,0.0,0.0,0.0,0.0,0.0,0.0,0,0,0.0,0,0,0.0,0.0,0,0.15,0.247,0.202,0.35,0.739,0.975,0,0.825,18.0,1182.0
93638,DE30m,NAKED_POC,BUY,2026.04.07 01:06:00,2026.04.07 01:06:40,0,23283.3,23278.5,-48.0,-5.54,0.0,0.0,SL_HIT,0.0,0.0,0.0,0,0.0,0.0,0.0,0.0,0,0.0,0.0,0,0,0,0,0.0,0,0.0,0.0,0,0.0,0.0,0.0,0.0,0.0,0.0,0.0,0.0,0.0,0,0,0.0,0,0,0.0,0.0,0,0.15,0.247,0.202,0.35,0.739,0.975,0,0.825,16.0,1182.0
93640,DE30m,BREAKOUT_RETEST,BUY,2026.04.07 01:51:40,2026.04.07 01:52:40,1,23193.4,23191.1,-23.0,-2.65,0.0,0.0,SL_HIT,0.0,0.0,0.0,0,0.0,0.0,0.0,0.0,0,0.0,0.0,0,0,0,0,0.0,0,0.0,0.0,0,0.0,0.0,0.0,0.0,0.0,0.0,0.0,0.0,0.0,0,0,0.0,0,0,0.0,0.0,0,0.15,0.247,0.202,0.06,0.739,0.975,1,0.825,16.0,1182.0
93642,DE30m,BREAKOUT,BUY,2026.04.07 02:19:40,2026.04.07 02:20:40,1,23177.4,23172.1,-53.0,-6.11,0.0,0.0,SL_HIT,0.0,0.0,0.0,0,0.0,0.0,0.0,0.0,0,0.0,0.0,0,0,0,0,0.0,0,0.0,0.0,0,0.0,0.0,0.0,0.0,0.0,0.0,0.0,0.0,0.0,0,0,0.0,0,0,0.0,0.0,0,0.0,0.258,0.0,0.126,0.702,0.7,1,0.86,16.0,1193.4
93643,DE30m,PULLBACK,BUY,2026.04.07 02:20:20,2026.04.07 02:20:40,0,23178.0,23172.1,-59.0,-6.8,0.0,0.0,SL_HIT,0.0,0.0,0.0,0,0.0,0.0,0.0,0.0,0,0.0,0.0,0,0,0,0,0.0,0,0.0,0.0,0,0.0,0.0,0.0,0.0,0.0,0.0,0.0,0.0,0.0,0,0,0.0,0,0,0.0,0.0,0,0.0,0.258,0.0,0.126,0.702,0.7,1,0.86,16.0,1193.4
93644,DE30m,TREND_CONTINUATION,BUY,2026.04.07 02:20:30,2026.04.07 02:21:40,1,23178.0,23168.8,-92.0,-10.61,0.0,0.0,SL_HIT,0.0,0.0,0.0,0,0.0,0.0,0.0,0.0,0,0.0,0.0,0,0,0,0,0.0,0,0.0,0.0,0,0.0,0.0,0.0,0.0,0.0,0.0,0.0,0.0,0.0,0,0,0.0,0,0,0.0,0.0,0,0.0,0.258,0.0,0.241,0.702,0.7,1,0.86,16.0,1193.4
93648,DE30m,NAKED_POC,BUY,2026.04.07 03:06:00,2026.04.07 03:11:40,5,23176.4,23178.7,23.0,2.65,0.0,0.0,TRAIL_STOP,0.0,0.0,0.0,0,0.0,0.0,0.0,0.0,0,0.0,0.0,0,0,0,0,0.0,0,0.0,0.0,0,0.0,0.0,0.0,0.0,0.0,0.0,0.0,0.0,0.0,0,0,0.0,0,0,0.0,0.0,0,0.25,0.216,0.088,0.232,0.703,0.75,1,0.72,16.0,1173.6
93650,DE30m,MEAN_REVERSION,BUY,2026.04.07 03:19:40,2026.04.07 03:25:40,6,23162.8,23166.0,32.0,3.69,0.0,0.0,TRAIL_STOP,0.0,0.0,0.0,0,0.0,0.0,0.0,0.0,0,0.0,0.0,0,0,0,0,0.0,0,0.0,0.0,0,0.0,0.0,0.0,0.0,0.0,0.0,0.0,0.0,0.0,0,0,0.0,0,0,0.0,0.0,0,0.25,0.216,0.088,0.333,0.703,0.75,1,0.72,16.0,1173.6
93652,DE30m,BREAKOUT_RETEST,BUY,2026.04.07 03:51:40,2026.04.07 03:55:20,3,23169.7,23165.1,-46.0,-5.31,0.0,0.0,SL_HIT,0.0,0.0,0.0,0,0.0,0.0,0.0,0.0,0,0.0,0.0,0,0,0,0,0.0,0,0.0,0.0,0,0.0,0.0,0.0,0.0,0.0,0.0,0.0,0.0,0.0,0,0,0.0,0,0,0.0,0.0,0,0.25,0.216,0.088,0.333,0.703,0.75,1,0.72,16.0,1173.6
93654,DE30m,PULLBACK,BUY,2026.04.07 04:30:40,2026.04.07 04:55:40,25,23191.5,23141.4,-501.0,-57.81,0.0,0.0,SL_HIT,0.0,0.0,0.0,0,0.0,0.0,0.0,0.0,0,0.0,0.0,0,0,0,0,0.0,0,0.0,0.0,0,0.0,0.0,0.0,0.0,0.0,0.0,0.0,0.0,0.0,0,0,0.0,0,0,0.0,0.0,0,0.4,0.226,0.14,0.359,0.631,0.8,0,0.755,16.0,1128.0
93655,DE30m,TREND_CONTINUATION,BUY,2026.04.07 04:31:20,2026.04.07 04:55:40,24,23192.9,23141.4,-515.0,-59.42,0.0,0.0,SL_HIT,0.0,0.0,0.0,0,0.0,0.0,0.0,0.0,0,0.0,0.0,0,0,0,0,0.0,0,0.0,0.0,0,0.0,0.0,0.0,0.0,0.0,0.0,0.0,0.0,0.0,0,0,0.0,0,0,0.0,0.0,0,0.4,0.226,0.14,0.359,0.631,0.8,0,0.755,16.0,1128.0
93656,DE30m,SWEEP_REVERSAL,BUY,2026.04.07 04:44:40,2026.04.07 04:55:40,11,23147.6,23141.4,-62.0,-7.15,0.0,0.0,SL_HIT,0.0,0.0,0.0,0,0.0,0.0,0.0,0.0,0,0.0,0.0,0,0,0,0,0.0,0,0.0,0.0,0,0.0,0.0,0.0,0.0,0.0,0.0,0.0,0.0,0.0,0,0,0.0,0,0,0.0,0.0,0,0.4,0.226,0.14,0.359,0.631,0.8,0,0.755,16.0,1128.0
93660,DE30m,MEAN_REVERSION,BUY,2026.04.07 06:14:40,2026.04.07 06:25:59,11,23104.8,23118.6,138.0,15.92,0.0,0.0,TRAIL_STOP,0.0,0.0,0.0,0,0.0,0.0,0.0,0.0,0,0.0,0.0,0,0,0,0,0.0,0,0.0,0.0,0,0.0,0.0,0.0,0.0,0.0,0.0,0.0,0.0,0.0,0,0,0.0,0,0,0.0,0.0,0,0.4,0.0,0.14,0.445,0.966,0.193,0,0.0,16.0,1030.9
93662,DE30m,SWEEP_REVERSAL,BUY,2026.04.07 06:44:40,2026.04.07 06:52:20,7,23087.8,23103.6,158.0,18.24,0.0,0.0,TRAIL_STOP,0.0,0.0,0.0,0,0.0,0.0,0.0,0.0,0,0.0,0.0,0,0,0,0,0.0,0,0.0,0.0,0,0.0,0.0,0.0,0.0,0.0,0.0,0.0,0.0,0.0,0,0,0.0,0,0,0.0,0.0,0,0.4,0.0,0.14,0.455,0.966,0.193,0,0.0,16.0,1030.9
93664,DE30m,ANCHORED_PULLBACK,BUY,2026.04.07 07:00:00,2026.04.07 07:05:40,5,23160.7,23160.7,0.0,0.0,0.0,0.0,TRAIL_STOP,0.0,0.0,0.0,0,0.0,0.0,0.0,0.0,0,0.0,0.0,0,0,0,0,0.0,0,0.0,0.0,0,0.0,0.0,0.0,0.0,0.0,0.0,0.0,0.0,0.0,0,0,0.0,0,0,0.0,0.0,0,0.15,0.188,0.163,0.107,0.753,0.391,0,-0.6257,16.0,1011.1
93666,DE30m,BREAKOUT,BUY,2026.04.07 09:00:00,2026.04.07 09:00:59,0,23332.7,23344.8,121.0,14.01,0.0,0.0,TRAIL_STOP,0.0,0.0,0.0,0,0.0,0.0,0.0,0.0,0,0.0,0.0,0,0,0,0,0.0,0,0.0,0.0,0,0.0,0.0,0.0,0.0,0.0,0.0,0.0,0.0,0.0,0,0,0.0,0,0,0.0,0.0,0,0.25,0.174,0.127,0.282,0.508,0.825,0,-0.58,16.0,843.4
93668,DE30m,ANCHORED_PULLBACK,BUY,2026.04.07 09:00:59,2026.04.07 09:01:20,0,23344.4,23339.2,-52.0,-6.02,0.0,0.0,SL_HIT,0.0,0.0,0.0,0,0.0,0.0,0.0,0.0,0,0.0,0.0,0,0,0,0,0.0,0,0.0,0.0,0,0.0,0.0,0.0,0.0,0.0,0.0,0.0,0.0,0.0,0,0,0.0,0,0,0.0,0.0,0,0.25,0.174,0.127,0.269,0.508,0.825,0,-0.58,16.0,843.4
93670,DE30m,BREAKOUT_RETEST,BUY,2026.04.07 10:00:00,2026.04.07 10:00:40,0,23378.4,23376.8,-16.0,-1.85,0.0,0.0,SL_HIT,0.0,0.0,0.0,0,0.0,0.0,0.0,0.0,0,0.0,0.0,0,0,0,0,0.0,0,0.0,0.0,0,0.0,0.0,0.0,0.0,0.0,0.0,0.0,0.0,0.0,0,0,0.0,0,0,0.0,0.0,0,0.0,0.206,0.0,0.027,0.441,0.675,1,0.685,16.0,837.1
93672,DE30m,SWEEP_REVERSAL,BUY,2026.04.07 10:52:40,2026.04.07 10:54:40,2,23128.8,23150.8,220.0,25.4,0.0,0.0,TRAIL_STOP,0.0,0.0,0.0,0,0.0,0.0,0.0,0.0,0,0.0,0.0,0,0,0,0,0.0,0,0.0,0.0,0,0.0,0.0,0.0,0.0,0.0,0.0,0.0,0.0,0.0,0,0,0.0,0,0,0.0,0.0,0,0.0,0.206,0.0,0.119,0.441,0.675,0,0.685,16.0,837.1
93674,DE30m,TREND_CONTINUATION,BUY,2026.04.07 11:00:20,2026.04.07 11:05:20,5,23125.2,23138.9,137.0,15.82,0.0,0.0,TRAIL_STOP,0.0,0.0,0.0,0,0.0,0.0,0.0,0.0,0,0.0,0.0,0,0,0,0,0.0,0,0.0,0.0,0,0.0,0.0,0.0,0.0,0.0,0.0,0.0,0.0,0.0,0,0,0.0,0,0,0.0,0.0,0,0.4,0.164,0.235,0.282,0.576,0.75,0,0.545,16.0,983.6
93675,DE30m,MEAN_REVERSION,BUY,2026.04.07 11:00:40,2026.04.07 11:07:40,7,23143.3,23138.9,-44.0,-5.08,0.0,0.0,SL_HIT,0.0,0.0,0.0,0,0.0,0.0,0.0,0.0,0,0.0,0.0,0,0,0,0,0.0,0,0.0,0.0,0,0.0,0.0,0.0,0.0,0.0,0.0,0.0,0.0,0.0,0,0,0.0,0,0,0.0,0.0,0,0.4,0.164,0.235,0.282,0.576,0.75,0,0.545,16.0,983.6
93676,DE30m,PULLBACK,BUY,2026.04.07 11:03:40,2026.04.07 11:07:40,4,23146.4,23138.9,-75.0,-8.66,0.0,0.0,SL_HIT,0.0,0.0,0.0,0,0.0,0.0,0.0,0.0,0,0.0,0.0,0,0,0,0,0.0,0,0.0,0.0,0,0.0,0.0,0.0,0.0,0.0,0.0,0.0,0.0,0.0,0,0,0.0,0,0,0.0,0.0,0,0.4,0.164,0.235,0.282,0.576,0.75,0,0.545,16.0,983.6
93680,DE30m,BREAKOUT_RETEST,BUY,2026.04.07 12:55:40,2026.04.07 12:56:40,1,23194.2,23157.8,-364.0,-42.11,0.0,0.0,SL_HIT,0.0,0.0,0.0,0,0.0,0.0,0.0,0.0,0,0.0,0.0,0,0,0,0,0.0,0,0.0,0.0,0,0.0,0.0,0.0,0.0,0.0,0.0,0.0,0.0,0.0,0,0,0.0,0,0,0.0,0.0,0,0.4,0.174,0.14,0.278,0.562,0.825,0,0.58,16.0,999.8
93681,DE30m,SWEEP_REVERSAL,BUY,2026.04.07 12:55:59,2026.04.07 12:56:40,0,23161.4,23157.8,-36.0,-4.16,0.0,0.0,SL_HIT,0.0,0.0,0.0,0,0.0,0.0,0.0,0.0,0,0.0,0.0,0,0,0,0,0.0,0,0.0,0.0,0,0.0,0.0,0.0,0.0,0.0,0.0,0.0,0.0,0.0,0,0,0.0,0,0,0.0,0.0,0,0.4,0.174,0.14,0.278,0.562,0.825,0,0.58,16.0,999.8
93685,DE30m,MEAN_REVERSION,BUY,2026.04.07 13:01:59,2026.04.07 13:05:20,3,23094.7,23108.2,135.0,15.61,0.0,0.0,TRAIL_STOP,0.0,0.0,0.0,0,0.0,0.0,0.0,0.0,0,0.0,0.0,0,0,0,0,0.0,0,0.0,0.0,0,0.0,0.0,0.0,0.0,0.0,0.0,0.0,0.0,0.0,0,0,0.0,0,0,0.0,0.0,0,0.25,0.185,0.088,0.124,0.568,0.9,1,0.615,16.0,1097.1
93684,DE30m,BREAKOUT,BUY,2026.04.07 13:01:40,2026.04.07 13:09:40,8,23102.1,23115.8,137.0,15.84,0.0,0.0,TRAIL_STOP,0.0,0.0,0.0,0,0.0,0.0,0.0,0.0,0,0.0,0.0,0,0,0,0,0.0,0,0.0,0.0,0,0.0,0.0,0.0,0.0,0.0,0.0,0.0,0.0,0.0,0,0,0.0,0,0,0.0,0.0,0,0.25,0.185,0.088,0.124,0.568,0.9,1,0.615,16.0,1097.1
93686,DE30m,TREND_CONTINUATION,BUY,2026.04.07 13:02:40,2026.04.07 13:09:40,7,23108.3,23115.8,75.0,8.67,0.0,0.0,TRAIL_STOP,0.0,0.0,0.0,0,0.0,0.0,0.0,0.0,0,0.0,0.0,0,0,0,0,0.0,0,0.0,0.0,0,0.0,0.0,0.0,0.0,0.0,0.0,0.0,0.0,0.0,0,0,0.0,0,0,0.0,0.0,0,0.25,0.185,0.088,0.124,0.568,0.9,1,0.615,16.0,1097.1
93687,DE30m,PULLBACK,BUY,2026.04.07 13:03:40,2026.04.07 13:09:40,6,23116.4,23115.8,-6.0,-0.69,0.0,0.0,SL_HIT,0.0,0.0,0.0,0,0.0,0.0,0.0,0.0,0,0.0,0.0,0,0,0,0,0.0,0,0.0,0.0,0,0.0,0.0,0.0,0.0,0.0,0.0,0.0,0.0,0.0,0,0,0.0,0,0,0.0,0.0,0,0.25,0.185,0.088,0.124,0.568,0.9,1,0.615,16.0,1097.1
93692,DE30m,NAKED_POC,BUY,2026.04.07 14:09:40,2026.04.07 14:11:40,2,22863.4,22881.6,182.0,21.05,0.0,0.0,TRAIL_STOP,0.0,0.0,0.0,0,0.0,0.0,0.0,0.0,0,0.0,0.0,0,0,0,0,0.0,0,0.0,0.0,0,0.0,0.0,0.0,0.0,0.0,0.0,0.0,0.0,0.0,0,0,0.0,0,0,0.0,0.0,0,0.4,0.143,0.14,0.442,0.747,0.716,0,0.4776,16.0,1207.4
93694,DE30m,SWEEP_REVERSAL,BUY,2026.04.07 14:55:59,2026.04.07 14:56:40,0,22933.7,22933.5,-2.0,-0.23,0.0,0.0,SL_HIT,0.0,0.0,0.0,0,0.0,0.0,0.0,0.0,0,0.0,0.0,0,0,0,0,0.0,0,0.0,0.0,0,0.0,0.0,0.0,0.0,0.0,0.0,0.0,0.0,0.0,0,0,0.0,0,0,0.0,0.0,0,0.4,0.143,0.14,0.442,0.747,0.716,0,0.4776,16.0,1207.4
93696,DE30m,MEAN_REVERSION,BUY,2026.04.07 15:01:59,2026.04.07 15:02:40,0,22890.4,22895.2,48.0,5.55,0.0,0.0,TRAIL_STOP,0.0,0.0,0.0,0,0.0,0.0,0.0,0.0,0,0.0,0.0,0,0,0,0,0.0,0,0.0,0.0,0,0.0,0.0,0.0,0.0,0.0,0.0,0.0,0.0,0.0,0,0,0.0,0,0,0.0,0.0,0,0.15,0.206,0.053,0.322,0.625,0.675,0,-0.685,16.0,1291.4
93698,DE30m,BREAKOUT,BUY,2026.04.07 19:00:00,2026.04.07 19:00:40,0,23021.8,23015.7,-61.0,-7.06,0.0,0.0,SL_HIT,0.0,0.0,0.0,0,0.0,0.0,0.0,0.0,0,0.0,0.0,0,0,0,0,0.0,0,0.0,0.0,0,0.0,0.0,0.0,0.0,0.0,0.0,0.0,0.0,0.0,0,0,0.0,0,0,0.0,0.0,0,0.25,0.195,0.088,0.22,0.733,0.975,1,-0.65,16.0,1414.1
93700,DE30m,ANCHORED_PULLBACK,BUY,2026.04.07 20:00:00,2026.04.07 20:11:40,11,23229.8,23239.5,97.0,11.25,0.0,0.0,TRAIL_STOP,0.0,0.0,0.0,0,0.0,0.0,0.0,0.0,0,0.0,0.0,0,0,0,0,0.0,0,0.0,0.0,0,0.0,0.0,0.0,0.0,0.0,0.0,0.0,0.0,0.0,0,0,0.0,0,0,0.0,0.0,0,0.25,0.206,0.238,0.379,0.703,1.0,0,-0.685,100.0,1668.6
93702,DE30m,ANCHORED_PULLBACK,BUY,2026.04.07 23:00:00,2026.04.07 23:05:20,5,23800.7,23777.6,-231.0,-26.97,0.0,0.0,SL_HIT,0.0,0.0,0.0,0,0.0,0.0,0.0,0.0,0,0.0,0.0,0,0,0,0,0.0,0,0.0,0.0,0,0.0,0.0,0.0,0.0,0.0,0.0,0.0,0.0,0.0,0,0,0.0,0,0,0.0,0.0,0,0.15,0.206,0.053,0.342,0.642,0.675,0,0.685,100.0,2010.1
93704,DE30m,TREND_CONTINUATION,BUY,2026.04.07 23:46:00,2026.04.07 23:46:40,0,23784.6,23780.4,-42.0,-4.91,0.0,0.0,SL_HIT,0.0,0.0,0.0,0,0.0,0.0,0.0,0.0,0,0.0,0.0,0,0,0,0,0.0,0,0.0,0.0,0,0.0,0.0,0.0,0.0,0.0,0.0,0.0,0.0,0.0,0,0,0.0,0,0,0.0,0.0,0,0.15,0.206,0.053,0.342,0.642,0.675,0,0.685,16.0,2010.1
93706,DE30m,BREAKOUT_RETEST,BUY,2026.04.08 00:00:20,2026.04.08 00:00:40,0,23804.0,23795.4,-86.0,-10.05,0.0,0.0,SL_HIT,0.0,0.0,0.0,0,0.0,0.0,0.0,0.0,0,0.0,0.0,0,0,0,0,0.0,0,0.0,0.0,0,0.0,0.0,0.0,0.0,0.0,0.0,0.0,0.0,0.0,0,0,0.0,0,0,0.0,0.0,3,0.0,0.616,0.0,0.049,0.406,0.75,1,0.72,16.0,1937.9
93708,DE30m,BREAKOUT,BUY,2026.04.08 00:02:40,2026.04.08 00:03:40,1,23819.9,23806.7,-132.0,-15.44,0.0,0.0,SL_HIT,0.0,0.0,0.0,0,0.0,0.0,0.0,0.0,0,0.0,0.0,0,0,0,0,0.0,0,0.0,0.0,0,0.0,0.0,0.0,0.0,0.0,0.0,0.0,0.0,0.0,0,0,0.0,0,0,0.0,0.0,3,0.0,0.616,0.0,0.049,0.406,0.75,1,0.72,16.0,1937.9
93709,DE30m,PULLBACK,BUY,2026.04.08 00:02:59,2026.04.08 00:03:40,0,23810.3,23806.7,-36.0,-4.21,0.0,0.0,SL_HIT,0.0,0.0,0.0,0,0.0,0.0,0.0,0.0,0,0.0,0.0,0,0,0,0,0.0,0,0.0,0.0,0,0.0,0.0,0.0,0.0,0.0,0.0,0.0,0.0,0.0,0,0,0.0,0,0,0.0,0.0,3,0.0,0.616,0.0,0.049,0.406,0.75,1,0.72,16.0,1937.9
93712,DE30m,TREND_CONTINUATION,BUY,2026.04.08 01:46:00,2026.04.08 01:51:40,5,24021.9,24051.2,293.0,34.23,0.0,0.0,TRAIL_STOP,0.0,0.0,0.0,0,0.0,0.0,0.0,0.0,0,0.0,0.0,0,0,0,0,0.0,0,0.0,0.0,0,0.0,0.0,0.0,0.0,0.0,0.0,0.0,0.0,0.0,0,0,0.0,0,0,0.0,0.0,0,0.25,0.174,0.088,0.278,0.736,0.825,0,0.58,16.0,2043.9
93714,DE30m,ANCHORED_PULLBACK,BUY,2026.04.08 02:00:00,2026.04.08 02:04:20,4,24059.2,24075.3,161.0,18.8,0.0,0.0,TRAIL_STOP,0.0,0.0,0.0,0,0.0,0.0,0.0,0.0,0,0.0,0.0,0,0,0,0,0.0,0,0.0,0.0,0,0.0,0.0,0.0,0.0,0.0,0.0,0.0,0.0,0.0,0,0,0.0,0,0,0.0,0.0,0,0.0,0.237,0.0,0.234,0.665,0.9,0,0.79,16.0,1947.4
93715,DE30m,BREAKOUT,BUY,2026.04.08 02:02:40,2026.04.08 02:04:20,1,24070.8,24075.3,45.0,5.26,0.0,0.0,TRAIL_STOP,0.0,0.0,0.0,0,0.0,0.0,0.0,0.0,0,0.0,0.0,0,0,0,0,0.0,0,0.0,0.0,0,0.0,0.0,0.0,0.0,0.0,0.0,0.0,0.0,0.0,0,0,0.0,0,0,0.0,0.0,0,0.0,0.237,0.0,0.234,0.665,0.9,0,0.79,16.0,1947.4
93716,DE30m,PULLBACK,BUY,2026.04.08 02:02:59,2026.04.08 02:04:20,1,24069.3,24075.3,60.0,7.01,0.0,0.0,TRAIL_STOP,0.0,0.0,0.0,0,0.0,0.0,0.0,0.0,0,0.0,0.0,0,0,0,0,0.0,0,0.0,0.0,0,0.0,0.0,0.0,0.0,0.0,0.0,0.0,0.0,0.0,0,0,0.0,0,0,0.0,0.0,0,0.0,0.237,0.0,0.234,0.665,0.9,0,0.79,16.0,1947.4
93720,DE30m,BREAKOUT_RETEST,BUY,2026.04.08 03:00:00,2026.04.08 03:02:40,2,24037.5,24043.5,60.0,7.0,0.0,0.0,TRAIL_STOP,0.0,0.0,0.0,0,0.0,0.0,0.0,0.0,0,0.0,0.0,0,0,0,0,0.0,0,0.0,0.0,0,0.0,0.0,0.0,0.0,0.0,0.0,0.0,0.0,0.0,0,0,0.0,0,0,0.0,0.0,0,0.4,0.195,0.14,0.266,0.742,0.975,1,0.65,16.0,1910.8
93722,DE30m,TREND_CONTINUATION,BUY,2026.04.08 03:46:00,2026.04.08 03:47:40,1,24019.6,24019.0,-6.0,-0.7,0.0,0.0,SL_HIT,0.0,0.0,0.0,0,0.0,0.0,0.0,0.0,0,0.0,0.0,0,0,0,0,0.0,0,0.0,0.0,0,0.0,0.0,0.0,0.0,0.0,0.0,0.0,0.0,0.0,0,0,0.0,0,0,0.0,0.0,0,0.4,0.195,0.14,0.372,0.742,0.975,1,0.65,16.0,1910.8
93724,DE30m,BREAKOUT,BUY,2026.04.08 04:02:40,2026.04.08 04:03:40,1,24044.3,24034.9,-94.0,-10.98,0.0,0.0,SL_HIT,0.0,0.0,0.0,0,0.0,0.0,0.0,0.0,0,0.0,0.0,0,0,0,0,0.0,0,0.0,0.0,0,0.0,0.0,0.0,0.0,0.0,0.0,0.0,0.0,0.0,0,0,0.0,0,0,0.0,0.0,0,0.0,0.258,0.0,0.12,0.649,0.7,1,0.86,16.0,1826.4
93725,DE30m,PULLBACK,BUY,2026.04.08 04:02:59,2026.04.08 04:03:40,0,24042.8,24034.9,-79.0,-9.22,0.0,0.0,SL_HIT,0.0,0.0,0.0,0,0.0,0.0,0.0,0.0,0,0.0,0.0,0,0,0,0,0.0,0,0.0,0.0,0,0.0,0.0,0.0,0.0,0.0,0.0,0.0,0.0,0.0,0,0,0.0,0,0,0.0,0.0,0,0.0,0.258,0.0,0.12,0.649,0.7,1,0.86,16.0,1826.4
93728,DE30m,BREAKOUT_RETEST,BUY,2026.04.08 05:00:00,2026.04.08 05:00:40,0,24113.3,24108.4,-49.0,-5.72,0.0,0.0,SL_HIT,0.0,0.0,0.0,0,0.0,0.0,0.0,0.0,0,0.0,0.0,0,0,0,0,0.0,0,0.0,0.0,0,0.0,0.0,0.0,0.0,0.0,0.0,0.0,0.0,0.0,0,0,0.0,0,0,0.0,0.0,0,0.4,0.216,0.268,0.434,0.724,1.0,1,0.72,16.0,1772.1
93730,DE30m,TREND_CONTINUATION,BUY,2026.04.08 05:46:00,2026.04.08 06:08:40,22,24111.8,24130.5,187.0,21.86,0.0,0.0,TRAIL_STOP,0.0,0.0,0.0,0,0.0,0.0,0.0,0.0,0,0.0,0.0,0,0,0,0,0.0,0,0.0,0.0,0,0.0,0.0,0.0,0.0,0.0,0.0,0.0,0.0,0.0,0,0,0.0,0,0,0.0,0.0,0,0.15,0.279,0.19,0.217,0.583,0.8,0,0.93,18.0,1698.8
93731,DE30m,BREAKOUT,BUY,2026.04.08 06:02:40,2026.04.08 06:30:40,28,24201.4,24104.2,-972.0,-113.76,0.0,0.0,SL_HIT,0.0,0.0,0.0,0,0.0,0.0,0.0,0.0,0,0.0,0.0,0,0,0,0,0.0,0,0.0,0.0,0,0.0,0.0,0.0,0.0,0.0,0.0,0.0,0.0,0.0,0,0,0.0,0,0,0.0,0.0,0,0.15,0.279,0.19,0.192,0.583,0.8,1,0.93,16.0,1698.8
93732,DE30m,PULLBACK,BUY,2026.04.08 06:02:59,2026.04.08 06:30:40,27,24197.6,24104.2,-934.0,-109.31,0.0,0.0,SL_HIT,0.0,0.0,0.0,0,0.0,0.0,0.0,0.0,0,0.0,0.0,0,0,0,0,0.0,0,0.0,0.0,0,0.0,0.0,0.0,0.0,0.0,0.0,0.0,0.0,0.0,0,0,0.0,0,0,0.0,0.0,0,0.15,0.279,0.19,0.192,0.583,0.8,1,0.93,16.0,1698.8
93736,DE30m,BREAKOUT_RETEST,BUY,2026.04.08 07:00:00,2026.04.08 07:03:40,3,24140.8,24088.3,-525.0,-61.38,0.0,0.0,SL_HIT,0.0,0.0,0.0,0,0.0,0.0,0.0,0.0,0,0.0,0.0,0,0,0,0,0.0,0,0.0,0.0,0,0.0,0.0,0.0,0.0,0.0,0.0,0.0,0.0,0.0,0,0,0.0,0,0,0.0,0.0,0,0.0,0.29,0.109,0.157,0.727,1.0,1,0.965,16.0,1750.1
93738,DE30m,MEAN_REVERSION,BUY,2026.04.08 07:43:40,2026.04.08 07:46:20,2,24009.0,24005.6,-34.0,-3.98,0.0,0.0,SL_HIT,0.0,0.0,0.0,0,0.0,0.0,0.0,0.0,0,0.0,0.0,0,0,0,0,0.0,0,0.0,0.0,0,0.0,0.0,0.0,0.0,0.0,0.0,0.0,0.0,0.0,0,0,0.0,0,0,0.0,0.0,0,0.0,0.29,0.109,0.231,0.727,1.0,0,0.965,16.0,1750.1
93740,DE30m,BREAKOUT_RETEST,BUY,2026.04.08 09:00:00,2026.04.08 09:01:20,1,23978.7,23980.5,18.0,2.1,0.0,0.0,TRAIL_STOP,0.0,0.0,0.0,0,0.0,0.0,0.0,0.0,0,0.0,0.0,0,0,0,0,0.0,0,0.0,0.0,0,0.0,0.0,0.0,0.0,0.0,0.0,0.0,0.0,0.0,0,0,0.0,0,0,0.0,0.0,0,0.25,0.247,0.188,0.1,0.58,1.0,1,0.825,16.0,1788.4
93742,DE30m,SWEEP_REVERSAL,BUY,2026.04.08 09:04:00,2026.04.08 09:07:20,3,23936.5,23970.5,340.0,39.72,0.0,0.0,TRAIL_STOP,0.0,0.0,0.0,0,0.0,0.0,0.0,0.0,0,0.0,0.0,0,0,0,0,0.0,0,0.0,0.0,0,0.0,0.0,0.0,0.0,0.0,0.0,0.0,0.0,0.0,0,0,0.0,0,0,0.0,0.0,0,0.25,0.247,0.188,0.1,0.58,1.0,1,0.825,16.0,1788.4
93744,DE30m,PULLBACK,BUY,2026.04.08 09:10:40,2026.04.08 09:13:40,3,24004.5,24014.5,100.0,11.68,0.0,0.0,TRAIL_STOP,0.0,0.0,0.0,0,0.0,0.0,0.0,0.0,0,0.0,0.0,0,0,0,0,0.0,0,0.0,0.0,0,0.0,0.0,0.0,0.0,0.0,0.0,0.0,0.0,0.0,0,0,0.0,0,0,0.0,0.0,0,0.25,0.247,0.188,0.219,0.58,1.0,1,0.825,16.0,1788.4
93745,DE30m,TREND_CONTINUATION,BUY,2026.04.08 09:10:59,2026.04.08 09:13:40,2,24004.5,24014.5,100.0,11.68,0.0,0.0,TRAIL_STOP,0.0,0.0,0.0,0,0.0,0.0,0.0,0.0,0,0.0,0.0,0,0,0,0,0.0,0,0.0,0.0,0,0.0,0.0,0.0,0.0,0.0,0.0,0.0,0.0,0.0,0,0,0.0,0,0,0.0,0.0,0,0.25,0.247,0.188,0.219,0.58,1.0,1,0.825,16.0,1788.4
93748,DE30m,MEAN_REVERSION,BUY,2026.04.08 09:47:40,2026.04.08 09:49:00,1,23947.6,23944.5,-31.0,-3.62,0.0,0.0,SL_HIT,0.0,0.0,0.0,0,0.0,0.0,0.0,0.0,0,0.0,0.0,0,0,0,0,0.0,0,0.0,0.0,0,0.0,0.0,0.0,0.0,0.0,0.0,0.0,0.0,0.0,0,0,0.0,0,0,0.0,0.0,0,0.25,0.247,0.188,0.347,0.58,1.0,0,0.825,16.0,1788.4
93750,DE30m,BREAKOUT,BUY,2026.04.08 13:00:00,2026.04.08 13:02:20,2,24149.5,24164.0,145.0,16.99,0.0,0.0,TRAIL_STOP,0.0,0.0,0.0,0,0.0,0.0,0.0,0.0,0,0.0,0.0,0,0,0,0,0.0,0,0.0,0.0,0,0.0,0.0,0.0,0.0,0.0,0.0,0.0,0.0,0.0,0,0,0.0,0,0,0.0,0.0,0,0.15,0.113,0.053,0.178,0.63,0.21,1,0.375,16.0,1370.0
93751,DE30m,PULLBACK,BUY,2026.04.08 13:00:20,2026.04.08 13:02:20,2,24142.9,24164.0,211.0,24.72,0.0,0.0,TRAIL_STOP,0.0,0.0,0.0,0,0.0,0.0,0.0,0.0,0,0.0,0.0,0,0,0,0,0.0,0,0.0,0.0,0,0.0,0.0,0.0,0.0,0.0,0.0,0.0,0.0,0.0,0,0,0.0,0,0,0.0,0.0,0,0.15,0.113,0.053,0.178,0.63,0.21,1,0.375,16.0,1370.0
93752,DE30m,BREAKOUT_RETEST,BUY,2026.04.08 13:01:20,2026.04.08 13:02:20,1,24156.7,24164.0,73.0,8.55,0.0,0.0,TRAIL_STOP,0.0,0.0,0.0,0,0.0,0.0,0.0,0.0,0,0.0,0.0,0,0,0,0,0.0,0,0.0,0.0,0,0.0,0.0,0.0,0.0,0.0,0.0,0.0,0.0,0.0,0,0,0.0,0,0,0.0,0.0,0,0.15,0.113,0.053,0.178,0.63,0.21,1,0.375,16.0,1370.0
93756,DE30m,MEAN_REVERSION,BUY,2026.04.08 14:30:40,2026.04.08 14:31:40,1,24033.9,24044.9,110.0,12.86,0.0,0.0,TRAIL_STOP,0.0,0.0,0.0,0,0.0,0.0,0.0,0.0,0,0.0,0.0,0,0,0,0,0.0,0,0.0,0.0,0,0.0,0.0,0.0,0.0,0.0,0.0,0.0,0.0,0.0,0,0,0.0,0,0,0.0,0.0,0,0.25,0.138,0.088,0.392,0.673,0.416,0,0.4608,16.0,1395.6
93758,DE30m,SWEEP_REVERSAL,BUY,2026.04.08 14:32:40,2026.04.08 14:33:20,0,24018.8,24016.9,-19.0,-2.22,0.0,0.0,SL_HIT,0.0,0.0,0.0,0,0.0,0.0,0.0,0.0,0,0.0,0.0,0,0,0,0,0.0,0,0.0,0.0,0,0.0,0.0,0.0,0.0,0.0,0.0,0.0,0.0,0.0,0,0,0.0,0,0,0.0,0.0,0,0.25,0.138,0.088,0.344,0.673,0.416,0,0.4608,16.0,1395.6
93760,DE30m,BREAKOUT_RETEST,BUY,2026.04.08 15:31:40,2026.04.08 15:32:20,0,24061.5,24051.1,-104.0,-12.16,0.0,0.0,SL_HIT,0.0,0.0,0.0,0,0.0,0.0,0.0,0.0,0,0.0,0.0,0,0,0,0,0.0,0,0.0,0.0,0,0.0,0.0,0.0,0.0,0.0,0.0,0.0,0.0,0.0,0,0,0.0,0,0,0.0,0.0,0,0.4,0.129,0.233,0.302,0.774,0.598,0,0.4287,16.0,1341.6
93762,DE30m,PULLBACK,BUY,2026.04.08 15:35:40,2026.04.08 15:36:20,0,24101.3,24083.3,-180.0,-21.04,0.0,0.0,SL_HIT,0.0,0.0,0.0,0,0.0,0.0,0.0,0.0,0,0.0,0.0,0,0,0,0,0.0,0,0.0,0.0,0,0.0,0.0,0.0,0.0,0.0,0.0,0.0,0.0,0.0,0,0,0.0,0,0,0.0,0.0,0,0.4,0.129,0.233,0.249,0.774,0.598,1,0.4287,16.0,1341.6
93764,DE30m,TREND_CONTINUATION,BUY,2026.04.08 15:37:00,2026.04.08 15:37:40,0,24105.9,24103.1,-28.0,-3.27,0.0,0.0,SL_HIT,0.0,0.0,0.0,0,0.0,0.0,0.0,0.0,0,0.0,0.0,0,0,0,0,0.0,0,0.0,0.0,0,0.0,0.0,0.0,0.0,0.0,0.0,0.0,0.0,0.0,0,0,0.0,0,0,0.0,0.0,0,0.4,0.129,0.233,0.204,0.774,0.598,1,0.4287,16.0,1341.6
93766,DE30m,BREAKOUT,BUY,2026.04.08 17:01:40,2026.04.08 17:02:40,1,24101.3,24095.9,-54.0,-6.31,0.0,0.0,SL_HIT,0.0,0.0,0.0,0,0.0,0.0,0.0,0.0,0,0.0,0.0,0,0,0,0,0.0,0,0.0,0.0,0,0.0,0.0,0.0,0.0,0.0,0.0,0.0,0.0,0.0,0,0,0.0,0,0,0.0,0.0,0,0.0,0.247,0.13,0.074,0.695,0.65,1,0.825,16.0,1332.2
93768,DE30m,BREAKOUT_RETEST,BUY,2026.04.08 17:31:40,2026.04.08 17:33:40,2,24054.6,24049.1,-55.0,-6.42,0.0,0.0,SL_HIT,0.0,0.0,0.0,0,0.0,0.0,0.0,0.0,0,0.0,0.0,0,0,0,0,0.0,0,0.0,0.0,0,0.0,0.0,0.0,0.0,0.0,0.0,0.0,0.0,0.0,0,0,0.0,0,0,0.0,0.0,0,0.0,0.247,0.13,0.095,0.695,0.65,1,0.825,16.0,1332.2
93770,DE30m,PULLBACK,BUY,2026.04.08 18:01:40,2026.04.08 18:02:40,1,24074.4,24069.7,-47.0,-5.49,0.0,0.0,SL_HIT,0.0,0.0,0.0,0,0.0,0.0,0.0,0.0,0,0.0,0.0,0,0,0,0,0.0,0,0.0,0.0,0,0.0,0.0,0.0,0.0,0.0,0.0,0.0,0.0,0.0,0,0,0.0,0,0,0.0,0.0,0,0.25,0.206,0.088,0.199,0.683,0.7,1,0.685,16.0,1347.9
93771,DE30m,TREND_CONTINUATION,BUY,2026.04.08 18:01:59,2026.04.08 18:02:40,0,24073.8,24069.7,-41.0,-4.79,0.0,0.0,SL_HIT,0.0,0.0,0.0,0,0.0,0.0,0.0,0.0,0,0.0,0.0,0,0,0,0,0.0,0,0.0,0.0,0,0.0,0.0,0.0,0.0,0.0,0.0,0.0,0.0,0.0,0,0,0.0,0,0,0.0,0.0,0,0.25,0.206,0.088,0.199,0.683,0.7,1,0.685,16.0,1347.9
93774,DE30m,MEAN_REVERSION,BUY,2026.04.08 18:18:40,2026.04.08 18:19:40,1,24006.9,24014.9,80.0,9.34,0.0,0.0,TRAIL_STOP,0.0,0.0,0.0,0,0.0,0.0,0.0,0.0,0,0.0,0.0,0,0,0,0,0.0,0,0.0,0.0,0,0.0,0.0,0.0,0.0,0.0,0.0,0.0,0.0,0.0,0,0,0.0,0,0,0.0,0.0,0,0.25,0.206,0.088,0.372,0.683,0.7,0,0.685,18.0,1347.9
93776,DE30m,SWEEP_REVERSAL,BUY,2026.04.08 18:20:40,2026.04.08 18:33:40,13,23990.0,24011.5,215.0,25.08,0.0,0.0,TRAIL_STOP,0.0,0.0,0.0,0,0.0,0.0,0.0,0.0,0,0.0,0.0,0,0,0,0,0.0,0,0.0,0.0,0,0.0,0.0,0.0,0.0,0.0,0.0,0.0,0.0,0.0,0,0,0.0,0,0,0.0,0.0,0,0.25,0.206,0.088,0.227,0.683,0.7,1,0.685,16.0,1347.9
93778,DE30m,BREAKOUT_RETEST,BUY,2026.04.08 19:35:20,2026.04.08 19:35:40,0,23995.6,23989.1,-65.0,-7.58,0.0,0.0,SL_HIT,0.0,0.0,0.0,0,0.0,0.0,0.0,0.0,0,0.0,0.0,0,0,0,0,0.0,0,0.0,0.0,0,0.0,0.0,0.0,0.0,0.0,0.0,0.0,0.0,0.0,0,0,0.0,0,0,0.0,0.0,0,0.4,0.207,0.265,0.393,0.707,1.0,0,0.6898,16.0,1363.5
93780,DE30m,MEAN_REVERSION,BUY,2026.04.09 00:01:59,2026.04.09 00:03:40,1,23978.9,23978.5,-4.0,-0.47,0.0,0.0,SL_HIT,0.0,0.0,0.0,0,0.0,0.0,0.0,0.0,0,0.0,0.0,0,0,0,0,0.0,0,0.0,0.0,0,0.0,0.0,0.0,0.0,0.0,0.0,0.0,0.0,0.0,0,0,0.0,0,0,0.0,0.0,0,0.4,0.185,0.216,0.424,0.795,0.6,1,-0.615,16.0,1125.8
93782,DE30m,SWEEP_REVERSAL,BUY,2026.04.09 01:23:40,2026.04.09 01:35:40,12,23879.3,23903.7,244.0,28.45,0.0,0.0,TRAIL_STOP,0.0,0.0,0.0,0,0.0,0.0,0.0,0.0,0,0.0,0.0,0,0,0,0,0.0,0,0.0,0.0,0,0.0,0.0,0.0,0.0,0.0,0.0,0.0,0.0,0.0,0,0,0.0,0,0,0.0,0.0,0,0.15,0.247,0.167,0.334,0.77,0.975,0,-0.825,16.0,1087.4
93784,DE30m,MEAN_REVERSION,BUY,2026.04.09 03:43:40,2026.04.09 03:45:40,2,23892.9,23892.2,-7.0,-0.82,0.0,0.0,SL_HIT,0.0,0.0,0.0,0,0.0,0.0,0.0,0.0,0,0.0,0.0,0,0,0,0,0.0,0,0.0,0.0,0,0.0,0.0,0.0,0.0,0.0,0.0,0.0,0.0,0.0,0,0,0.0,0,0,0.0,0.0,0,0.15,0.269,0.053,0.242,0.717,0.75,1,-0.895,16.0,948.9
93786,DE30m,ANCHORED_PULLBACK,BUY,2026.04.09 07:00:00,2026.04.09 07:04:40,4,23954.8,23965.3,105.0,12.25,0.0,0.0,TRAIL_STOP,0.0,0.0,0.0,0,0.0,0.0,0.0,0.0,0,0.0,0.0,0,0,0,0,0.0,0,0.0,0.0,0,0.0,0.0,0.0,0.0,0.0,0.0,0.0,0.0,0.0,0,0,0.0,0,0,0.0,0.0,0,0.4,0.247,0.14,0.388,0.679,1.0,0,-0.825,16.0,680.1
93788,DE30m,SWEEP_REVERSAL,BUY,2026.04.09 07:43:20,2026.04.09 08:17:40,34,23848.3,23823.5,-248.0,-28.92,0.0,0.0,SL_HIT,0.0,0.0,0.0,0,0.0,0.0,0.0,0.0,0,0.0,0.0,0,0,0,0,0.0,0,0.0,0.0,0,0.0,0.0,0.0,0.0,0.0,0.0,0.0,0.0,0.0,0,0,0.0,0,0,0.0,0.0,6,0.3,0.3,0.526,0.59,0.614,1.0,0,-1.0,16.0,786.6
93789,DE30m,MEAN_REVERSION,BUY,2026.04.09 07:43:40,2026.04.09 08:17:40,34,23858.9,23823.5,-354.0,-41.28,0.0,0.0,SL_HIT,0.0,0.0,0.0,0,0.0,0.0,0.0,0.0,0,0.0,0.0,0,0,0,0,0.0,0,0.0,0.0,0,0.0,0.0,0.0,0.0,0.0,0.0,0.0,0.0,0.0,0,0,0.0,0,0,0.0,0.0,6,0.3,0.3,0.526,0.59,0.614,1.0,0,-1.0,16.0,786.6
93792,DE30m,NAKED_POC,BUY,2026.04.09 09:00:30,2026.04.09 09:00:40,0,23773.9,23759.9,-140.0,-16.34,0.0,0.0,SL_HIT,0.0,0.0,0.0,0,0.0,0.0,0.0,0.0,0,0.0,0.0,0,0,0,0,0.0,0,0.0,0.0,0,0.0,0.0,0.0,0.0,0.0,0.0,0.0,0.0,0.0,0,0,0.0,0,0,0.0,0.0,0,0.15,0.3,0.053,0.298,0.497,1.0,0,-1.0,16.0,793.2
93794,DE30m,SWEEP_REVERSAL,BUY,2026.04.09 09:46:40,2026.04.09 09:47:59,1,23799.9,23809.4,95.0,11.09,0.0,0.0,TRAIL_STOP,0.0,0.0,0.0,0,0.0,0.0,0.0,0.0,0,0.0,0.0,0,0,0,0,0.0,0,0.0,0.0,0,0.0,0.0,0.0,0.0,0.0,0.0,0.0,0.0,0.0,0,0,0.0,0,0,0.0,0.0,0,0.15,0.3,0.053,0.175,0.497,1.0,0,-1.0,16.0,793.2
93795,DE30m,MEAN_REVERSION,BUY,2026.04.09 09:47:00,2026.04.09 09:47:59,0,23799.9,23809.4,95.0,11.09,0.0,0.0,TRAIL_STOP,0.0,0.0,0.0,0,0.0,0.0,0.0,0.0,0,0.0,0.0,0,0,0,0,0.0,0,0.0,0.0,0,0.0,0.0,0.0,0.0,0.0,0.0,0.0,0.0,0.0,0,0,0.0,0,0,0.0,0.0,0,0.15,0.3,0.053,0.175,0.497,1.0,0,-1.0,16.0,793.2
93798,DE30m,NAKED_POC,BUY,2026.04.09 11:01:40,2026.04.09 11:15:40,14,23800.9,23768.9,-320.0,-37.36,0.0,0.0,SL_HIT,0.0,0.0,0.0,0,0.0,0.0,0.0,0.0,0,0.0,0.0,0,0,0,0,0.0,0,0.0,0.0,0,0.0,0.0,0.0,0.0,0.0,0.0,0.0,0.0,0.0,0,0,0.0,0,0,0.0,0.0,0,0.0,0.3,0.0,0.281,0.615,0.8,0,-1.0,16.0,674.8
93800,DE30m,NAKED_POC,BUY,2026.04.09 13:04:40,2026.04.09 13:06:40,2,23784.9,23767.1,-178.0,-20.8,0.0,0.0,SL_HIT,0.0,0.0,0.0,0,0.0,0.0,0.0,0.0,0,0.0,0.0,0,0,0,0,0.0,0,0.0,0.0,0,0.0,0.0,0.0,0.0,0.0,0.0,0.0,0.0,0.0,0,0,0.0,0,0,0.0,0.0,0,0.4,0.247,0.302,0.422,0.727,0.8,0,-0.825,16.0,730.8
93802,DE30m,SWEEP_REVERSAL,BUY,2026.04.09 13:23:40,2026.04.09 13:25:40,2,23749.2,23753.7,45.0,5.26,0.0,0.0,TRAIL_STOP,0.0,0.0,0.0,0,0.0,0.0,0.0,0.0,0,0.0,0.0,0,0,0,0,0.0,0,0.0,0.0,0,0.0,0.0,0.0,0.0,0.0,0.0,0.0,0.0,0.0,0,0,0.0,0,0,0.0,0.0,0,0.4,0.247,0.302,0.448,0.727,0.8,0,-0.825,16.0,730.8
93804,DE30m,MEAN_REVERSION,BUY,2026.04.09 13:47:40,2026.04.09 14:19:40,32,23742.3,23683.8,-585.0,-68.33,0.0,0.0,SL_HIT,0.0,0.0,0.0,0,0.0,0.0,0.0,0.0,0,0.0,0.0,0,0,0,0,0.0,0,0.0,0.0,0,0.0,0.0,0.0,0.0,0.0,0.0,0.0,0.0,0.0,0,0,0.0,0,0,0.0,0.0,0,0.15,0.3,0.165,0.339,0.689,1.0,0,-1.0,16.0,775.1
93806,DE30m,NAKED_POC,BUY,2026.04.09 15:19:40,2026.04.09 15:20:40,1,23778.8,23765.6,-132.0,-15.44,0.0,0.0,SL_HIT,0.0,0.0,0.0,0,0.0,0.0,0.0,0.0,0,0.0,0.0,0,0,0,0,0.0,0,0.0,0.0,0,0.0,0.0,0.0,0.0,0.0,0.0,0.0,0.0,0.0,0,0,0.0,0,0,0.0,0.0,6,0.3,0.3,0.405,0.443,0.538,1.0,1,-1.0,16.0,759.5
93808,DE30m,SWEEP_REVERSAL,BUY,2026.04.09 15:23:40,2026.04.09 15:27:40,4,23754.0,23753.1,-9.0,-1.05,0.0,0.0,SL_HIT,0.0,0.0,0.0,0,0.0,0.0,0.0,0.0,0,0.0,0.0,0,0,0,0,0.0,0,0.0,0.0,0,0.0,0.0,0.0,0.0,0.0,0.0,0.0,0.0,0.0,0,0,0.0,0,0,0.0,0.0,6,0.3,0.3,0.405,0.443,0.538,1.0,1,-1.0,16.0,759.5
93810,DE30m,BREAKOUT,BUY,2026.04.09 17:00:00,2026.04.09 17:00:59,0,23894.1,23893.9,-2.0,-0.23,0.0,0.0,SL_HIT,0.0,0.0,0.0,0,0.0,0.0,0.0,0.0,0,0.0,0.0,0,0,0,0,0.0,0,0.0,0.0,0,0.0,0.0,0.0,0.0,0.0,0.0,0.0,0.0,0.0,0,0,0.0,0,0,0.0,0.0,0,0.25,0.247,0.088,0.282,0.537,1.0,0,-0.825,16.0,918.1
93812,DE30m,NAKED_POC,BUY,2026.04.09 17:30:40,2026.04.09 17:31:40,1,23896.5,23897.2,7.0,0.82,0.0,0.0,TRAIL_STOP,0.0,0.0,0.0,0,0.0,0.0,0.0,0.0,0,0.0,0.0,0,0,0,0,0.0,0,0.0,0.0,0,0.0,0.0,0.0,0.0,0.0,0.0,0.0,0.0,0.0,0,0,0.0,0,0,0.0,0.0,0,0.25,0.247,0.088,0.282,0.537,1.0,0,-0.825,16.0,918.1
93814,DE30m,BREAKOUT_RETEST,BUY,2026.04.09 19:00:00,2026.04.09 19:00:40,0,23875.9,23871.8,-41.0,-4.8,0.0,0.0,SL_HIT,0.0,0.0,0.0,0,0.0,0.0,0.0,0.0,0,0.0,0.0,0,0,0,0,0.0,0,0.0,0.0,0,0.0,0.0,0.0,0.0,0.0,0.0,0.0,0.0,0.0,0,0,0.0,0,0,0.0,0.0,0,0.25,0.164,0.088,0.199,0.732,0.5,1,0.545,16.0,986.0
93816,DE30m,BREAKOUT,BUY,2026.04.09 19:00:40,2026.04.09 19:03:00,2,23866.3,23882.8,165.0,19.3,0.0,0.0,TRAIL_STOP,0.0,0.0,0.0,0,0.0,0.0,0.0,0.0,0,0.0,0.0,0,0,0,0,0.0,0,0.0,0.0,0,0.0,0.0,0.0,0.0,0.0,0.0,0.0,0.0,0.0,0,0,0.0,0,0,0.0,0.0,0,0.25,0.164,0.088,0.12,0.732,0.5,1,0.545,16.0,986.0
93817,DE30m,PULLBACK,BUY,2026.04.09 19:00:59,2026.04.09 19:03:00,2,23869.9,23882.8,129.0,15.09,0.0,0.0,TRAIL_STOP,0.0,0.0,0.0,0,0.0,0.0,0.0,0.0,0,0.0,0.0,0,0,0,0,0.0,0,0.0,0.0,0,0.0,0.0,0.0,0.0,0.0,0.0,0.0,0.0,0.0,0,0,0.0,0,0,0.0,0.0,0,0.25,0.164,0.088,0.12,0.732,0.5,1,0.545,16.0,986.0
93820,DE30m,TREND_CONTINUATION,BUY,2026.04.09 19:10:40,2026.04.09 19:11:40,1,23907.9,23900.8,-71.0,-8.31,0.0,0.0,SL_HIT,0.0,0.0,0.0,0,0.0,0.0,0.0,0.0,0,0.0,0.0,0,0,0,0,0.0,0,0.0,0.0,0,0.0,0.0,0.0,0.0,0.0,0.0,0.0,0.0,0.0,0,0,0.0,0,0,0.0,0.0,0,0.25,0.164,0.088,0.167,0.732,0.5,1,0.545,16.0,986.0
93822,DE30m,BREAKOUT_RETEST,BUY,2026.04.09 23:10:20,2026.04.09 23:10:40,0,23879.4,23866.5,-129.0,-15.09,0.0,0.0,SL_HIT,0.0,0.0,0.0,0,0.0,0.0,0.0,0.0,0,0.0,0.0,0,0,0,0,0.0,0,0.0,0.0,0,0.0,0.0,0.0,0.0,0.0,0.0,0.0,0.0,0.0,0,0,0.0,0,0,0.0,0.0,0,0.4,0.195,0.258,0.311,0.831,0.65,0,0.65,100.0,803.9
93824,DE30m,PULLBACK,BUY,2026.04.10 01:00:00,2026.04.10 01:05:40,5,23874.1,23869.9,-42.0,-4.91,0.0,0.0,SL_HIT,0.0,0.0,0.0,0,0.0,0.0,0.0,0.0,0,0.0,0.0,0,0,0,0,0.0,0,0.0,0.0,0,0.0,0.0,0.0,0.0,0.0,0.0,0.0,0.0,0.0,0,0,0.0,0,0,0.0,0.0,0,0.4,0.216,0.233,0.163,0.778,0.75,1,0.72,18.0,739.9
93825,DE30m,TREND_CONTINUATION,BUY,2026.04.10 01:00:20,2026.04.10 01:05:40,5,23878.6,23869.9,-87.0,-10.17,0.0,0.0,SL_HIT,0.0,0.0,0.0,0,0.0,0.0,0.0,0.0,0,0.0,0.0,0,0,0,0,0.0,0,0.0,0.0,0,0.0,0.0,0.0,0.0,0.0,0.0,0.0,0.0,0.0,0,0,0.0,0,0,0.0,0.0,0,0.4,0.216,0.233,0.163,0.778,0.75,1,0.72,18.0,739.9
93828,DE30m,BREAKOUT_RETEST,BUY,2026.04.10 01:10:20,2026.04.10 01:13:40,3,23872.1,23870.5,-16.0,-1.87,0.0,0.0,SL_HIT,0.0,0.0,0.0,0,0.0,0.0,0.0,0.0,0,0.0,0.0,0,0,0,0,0.0,0,0.0,0.0,0,0.0,0.0,0.0,0.0,0.0,0.0,0.0,0.0,0.0,0,0,0.0,0,0,0.0,0.0,0,0.4,0.216,0.233,0.163,0.778,0.75,1,0.72,16.0,739.9
93830,DE30m,ANCHORED_PULLBACK,BUY,2026.04.10 02:00:00,2026.04.10 02:00:40,0,23908.4,23907.0,-14.0,-1.64,0.0,0.0,SL_HIT,0.0,0.0,0.0,0,0.0,0.0,0.0,0.0,0,0.0,0.0,0,0,0,0,0.0,0,0.0,0.0,0,0.0,0.0,0.0,0.0,0.0,0.0,0.0,0.0,0.0,0,0,0.0,0,0,0.0,0.0,0,0.15,0.279,0.053,0.32,0.782,1.0,0,0.93,16.0,755.6
93832,DE30m,BREAKOUT,BUY,2026.04.10 02:07:40,2026.04.10 02:10:40,3,23904.8,23905.0,2.0,0.23,0.0,0.0,TRAIL_STOP,0.0,0.0,0.0,0,0.0,0.0,0.0,0.0,0,0.0,0.0,0,0,0,0,0.0,0,0.0,0.0,0,0.0,0.0,0.0,0.0,0.0,0.0,0.0,0.0,0.0,0,0,0.0,0,0,0.0,0.0,0,0.15,0.279,0.053,0.347,0.782,1.0,0,0.93,16.0,755.6
93834,DE30m,TREND_CONTINUATION,BUY,2026.04.10 05:00:00,2026.04.10 05:00:59,0,23912.4,23925.3,129.0,15.08,0.0,0.0,TRAIL_STOP,0.0,0.0,0.0,0,0.0,0.0,0.0,0.0,0,0.0,0.0,0,0,0,0,0.0,0,0.0,0.0,0,0.0,0.0,0.0,0.0,0.0,0.0,0.0,0.0,0.0,0,0,0.0,0,0,0.0,0.0,0,0.15,0.126,0.167,0.23,0.761,0.276,1,0.4189,16.0,643.0
93835,DE30m,BREAKOUT,BUY,2026.04.10 05:00:20,2026.04.10 05:00:59,0,23912.4,23925.3,129.0,15.08,0.0,0.0,TRAIL_STOP,0.0,0.0,0.0,0,0.0,0.0,0.0,0.0,0,0.0,0.0,0,0,0,0,0.0,0,0.0,0.0,0,0.0,0.0,0.0,0.0,0.0,0.0,0.0,0.0,0.0,0,0,0.0,0,0,0.0,0.0,0,0.15,0.126,0.167,0.23,0.761,0.276,1,0.4189,16.0,643.0
93836,DE30m,PULLBACK,BUY,2026.04.10 05:00:30,2026.04.10 05:00:59,0,23912.4,23925.3,129.0,15.08,0.0,0.0,TRAIL_STOP,0.0,0.0,0.0,0,0.0,0.0,0.0,0.0,0,0.0,0.0,0,0,0,0,0.0,0,0.0,0.0,0,0.0,0.0,0.0,0.0,0.0,0.0,0.0,0.0,0.0,0,0,0.0,0,0,0.0,0.0,0,0.15,0.126,0.167,0.23,0.761,0.276,1,0.4189,16.0,643.0
93840,DE30m,BREAKOUT_RETEST,BUY,2026.04.10 05:27:40,2026.04.10 05:29:40,2,23910.5,23909.9,-6.0,-0.7,0.0,0.0,SL_HIT,0.0,0.0,0.0,0,0.0,0.0,0.0,0.0,0,0.0,0.0,0,0,0,0,0.0,0,0.0,0.0,0,0.0,0.0,0.0,0.0,0.0,0.0,0.0,0.0,0.0,0,0,0.0,0,0,0.0,0.0,0,0.15,0.126,0.167,0.06,0.761,0.276,1,0.4189,16.0,643.0
93842,DE30m,NAKED_POC,BUY,2026.04.10 05:31:00,2026.04.10 05:49:40,18,23900.9,23912.2,113.0,13.21,0.0,0.0,TRAIL_STOP,0.0,0.0,0.0,0,0.0,0.0,0.0,0.0,0,0.0,0.0,0,0,0,0,0.0,0,0.0,0.0,0,0.0,0.0,0.0,0.0,0.0,0.0,0.0,0.0,0.0,0,0,0.0,0,0,0.0,0.0,0,0.15,0.126,0.167,0.207,0.761,0.276,1,0.4189,16.0,643.0
93844,DE30m,MEAN_REVERSION,BUY,2026.04.10 06:18:40,2026.04.10 06:22:59,4,23857.9,23866.2,83.0,9.7,0.0,0.0,TRAIL_STOP,0.0,0.0,0.0,0,0.0,0.0,0.0,0.0,0,0.0,0.0,0,0,0,0,0.0,0,0.0,0.0,0,0.0,0.0,0.0,0.0,0.0,0.0,0.0,0.0,0.0,0,0,0.0,0,0,0.0,0.0,0,0.15,0.201,0.208,0.343,0.701,0.451,0,0.6712,16.0,633.4
93846,DE30m,SWEEP_REVERSAL,BUY,2026.04.10 06:38:40,2026.04.10 06:43:20,4,23850.4,23862.6,122.0,14.26,0.0,0.0,TRAIL_STOP,0.0,0.0,0.0,0,0.0,0.0,0.0,0.0,0,0.0,0.0,0,0,0,0,0.0,0,0.0,0.0,0,0.0,0.0,0.0,0.0,0.0,0.0,0.0,0.0,0.0,0,0,0.0,0,0,0.0,0.0,0,0.15,0.201,0.208,0.343,0.701,0.451,0,0.6712,16.0,633.4
93848,DE30m,TREND_CONTINUATION,BUY,2026.04.10 07:00:59,2026.04.10 07:29:00,28,23847.3,23858.3,110.0,12.86,0.0,0.0,TRAIL_STOP,0.0,0.0,0.0,0,0.0,0.0,0.0,0.0,0,0.0,0.0,0,0,0,0,0.0,0,0.0,0.0,0,0.0,0.0,0.0,0.0,0.0,0.0,0.0,0.0,0.0,0,0,0.0,0,0,0.0,0.0,0,0.4,0.104,0.14,0.31,0.671,0.477,1,0.348,16.0,523.5
93849,DE30m,BREAKOUT_RETEST,BUY,2026.04.10 07:27:40,2026.04.10 07:41:20,13,23856.0,23858.3,23.0,2.69,0.0,0.0,TRAIL_STOP,0.0,0.0,0.0,0,0.0,0.0,0.0,0.0,0,0.0,0.0,0,0,0,0,0.0,0,0.0,0.0,0,0.0,0.0,0.0,0.0,0.0,0.0,0.0,0.0,0.0,0,0,0.0,0,0,0.0,0.0,0,0.4,0.104,0.14,0.31,0.671,0.477,1,0.348,16.0,523.5
93851,DE30m,PULLBACK,BUY,2026.04.10 07:36:40,2026.04.10 07:45:40,9,23874.0,23852.5,-215.0,-25.12,0.0,0.0,SL_HIT,0.0,0.0,0.0,0,0.0,0.0,0.0,0.0,0,0.0,0.0,0,0,0,0,0.0,0,0.0,0.0,0,0.0,0.0,0.0,0.0,0.0,0.0,0.0,0.0,0.0,0,0,0.0,0,0,0.0,0.0,0,0.4,0.104,0.14,0.437,0.671,0.477,0,0.348,16.0,523.5
93854,DE30m,SWEEP_REVERSAL,BUY,2026.04.10 08:53:40,2026.04.10 08:54:40,1,23789.3,23790.5,12.0,1.4,0.0,0.0,TRAIL_STOP,0.0,0.0,0.0,0,0.0,0.0,0.0,0.0,0,0.0,0.0,0,0,0,0,0.0,0,0.0,0.0,0,0.0,0.0,0.0,0.0,0.0,0.0,0.0,0.0,0.0,0,0,0.0,0,0,0.0,0.0,0,0.25,0.0,0.088,0.37,0.771,0.08,0,0.0,16.0,514.9
93856,DE30m,ANCHORED_PULLBACK,BUY,2026.04.10 11:00:00,2026.04.10 11:00:59,0,23987.7,24002.2,145.0,16.98,0.0,0.0,TRAIL_STOP,0.0,0.0,0.0,0,0.0,0.0,0.0,0.0,0,0.0,0.0,0,0,0,0,0.0,0,0.0,0.0,0,0.0,0.0,0.0,0.0,0.0,0.0,0.0,0.0,0.0,0,0,0.0,0,0,0.0,0.0,0,0.25,0.11,0.088,0.382,0.697,0.503,0,-0.3652,16.0,647.2
93858,DE30m,NAKED_POC,BUY,2026.04.10 11:32:40,2026.04.10 11:33:40,1,23980.1,23982.8,27.0,3.16,0.0,0.0,TRAIL_STOP,0.0,0.0,0.0,0,0.0,0.0,0.0,0.0,0,0.0,0.0,0,0,0,0,0.0,0,0.0,0.0,0,0.0,0.0,0.0,0.0,0.0,0.0,0.0,0.0,0.0,0,0,0.0,0,0,0.0,0.0,0,0.25,0.11,0.088,0.318,0.697,0.503,0,-0.3652,16.0,647.2
93860,DE30m,BREAKOUT_RETEST,BUY,2026.04.10 12:04:40,2026.04.10 12:05:40,1,23989.6,23988.5,-11.0,-1.29,0.0,0.0,SL_HIT,0.0,0.0,0.0,0,0.0,0.0,0.0,0.0,0,0.0,0.0,0,0,0,0,0.0,0,0.0,0.0,0,0.0,0.0,0.0,0.0,0.0,0.0,0.0,0.0,0.0,0,0,0.0,0,0,0.0,0.0,0,0.15,0.199,0.053,0.06,0.508,0.644,1,0.6646,16.0,684.6
93862,DE30m,BREAKOUT,BUY,2026.04.10 13:09:20,2026.04.10 13:09:40,0,24008.6,24004.4,-42.0,-4.92,0.0,0.0,SL_HIT,0.0,0.0,0.0,0,0.0,0.0,0.0,0.0,0,0.0,0.0,0,0,0,0,0.0,0,0.0,0.0,0,0.0,0.0,0.0,0.0,0.0,0.0,0.0,0.0,0.0,0,0,0.0,0,0,0.0,0.0,0,0.0,0.216,0.0,0.0,0.606,0.5,1,0.72,16.0,727.8
93864,DE30m,TREND_CONTINUATION,BUY,2026.04.10 13:35:40,2026.04.10 13:36:59,1,23934.1,23938.5,44.0,5.16,0.0,0.0,TRAIL_STOP,0.0,0.0,0.0,0,0.0,0.0,0.0,0.0,0,0.0,0.0,0,0,0,0,0.0,0,0.0,0.0,0,0.0,0.0,0.0,0.0,0.0,0.0,0.0,0.0,0.0,0,0,0.0,0,0,0.0,0.0,0,0.0,0.216,0.0,0.231,0.606,0.5,1,0.72,16.0,727.8
93866,DE30m,SWEEP_REVERSAL,BUY,2026.04.10 13:42:40,2026.04.10 13:46:40,4,23910.1,23905.6,-45.0,-5.28,0.0,0.0,SL_HIT,0.0,0.0,0.0,0,0.0,0.0,0.0,0.0,0,0.0,0.0,0,0,0,0,0.0,0,0.0,0.0,0,0.0,0.0,0.0,0.0,0.0,0.0,0.0,0.0,0.0,0,0,0.0,0,0,0.0,0.0,0,0.0,0.216,0.0,0.222,0.606,0.5,0,0.72,16.0,727.8
93868,DE30m,PULLBACK,BUY,2026.04.10 13:59:40,2026.04.10 14:00:40,1,23932.6,23913.0,-196.0,-22.98,0.0,0.0,SL_HIT,0.0,0.0,0.0,0,0.0,0.0,0.0,0.0,0,0.0,0.0,0,0,0,0,0.0,0,0.0,0.0,0,0.0,0.0,0.0,0.0,0.0,0.0,0.0,0.0,0.0,0,0,0.0,0,0,0.0,0.0,0,0.0,0.226,0.0,0.259,0.741,0.55,0,0.755,16.0,797.6
93870,DE30m,BREAKOUT_RETEST,BUY,2026.04.10 14:14:40,2026.04.10 14:26:20,11,23963.7,23970.6,69.0,8.1,0.0,0.0,TRAIL_STOP,0.0,0.0,0.0,0,0.0,0.0,0.0,0.0,0,0.0,0.0,0,0,0,0,0.0,0,0.0,0.0,0,0.0,0.0,0.0,0.0,0.0,0.0,0.0,0.0,0.0,0,0,0.0,0,0,0.0,0.0,0,0.0,0.226,0.0,0.198,0.741,0.55,1,0.755,16.0,797.6
93872,DE30m,MEAN_REVERSION,BUY,2026.04.10 15:09:20,2026.04.10 15:09:59,0,23874.7,23887.0,123.0,14.43,0.0,0.0,TRAIL_STOP,0.0,0.0,0.0,0,0.0,0.0,0.0,0.0,0,0.0,0.0,0,0,0,0,0.0,0,0.0,0.0,0,0.0,0.0,0.0,0.0,0.0,0.0,0.0,0.0,0.0,0,0,0.0,0,0,0.0,0.0,0,0.4,0.185,0.14,0.379,0.708,0.9,0,0.615,16.0,862.3
93874,DE30m,TREND_CONTINUATION,BUY,2026.04.10 15:35:40,2026.04.10 15:36:59,1,23793.1,23805.9,128.0,15.01,0.0,0.0,TRAIL_STOP,0.0,0.0,0.0,0,0.0,0.0,0.0,0.0,0,0.0,0.0,0,0,0,0,0.0,0,0.0,0.0,0,0.0,0.0,0.0,0.0,0.0,0.0,0.0,0.0,0.0,0,0,0.0,0,0,0.0,0.0,0,0.4,0.185,0.14,0.445,0.708,0.9,0,0.615,16.0,862.3
93876,DE30m,SWEEP_REVERSAL,BUY,2026.04.10 15:42:40,2026.04.10 15:45:00,2,23766.0,23776.9,109.0,12.78,0.0,0.0,TRAIL_STOP,0.0,0.0,0.0,0,0.0,0.0,0.0,0.0,0,0.0,0.0,0,0,0,0,0.0,0,0.0,0.0,0,0.0,0.0,0.0,0.0,0.0,0.0,0.0,0.0,0.0,0,0,0.0,0,0,0.0,0.0,0,0.4,0.185,0.14,0.445,0.708,0.9,0,0.615,16.0,862.3
93878,DE30m,PULLBACK,BUY,2026.04.10 16:00:00,2026.04.10 16:00:40,0,23750.5,23749.8,-7.0,-0.82,0.0,0.0,SL_HIT,0.0,0.0,0.0,0,0.0,0.0,0.0,0.0,0,0.0,0.0,0,0,0,0,0.0,0,0.0,0.0,0,0.0,0.0,0.0,0.0,0.0,0.0,0.0,0.0,0.0,0,0,0.0,0,0,0.0,0.0,0,0.25,0.195,0.088,0.367,0.575,0.975,0,0.65,16.0,927.4
93880,DE30m,MEAN_REVERSION,BUY,2026.04.10 17:09:20,2026.04.10 17:09:40,0,23756.7,23751.7,-50.0,-5.86,0.0,0.0,SL_HIT,0.0,0.0,0.0,0,0.0,0.0,0.0,0.0,0,0.0,0.0,0,0,0,0,0.0,0,0.0,0.0,0,0.0,0.0,0.0,0.0,0.0,0.0,0.0,0.0,0.0,0,0,0.0,0,0,0.0,0.0,0,0.15,0.0,0.053,0.074,0.69,0.134,0,0.0,16.0,941.5
93882,DE30m,NAKED_POC,BUY,2026.04.10 17:35:59,2026.04.10 17:36:40,0,23737.0,23731.7,-53.0,-6.21,0.0,0.0,SL_HIT,0.0,0.0,0.0,0,0.0,0.0,0.0,0.0,0,0.0,0.0,0,0,0,0,0.0,0,0.0,0.0,0,0.0,0.0,0.0,0.0,0.0,0.0,0.0,0.0,0.0,0,0,0.0,0,0,0.0,0.0,0,0.15,0.0,0.053,0.246,0.69,0.134,0,0.0,16.0,941.5
93884,DE30m,SWEEP_REVERSAL,BUY,2026.04.10 17:42:40,2026.04.10 17:44:40,2,23744.6,23746.7,21.0,2.46,0.0,0.0,TRAIL_STOP,0.0,0.0,0.0,0,0.0,0.0,0.0,0.0,0,0.0,0.0,0,0,0,0,0.0,0,0.0,0.0,0,0.0,0.0,0.0,0.0,0.0,0.0,0.0,0.0,0.0,0,0,0.0,0,0,0.0,0.0,0,0.15,0.0,0.053,0.246,0.69,0.134,0,0.0,16.0,941.5
93886,DE30m,ANCHORED_PULLBACK,BUY,2026.04.10 18:00:00,2026.04.10 18:00:40,0,23775.7,23770.6,-51.0,-5.98,0.0,0.0,SL_HIT,0.0,0.0,0.0,0,0.0,0.0,0.0,0.0,0,0.0,0.0,0,0,0,0,0.0,0,0.0,0.0,0,0.0,0.0,0.0,0.0,0.0,0.0,0.0,0.0,0.0,0,0,0.0,0,0,0.0,0.0,0,0.0,0.206,0.0,0.0,0.578,0.675,1,-0.685,16.0,965.7
93888,DE30m,NAKED_POC,BUY,2026.04.10 19:35:59,2026.04.10 19:36:40,0,23786.7,23786.5,-2.0,-0.23,0.0,0.0,SL_HIT,0.0,0.0,0.0,0,0.0,0.0,0.0,0.0,0,0.0,0.0,0,0,0,0,0.0,0,0.0,0.0,0,0.0,0.0,0.0,0.0,0.0,0.0,0.0,0.0,0.0,0,0,0.0,0,0,0.0,0.0,0,0.4,0.164,0.14,0.17,0.763,0.5,1,-0.545,16.0,959.9
93891,DE30m,MEAN_REVERSION,BUY,2026.04.12 22:06:20,2026.04.12 22:30:40,24,23486.9,23410.8,-761.0,-88.8,0.0,0.0,SL_HIT,0.0,0.0,0.0,0,0.0,0.0,0.0,0.0,0,0.0,0.0,0,0,0,0,0.0,0,0.0,0.0,0,0.0,0.0,0.0,0.0,0.0,0.0,0.0,0.0,0.0,0,0,0.0,0,0,0.0,0.0,0,0.4,0.174,0.29,0.458,0.673,0.825,0,-0.58,100.0,951.6
93890,DE30m,SWEEP_REVERSAL,BUY,2026.04.12 22:06:00,2026.04.12 22:55:40,49,23481.8,23438.3,-435.0,-50.76,0.0,0.0,SL_HIT,0.0,0.0,0.0,0,0.0,0.0,0.0,0.0,0,0.0,0.0,0,0,0,0,0.0,0,0.0,0.0,0,0.0,0.0,0.0,0.0,0.0,0.0,0.0,0.0,0.0,0,0,0.0,0,0,0.0,0.0,0,0.4,0.174,0.29,0.458,0.673,0.825,0,-0.58,100.0,951.6
93894,DE30m,ANCHORED_PULLBACK,BUY,2026.04.13 01:00:20,2026.04.13 01:00:59,0,23567.9,23573.1,52.0,6.08,0.0,0.0,TRAIL_STOP,0.0,0.0,0.0,0,0.0,0.0,0.0,0.0,0,0.0,0.0,0,0,0,0,0.0,0,0.0,0.0,0,0.0,0.0,0.0,0.0,0.0,0.0,0.0,0.0,0.0,0,0,0.0,0,0,0.0,0.0,0,0.15,0.258,0.053,0.334,0.567,0.7,0,-0.86,16.0,1007.7
93896,DE30m,NAKED_POC,BUY,2026.04.13 01:05:00,2026.04.13 01:05:40,0,23570.3,23565.8,-45.0,-5.26,0.0,0.0,SL_HIT,0.0,0.0,0.0,0,0.0,0.0,0.0,0.0,0,0.0,0.0,0,0,0,0,0.0,0,0.0,0.0,0,0.0,0.0,0.0,0.0,0.0,0.0,0.0,0.0,0.0,0,0,0.0,0,0,0.0,0.0,0,0.15,0.258,0.053,0.334,0.567,0.7,0,-0.86,16.0,1007.7
93898,DE30m,NAKED_POC,BUY,2026.04.13 03:05:00,2026.04.13 03:06:40,1,23529.9,23525.8,-41.0,-4.79,0.0,0.0,SL_HIT,0.0,0.0,0.0,0,0.0,0.0,0.0,0.0,0,0.0,0.0,0,0,0,0,0.0,0,0.0,0.0,0,0.0,0.0,0.0,0.0,0.0,0.0,0.0,0.0,0.0,0,0,0.0,0,0,0.0,0.0,0,0.25,0.226,0.088,0.381,0.52,0.8,1,-0.755,16.0,860.2
93900,DE30m,SWEEP_REVERSAL,BUY,2026.04.13 04:21:40,2026.04.13 04:26:20,4,23498.5,23510.7,122.0,14.26,0.0,0.0,TRAIL_STOP,0.0,0.0,0.0,0,0.0,0.0,0.0,0.0,0,0.0,0.0,0,0,0,0,0.0,0,0.0,0.0,0,0.0,0.0,0.0,0.0,0.0,0.0,0.0,0.0,0.0,0,0,0.0,0,0,0.0,0.0,0,0.0,0.29,0.0,0.107,0.58,0.8,1,-0.965,16.0,841.2
93902,DE30m,NAKED_POC,BUY,2026.04.13 05:05:00,2026.04.13 05:06:40,1,23523.5,23522.0,-15.0,-1.75,0.0,0.0,SL_HIT,0.0,0.0,0.0,0,0.0,0.0,0.0,0.0,0,0.0,0.0,0,0,0,0,0.0,0,0.0,0.0,0,0.0,0.0,0.0,0.0,0.0,0.0,0.0,0.0,0.0,0,0,0.0,0,0,0.0,0.0,0,0.15,0.3,0.053,0.133,0.614,0.8,1,-1.0,16.0,798.4
93904,DE30m,MEAN_REVERSION,BUY,2026.04.13 05:11:40,2026.04.13 05:15:40,4,23505.9,23506.9,10.0,1.17,0.0,0.0,TRAIL_STOP,0.0,0.0,0.0,0,0.0,0.0,0.0,0.0,0,0.0,0.0,0,0,0,0,0.0,0,0.0,0.0,0,0.0,0.0,0.0,0.0,0.0,0.0,0.0,0.0,0.0,0,0,0.0,0,0,0.0,0.0,0,0.15,0.3,0.053,0.15,0.614,0.8,1,-1.0,16.0,798.4
93906,DE30m,NAKED_POC,BUY,2026.04.13 08:00:00,2026.04.13 08:03:40,3,23589.3,23606.2,169.0,19.77,0.0,0.0,TRAIL_STOP,0.0,0.0,0.0,0,0.0,0.0,0.0,0.0,0,0.0,0.0,0,0,0,0,0.0,0,0.0,0.0,0,0.0,0.0,0.0,0.0,0.0,0.0,0.0,0.0,0.0,0,0,0.0,0,0,0.0,0.0,6,0.7,0.247,0.625,0.742,0.599,1.0,0,-0.825,16.0,638.6
93908,DE30m,BREAKOUT_RETEST,BUY,2026.04.13 09:00:00,2026.04.13 09:00:40,0,23583.3,23608.7,254.0,29.68,0.0,0.0,TP_HIT,0.0,0.0,0.0,0,0.0,0.0,0.0,0.0,0,0.0,0.0,0,0,0,0,0.0,0,0.0,0.0,0,0.0,0.0,0.0,0.0,0.0,0.0,0.0,0.0,0.0,0,0,0.0,0,0,0.0,0.0,0,0.0,0.206,0.0,0.292,0.779,0.45,0,0.685,16.0,645.9
93910,DE30m,BREAKOUT,BUY,2026.04.13 09:00:40,2026.04.13 09:01:20,0,23618.9,23594.4,-245.0,-28.64,0.0,0.0,SL_HIT,0.0,0.0,0.0,0,0.0,0.0,0.0,0.0,0,0.0,0.0,0,0,0,0,0.0,0,0.0,0.0,0,0.0,0.0,0.0,0.0,0.0,0.0,0.0,0.0,0.0,0,0,0.0,0,0,0.0,0.0,0,0.0,0.206,0.0,0.179,0.779,0.45,1,0.685,16.0,645.9
93911,DE30m,PULLBACK,BUY,2026.04.13 09:00:59,2026.04.13 09:01:20,0,23598.3,23593.5,-48.0,-5.61,0.0,0.0,SL_HIT,0.0,0.0,0.0,0,0.0,0.0,0.0,0.0,0,0.0,0.0,0,0,0,0,0.0,0,0.0,0.0,0,0.0,0.0,0.0,0.0,0.0,0.0,0.0,0.0,0.0,0,0,0.0,0,0,0.0,0.0,0,0.0,0.206,0.0,0.179,0.779,0.45,1,0.685,16.0,645.9
93912,DE30m,TREND_CONTINUATION,BUY,2026.04.13 09:01:00,2026.04.13 09:01:59,0,23597.4,23600.1,27.0,3.16,0.0,0.0,TRAIL_STOP,0.0,0.0,0.0,0,0.0,0.0,0.0,0.0,0,0.0,0.0,0,0,0,0,0.0,0,0.0,0.0,0,0.0,0.0,0.0,0.0,0.0,0.0,0.0,0.0,0.0,0,0,0.0,0,0,0.0,0.0,0,0.0,0.206,0.0,0.2,0.779,0.45,1,0.685,16.0,645.9
93916,DE30m,NAKED_POC,BUY,2026.04.13 10:00:40,2026.04.13 10:01:20,0,23578.0,23571.9,-61.0,-7.13,0.0,0.0,SL_HIT,0.0,0.0,0.0,0,0.0,0.0,0.0,0.0,0,0.0,0.0,0,0,0,0,0.0,0,0.0,0.0,0,0.0,0.0,0.0,0.0,0.0,0.0,0.0,0.0,0.0,0,0,0.0,0,0,0.0,0.0,0,0.25,0.164,0.088,0.1,0.684,0.5,1,0.545,16.0,653.1
93918,DE30m,BREAKOUT_RETEST,BUY,2026.04.13 11:00:00,2026.04.13 11:00:59,0,23580.4,23613.0,326.0,38.14,0.0,0.0,TRAIL_STOP,0.0,0.0,0.0,0,0.0,0.0,0.0,0.0,0,0.0,0.0,0,0,0,0,0.0,0,0.0,0.0,0,0.0,0.0,0.0,0.0,0.0,0.0,0.0,0.0,0.0,0,0,0.0,0,0,0.0,0.0,0,0.0,0.214,0.093,0.203,0.785,0.508,0,0.7134,16.0,653.0
93919,DE30m,BREAKOUT,BUY,2026.04.13 11:00:40,2026.04.13 11:01:40,1,23617.0,23605.0,-120.0,-14.03,0.0,0.0,SL_HIT,0.0,0.0,0.0,0,0.0,0.0,0.0,0.0,0,0.0,0.0,0,0,0,0,0.0,0,0.0,0.0,0,0.0,0.0,0.0,0.0,0.0,0.0,0.0,0.0,0.0,0,0,0.0,0,0,0.0,0.0,0,0.0,0.214,0.093,0.166,0.785,0.508,0,0.7134,16.0,653.0
93921,DE30m,PULLBACK,BUY,2026.04.13 11:00:59,2026.04.13 11:01:40,0,23602.3,23605.0,27.0,3.16,0.0,0.0,TRAIL_STOP,0.0,0.0,0.0,0,0.0,0.0,0.0,0.0,0,0.0,0.0,0,0,0,0,0.0,0,0.0,0.0,0,0.0,0.0,0.0,0.0,0.0,0.0,0.0,0.0,0.0,0,0,0.0,0,0,0.0,0.0,0,0.0,0.214,0.093,0.166,0.785,0.508,0,0.7134,16.0,653.0
93922,DE30m,TREND_CONTINUATION,BUY,2026.04.13 11:01:00,2026.04.13 11:01:40,0,23601.3,23605.0,37.0,4.33,0.0,0.0,TRAIL_STOP,0.0,0.0,0.0,0,0.0,0.0,0.0,0.0,0,0.0,0.0,0,0,0,0,0.0,0,0.0,0.0,0,0.0,0.0,0.0,0.0,0.0,0.0,0.0,0.0,0.0,0,0,0.0,0,0,0.0,0.0,0,0.0,0.214,0.093,0.166,0.785,0.508,0,0.7134,16.0,653.0
93926,DE30m,SWEEP_REVERSAL,BUY,2026.04.13 11:36:40,2026.04.13 11:39:40,3,23517.3,23525.4,81.0,9.47,0.0,0.0,TRAIL_STOP,0.0,0.0,0.0,0,0.0,0.0,0.0,0.0,0,0.0,0.0,0,0,0,0,0.0,0,0.0,0.0,0,0.0,0.0,0.0,0.0,0.0,0.0,0.0,0.0,0.0,0,0,0.0,0,0,0.0,0.0,0,0.0,0.214,0.093,0.291,0.785,0.508,0,0.7134,16.0,653.0
93927,DE30m,MEAN_REVERSION,BUY,2026.04.13 11:36:59,2026.04.13 11:44:00,7,23520.3,23525.4,51.0,5.96,0.0,0.0,TRAIL_STOP,0.0,0.0,0.0,0,0.0,0.0,0.0,0.0,0,0.0,0.0,0,0,0,0,0.0,0,0.0,0.0,0,0.0,0.0,0.0,0.0,0.0,0.0,0.0,0.0,0.0,0,0,0.0,0,0,0.0,0.0,0,0.0,0.214,0.093,0.291,0.785,0.508,0,0.7134,16.0,653.0
93930,DE30m,BREAKOUT_RETEST,BUY,2026.04.13 13:00:00,2026.04.13 13:00:59,0,23558.0,23564.9,69.0,8.07,0.0,0.0,TRAIL_STOP,0.0,0.0,0.0,0,0.0,0.0,0.0,0.0,0,0.0,0.0,0,0,0,0,0.0,0,0.0,0.0,0,0.0,0.0,0.0,0.0,0.0,0.0,0.0,0.0,0.0,0,0,0.0,0,0,0.0,0.0,0,0.4,0.195,0.265,0.342,0.727,0.975,1,0.65,16.0,700.6
93931,DE30m,BREAKOUT,BUY,2026.04.13 13:00:40,2026.04.13 13:01:20,0,23569.0,23561.2,-78.0,-9.12,0.0,0.0,SL_HIT,0.0,0.0,0.0,0,0.0,0.0,0.0,0.0,0,0.0,0.0,0,0,0,0,0.0,0,0.0,0.0,0,0.0,0.0,0.0,0.0,0.0,0.0,0.0,0.0,0.0,0,0,0.0,0,0,0.0,0.0,0,0.4,0.195,0.265,0.37,0.727,0.975,1,0.65,16.0,700.6
93933,DE30m,PULLBACK,BUY,2026.04.13 13:00:59,2026.04.13 13:01:20,0,23565.3,23560.3,-50.0,-5.85,0.0,0.0,SL_HIT,0.0,0.0,0.0,0,0.0,0.0,0.0,0.0,0,0.0,0.0,0,0,0,0,0.0,0,0.0,0.0,0,0.0,0.0,0.0,0.0,0.0,0.0,0.0,0.0,0.0,0,0,0.0,0,0,0.0,0.0,0,0.4,0.195,0.265,0.37,0.727,0.975,1,0.65,16.0,700.6
93934,DE30m,TREND_CONTINUATION,BUY,2026.04.13 13:01:00,2026.04.13 13:02:00,1,23564.4,23564.9,5.0,0.58,0.0,0.0,TRAIL_STOP,0.0,0.0,0.0,0,0.0,0.0,0.0,0.0,0,0.0,0.0,0,0,0,0,0.0,0,0.0,0.0,0,0.0,0.0,0.0,0.0,0.0,0.0,0.0,0.0,0.0,0,0,0.0,0,0,0.0,0.0,0,0.4,0.195,0.265,0.342,0.727,0.975,1,0.65,16.0,700.6
93938,DE30m,ANCHORED_PULLBACK,BUY,2026.04.13 14:00:00,2026.04.13 14:21:20,21,23730.3,23725.5,-48.0,-5.62,0.0,0.0,SL_HIT,0.0,0.0,0.0,0,0.0,0.0,0.0,0.0,0,0.0,0.0,0,0,0,0,0.0,0,0.0,0.0,0,0.0,0.0,0.0,0.0,0.0,0.0,0.0,0.0,0.0,0,0,0.0,0,0,0.0,0.0,0,0.0,0.258,0.0,0.282,0.588,1.0,0,0.86,16.0,807.6
93939,DE30m,NAKED_POC,BUY,2026.04.13 14:03:40,2026.04.13 14:21:20,17,23695.3,23725.5,302.0,35.36,0.0,0.0,TRAIL_STOP,0.0,0.0,0.0,0,0.0,0.0,0.0,0.0,0,0.0,0.0,0,0,0,0,0.0,0,0.0,0.0,0,0.0,0.0,0.0,0.0,0.0,0.0,0.0,0.0,0.0,0,0,0.0,0,0,0.0,0.0,0,0.0,0.258,0.0,0.282,0.588,1.0,0,0.86,16.0,807.6
93942,DE30m,BREAKOUT_RETEST,BUY,2026.04.13 15:00:00,2026.04.13 15:00:40,0,23751.3,23752.6,13.0,1.52,0.0,0.0,TRAIL_STOP,0.0,0.0,0.0,0,0.0,0.0,0.0,0.0,0,0.0,0.0,0,0,0,0,0.0,0,0.0,0.0,0,0.0,0.0,0.0,0.0,0.0,0.0,0.0,0.0,0.0,0,0,0.0,0,0,0.0,0.0,0,0.0,0.269,0.0,0.062,0.452,1.0,1,0.895,16.0,736.2
93944,DE30m,BREAKOUT,BUY,2026.04.13 15:05:20,2026.04.13 15:05:40,0,23752.0,23747.7,-43.0,-5.03,0.0,0.0,SL_HIT,0.0,0.0,0.0,0,0.0,0.0,0.0,0.0,0,0.0,0.0,0,0,0,0,0.0,0,0.0,0.0,0,0.0,0.0,0.0,0.0,0.0,0.0,0.0,0.0,0.0,0,0,0.0,0,0,0.0,0.0,0,0.0,0.269,0.0,0.068,0.452,1.0,1,0.895,16.0,736.2
93946,DE30m,PULLBACK,BUY,2026.04.13 15:07:40,2026.04.13 15:08:40,1,23757.1,23749.7,-74.0,-8.66,0.0,0.0,SL_HIT,0.0,0.0,0.0,0,0.0,0.0,0.0,0.0,0,0.0,0.0,0,0,0,0,0.0,0,0.0,0.0,0,0.0,0.0,0.0,0.0,0.0,0.0,0.0,0.0,0.0,0,0,0.0,0,0,0.0,0.0,0,0.0,0.269,0.0,0.068,0.452,1.0,1,0.895,16.0,736.2
93948,DE30m,NAKED_POC,BUY,2026.04.13 16:06:40,2026.04.13 16:07:00,0,23785.0,23759.7,-253.0,-29.64,0.0,0.0,SL_HIT,0.0,0.0,0.0,0,0.0,0.0,0.0,0.0,0,0.0,0.0,0,0,0,0,0.0,0,0.0,0.0,0,0.0,0.0,0.0,0.0,0.0,0.0,0.0,0.0,0.0,0,0,0.0,0,0,0.0,0.0,0,0.0,0.279,0.0,0.217,0.479,0.8,1,0.93,16.0,744.4
93950,DE30m,TREND_CONTINUATION,BUY,2026.04.13 16:20:40,2026.04.13 17:06:40,46,23809.8,23887.4,776.0,91.0,0.0,0.0,TRAIL_STOP,0.0,0.0,0.0,0,0.0,0.0,0.0,0.0,0,0.0,0.0,0,0,0,0,0.0,0,0.0,0.0,0,0.0,0.0,0.0,0.0,0.0,0.0,0.0,0.0,0.0,0,0,0.0,0,0,0.0,0.0,0,0.0,0.29,0.151,0.273,0.596,1.0,0,0.965,16.0,846.2
93951,DE30m,ANCHORED_PULLBACK,BUY,2026.04.13 17:00:20,2026.04.13 17:06:40,6,23867.4,23887.4,200.0,23.45,0.0,0.0,TRAIL_STOP,0.0,0.0,0.0,0,0.0,0.0,0.0,0.0,0,0.0,0.0,0,0,0,0,0.0,0,0.0,0.0,0,0.0,0.0,0.0,0.0,0.0,0.0,0.0,0.0,0.0,0,0,0.0,0,0,0.0,0.0,0,0.0,0.29,0.151,0.273,0.596,1.0,0,0.965,16.0,846.2
93954,DE30m,PULLBACK,BUY,2026.04.13 17:08:59,2026.04.13 17:10:20,1,23872.0,23873.2,12.0,1.41,0.0,0.0,TRAIL_STOP,0.0,0.0,0.0,0,0.0,0.0,0.0,0.0,0,0.0,0.0,0,0,0,0,0.0,0,0.0,0.0,0,0.0,0.0,0.0,0.0,0.0,0.0,0.0,0.0,0.0,0,0,0.0,0,0,0.0,0.0,0,0.0,0.29,0.151,0.273,0.596,1.0,0,0.965,16.0,846.2
93956,DE30m,NAKED_POC,BUY,2026.04.13 18:06:40,2026.04.13 18:15:00,8,23893.0,23908.4,154.0,18.07,0.0,0.0,TRAIL_STOP,0.0,0.0,0.0,0,0.0,0.0,0.0,0.0,0,0.0,0.0,0,0,0,0,0.0,0,0.0,0.0,0,0.0,0.0,0.0,0.0,0.0,0.0,0.0,0.0,0.0,0,0,0.0,0,0,0.0,0.0,0,0.15,0.3,0.053,0.348,0.589,1.0,0,1.0,16.0,836.4
93957,DE30m,BREAKOUT,BUY,2026.04.13 18:12:40,2026.04.13 18:15:00,2,23910.0,23908.4,-16.0,-1.88,0.0,0.0,SL_HIT,0.0,0.0,0.0,0,0.0,0.0,0.0,0.0,0,0.0,0.0,0,0,0,0,0.0,0,0.0,0.0,0,0.0,0.0,0.0,0.0,0.0,0.0,0.0,0.0,0.0,0,0,0.0,0,0,0.0,0.0,0,0.15,0.3,0.053,0.348,0.589,1.0,0,1.0,16.0,836.4
93960,DE30m,TREND_CONTINUATION,BUY,2026.04.13 18:46:40,2026.04.13 18:50:20,3,23910.0,23907.3,-27.0,-3.17,0.0,0.0,SL_HIT,0.0,0.0,0.0,0,0.0,0.0,0.0,0.0,0,0.0,0.0,0,0,0,0,0.0,0,0.0,0.0,0,0.0,0.0,0.0,0.0,0.0,0.0,0.0,0.0,0.0,0,0,0.0,0,0,0.0,0.0,0,0.15,0.3,0.053,0.348,0.589,1.0,0,1.0,16.0,836.4
93962,DE30m,PULLBACK,BUY,2026.04.13 19:21:40,2026.04.13 19:25:40,4,23912.0,23910.4,-16.0,-1.88,0.0,0.0,SL_HIT,0.0,0.0,0.0,0,0.0,0.0,0.0,0.0,0,0.0,0.0,0,0,0,0,0.0,0,0.0,0.0,0,0.0,0.0,0.0,0.0,0.0,0.0,0.0,0.0,0.0,0,0,0.0,0,0,0.0,0.0,0,0.15,0.3,0.053,0.269,0.51,1.0,0,1.0,16.0,836.9
93964,DE30m,ANCHORED_PULLBACK,BUY,2026.04.13 20:00:00,2026.04.13 20:21:00,21,23950.8,23949.8,-10.0,-1.18,0.0,0.0,SL_HIT,0.0,0.0,0.0,0,0.0,0.0,0.0,0.0,0,0.0,0.0,0,0,0,0,0.0,0,0.0,0.0,0,0.0,0.0,0.0,0.0,0.0,0.0,0.0,0.0,0.0,0,0,0.0,0,0,0.0,0.0,0,0.15,0.3,0.053,0.351,0.585,1.0,0,1.0,100.0,855.0
93965,DE30m,NAKED_POC,BUY,2026.04.13 20:06:40,2026.04.13 20:21:00,14,23955.4,23949.8,-56.0,-6.59,0.0,0.0,SL_HIT,0.0,0.0,0.0,0,0.0,0.0,0.0,0.0,0,0.0,0.0,0,0,0,0,0.0,0,0.0,0.0,0,0.0,0.0,0.0,0.0,0.0,0.0,0.0,0.0,0.0,0,0,0.0,0,0,0.0,0.0,0,0.15,0.3,0.053,0.351,0.585,1.0,0,1.0,100.0,855.0
93966,DE30m,BREAKOUT,BUY,2026.04.13 20:12:40,2026.04.13 20:21:00,8,23954.6,23949.8,-48.0,-5.65,0.0,0.0,SL_HIT,0.0,0.0,0.0,0,0.0,0.0,0.0,0.0,0,0.0,0.0,0,0,0,0,0.0,0,0.0,0.0,0,0.0,0.0,0.0,0.0,0.0,0.0,0.0,0.0,0.0,0,0,0.0,0,0,0.0,0.0,0,0.15,0.3,0.053,0.351,0.585,1.0,0,1.0,100.0,855.0
93970,DE30m,NAKED_POC,BUY,2026.04.13 22:06:40,2026.04.13 22:07:40,1,23983.6,23970.6,-130.0,-15.29,0.0,0.0,SL_HIT,0.0,0.0,0.0,0,0.0,0.0,0.0,0.0,0,0.0,0.0,0,0,0,0,0.0,0,0.0,0.0,0,0.0,0.0,0.0,0.0,0.0,0.0,0.0,0.0,0.0,0,0,0.0,0,0,0.0,0.0,0,0.4,0.247,0.14,0.385,0.643,1.0,0,0.825,100.0,830.5
93972,DE30m,BREAKOUT,BUY,2026.04.13 22:25:40,2026.04.13 22:30:40,5,23964.0,23954.6,-94.0,-11.05,0.0,0.0,SL_HIT,0.0,0.0,0.0,0,0.0,0.0,0.0,0.0,0,0.0,0.0,0,0,0,0,0.0,0,0.0,0.0,0,0.0,0.0,0.0,0.0,0.0,0.0,0.0,0.0,0.0,0,0,0.0,0,0,0.0,0.0,0,0.4,0.247,0.14,0.333,0.643,1.0,0,0.825,100.0,830.5
93974,DE30m,BREAKOUT_RETEST,BUY,2026.04.14 00:03:40,2026.04.14 00:04:40,1,23963.7,23960.3,-34.0,-4.0,0.0,0.0,SL_HIT,0.0,0.0,0.0,0,0.0,0.0,0.0,0.0,0,0.0,0.0,0,0,0,0,0.0,0,0.0,0.0,0,0.0,0.0,0.0,0.0,0.0,0.0,0.0,0.0,0.0,0,0,0.0,0,0,0.0,0.0,0,0.4,0.247,0.294,0.16,0.586,1.0,1,0.825,16.0,773.5
93976,DE30m,NAKED_POC,BUY,2026.04.14 00:08:20,2026.04.14 00:41:40,33,23973.4,23945.0,-284.0,-33.41,0.0,0.0,SL_HIT,0.0,0.0,0.0,0,0.0,0.0,0.0,0.0,0,0.0,0.0,0,0,0,0,0.0,0,0.0,0.0,0,0.0,0.0,0.0,0.0,0.0,0.0,0.0,0.0,0.0,0,0,0.0,0,0,0.0,0.0,0,0.4,0.247,0.294,0.334,0.586,1.0,1,0.825,16.0,773.5
93977,DE30m,PULLBACK,BUY,2026.04.14 00:15:40,2026.04.14 00:41:40,26,23937.7,23945.0,73.0,8.59,0.0,0.0,TRAIL_STOP,0.0,0.0,0.0,0,0.0,0.0,0.0,0.0,0,0.0,0.0,0,0,0,0,0.0,0,0.0,0.0,0,0.0,0.0,0.0,0.0,0.0,0.0,0.0,0.0,0.0,0,0,0.0,0,0,0.0,0.0,0,0.4,0.247,0.294,0.334,0.586,1.0,1,0.825,16.0,773.5
93978,DE30m,BREAKOUT,BUY,2026.04.14 00:27:40,2026.04.14 00:41:40,14,23937.4,23945.0,76.0,8.94,0.0,0.0,TRAIL_STOP,0.0,0.0,0.0,0,0.0,0.0,0.0,0.0,0,0.0,0.0,0,0,0,0,0.0,0,0.0,0.0,0,0.0,0.0,0.0,0.0,0.0,0.0,0.0,0.0,0.0,0,0,0.0,0,0,0.0,0.0,0,0.4,0.247,0.294,0.334,0.586,1.0,1,0.825,16.0,773.5
93982,DE30m,NAKED_POC,BUY,2026.04.14 02:08:40,2026.04.14 02:13:00,4,23913.4,23910.1,-33.0,-3.88,0.0,0.0,SL_HIT,0.0,0.0,0.0,0,0.0,0.0,0.0,0.0,0,0.0,0.0,0,0,0,0,0.0,0,0.0,0.0,0,0.0,0.0,0.0,0.0,0.0,0.0,0.0,0.0,0.0,0,0,0.0,0,0,0.0,0.0,0,0.15,0.3,0.194,0.278,0.687,1.0,0,1.0,16.0,761.4
93984,DE30m,BREAKOUT_RETEST,BUY,2026.04.14 03:00:00,2026.04.14 03:00:40,0,23903.3,23899.2,-41.0,-4.82,0.0,0.0,SL_HIT,0.0,0.0,0.0,0,0.0,0.0,0.0,0.0,0,0.0,0.0,0,0,0,0,0.0,0,0.0,0.0,0,0.0,0.0,0.0,0.0,0.0,0.0,0.0,0.0,0.0,0,0,0.0,0,0,0.0,0.0,0,0.25,0.247,0.088,0.217,0.56,1.0,1,0.825,16.0,694.4
93985,DE30m,MEAN_REVERSION,BUY,2026.04.14 03:00:20,2026.04.14 03:00:40,0,23903.3,23899.2,-41.0,-4.82,0.0,0.0,SL_HIT,0.0,0.0,0.0,0,0.0,0.0,0.0,0.0,0,0.0,0.0,0,0,0,0,0.0,0,0.0,0.0,0,0.0,0.0,0.0,0.0,0.0,0.0,0.0,0.0,0.0,0,0,0.0,0,0,0.0,0.0,0,0.25,0.247,0.088,0.217,0.56,1.0,1,0.825,16.0,694.4
93988,DE30m,SWEEP_REVERSAL,BUY,2026.04.14 03:01:59,2026.04.14 03:03:20,1,23896.0,23893.2,-28.0,-3.29,0.0,0.0,SL_HIT,0.0,0.0,0.0,0,0.0,0.0,0.0,0.0,0,0.0,0.0,0,0,0,0,0.0,0,0.0,0.0,0,0.0,0.0,0.0,0.0,0.0,0.0,0.0,0.0,0.0,0,0,0.0,0,0,0.0,0.0,0,0.25,0.247,0.088,0.217,0.56,1.0,0,0.825,16.0,694.4
93990,DE30m,NAKED_POC,BUY,2026.04.14 04:08:40,2026.04.14 04:10:40,2,23897.0,23894.8,-22.0,-2.59,0.0,0.0,SL_HIT,0.0,0.0,0.0,0,0.0,0.0,0.0,0.0,0,0.0,0.0,0,0,0,0,0.0,0,0.0,0.0,0,0.0,0.0,0.0,0.0,0.0,0.0,0.0,0.0,0.0,0,0,0.0,0,0,0.0,0.0,0,0.0,0.291,0.0,0.121,0.66,1.0,1,0.9708,16.0,659.2
93992,DE30m,PULLBACK,BUY,2026.04.14 04:20:40,2026.04.14 04:21:20,0,23902.9,23894.2,-87.0,-10.24,0.0,0.0,SL_HIT,0.0,0.0,0.0,0,0.0,0.0,0.0,0.0,0,0.0,0.0,0,0,0,0,0.0,0,0.0,0.0,0,0.0,0.0,0.0,0.0,0.0,0.0,0.0,0.0,0.0,0,0,0.0,0,0,0.0,0.0,0,0.0,0.291,0.0,0.121,0.66,1.0,1,0.9708,16.0,659.2
93994,DE30m,TREND_CONTINUATION,BUY,2026.04.14 04:21:40,2026.04.14 04:23:40,2,23903.2,23897.8,-54.0,-6.35,0.0,0.0,SL_HIT,0.0,0.0,0.0,0,0.0,0.0,0.0,0.0,0,0.0,0.0,0,0,0,0,0.0,0,0.0,0.0,0,0.0,0.0,0.0,0.0,0.0,0.0,0.0,0.0,0.0,0,0,0.0,0,0,0.0,0.0,0,0.0,0.291,0.0,0.121,0.66,1.0,1,0.9708,16.0,659.2
93996,DE30m,ANCHORED_PULLBACK,BUY,2026.04.14 06:00:00,2026.04.14 06:01:40,1,23915.1,23907.5,-76.0,-8.95,0.0,0.0,SL_HIT,0.0,0.0,0.0,0,0.0,0.0,0.0,0.0,0,0.0,0.0,0,0,0,0,0.0,0,0.0,0.0,0,0.0,0.0,0.0,0.0,0.0,0.0,0.0,0.0,0.0,0,0,0.0,0,0,0.0,0.0,0,0.15,0.216,0.202,0.281,0.788,0.75,0,-0.72,16.0,511.7
93998,DE30m,NAKED_POC,BUY,2026.04.14 06:08:40,2026.04.14 06:52:40,44,23926.0,23926.0,0.0,0.0,0.0,0.0,TRAIL_STOP,0.0,0.0,0.0,0,0.0,0.0,0.0,0.0,0,0.0,0.0,0,0,0,0,0.0,0,0.0,0.0,0,0.0,0.0,0.0,0.0,0.0,0.0,0.0,0.0,0.0,0,0,0.0,0,0,0.0,0.0,0,0.15,0.216,0.202,0.336,0.788,0.75,0,-0.72,16.0,511.7
94001,DE30m,BREAKOUT_RETEST,BUY,2026.04.14 07:00:40,2026.04.14 07:01:40,1,23911.3,23919.2,79.0,9.3,0.0,0.0,TRAIL_STOP,0.0,0.0,0.0,0,0.0,0.0,0.0,0.0,0,0.0,0.0,0,0,0,0,0.0,0,0.0,0.0,0,0.0,0.0,0.0,0.0,0.0,0.0,0.0,0.0,0.0,0,0,0.0,0,0,0.0,0.0,4,0.4,0.174,0.14,0.303,0.718,0.825,1,-0.58,16.0,508.7
94000,DE30m,TREND_CONTINUATION,BUY,2026.04.14 07:00:00,2026.04.14 07:03:20,3,23951.3,23951.3,0.0,0.0,0.0,0.0,TRAIL_STOP,0.0,0.0,0.0,0,0.0,0.0,0.0,0.0,0,0.0,0.0,0,0,0,0,0.0,0,0.0,0.0,0,0.0,0.0,0.0,0.0,0.0,0.0,0.0,0.0,0.0,0,0,0.0,0,0,0.0,0.0,4,0.4,0.174,0.14,0.41,0.718,0.825,0,-0.58,16.0,508.7
94004,DE30m,SWEEP_REVERSAL,BUY,2026.04.14 08:30:40,2026.04.14 08:31:40,1,24018.9,24003.3,-156.0,-18.38,0.0,0.0,SL_HIT,0.0,0.0,0.0,0,0.0,0.0,0.0,0.0,0,0.0,0.0,0,0,0,0,0.0,0,0.0,0.0,0,0.0,0.0,0.0,0.0,0.0,0.0,0.0,0.0,0.0,0,0,0.0,0,0,0.0,0.0,6,0.55,0.147,0.539,0.546,0.607,0.711,1,-0.4888,16.0,458.6
94006,DE30m,TREND_CONTINUATION,BUY,2026.04.14 09:00:00,2026.04.14 09:00:59,0,24045.0,24048.6,36.0,4.24,0.0,0.0,TRAIL_STOP,0.0,0.0,0.0,0,0.0,0.0,0.0,0.0,0,0.0,0.0,0,0,0,0,0.0,0,0.0,0.0,0,0.0,0.0,0.0,0.0,0.0,0.0,0.0,0.0,0.0,0,0,0.0,0,0,0.0,0.0,0,0.15,0.153,0.053,0.351,0.793,0.675,0,0.51,16.0,482.1
94008,DE30m,BREAKOUT,BUY,2026.04.14 09:02:40,2026.04.14 09:03:40,1,24046.8,24044.1,-27.0,-3.18,0.0,0.0,SL_HIT,0.0,0.0,0.0,0,0.0,0.0,0.0,0.0,0,0.0,0.0,0,0,0,0,0.0,0,0.0,0.0,0,0.0,0.0,0.0,0.0,0.0,0.0,0.0,0.0,0.0,0,0,0.0,0,0,0.0,0.0,0,0.15,0.153,0.053,0.345,0.793,0.675,0,0.51,16.0,482.1
94010,DE30m,PULLBACK,BUY,2026.04.14 09:04:40,2026.04.14 09:05:40,1,24035.7,24041.1,54.0,6.37,0.0,0.0,TRAIL_STOP,0.0,0.0,0.0,0,0.0,0.0,0.0,0.0,0,0.0,0.0,0,0,0,0,0.0,0,0.0,0.0,0,0.0,0.0,0.0,0.0,0.0,0.0,0.0,0.0,0.0,0,0,0.0,0,0,0.0,0.0,0,0.15,0.153,0.053,0.318,0.793,0.675,1,0.51,16.0,482.1
94012,DE30m,ANCHORED_PULLBACK,BUY,2026.04.14 09:05:59,2026.04.14 09:06:40,0,24031.8,24027.5,-43.0,-5.07,0.0,0.0,SL_HIT,0.0,0.0,0.0,0,0.0,0.0,0.0,0.0,0,0.0,0.0,0,0,0,0,0.0,0,0.0,0.0,0,0.0,0.0,0.0,0.0,0.0,0.0,0.0,0.0,0.0,0,0,0.0,0,0,0.0,0.0,0,0.15,0.153,0.053,0.28,0.793,0.675,1,0.51,16.0,482.1
94014,DE30m,BREAKOUT_RETEST,BUY,2026.04.14 09:06:40,2026.04.14 09:07:59,1,24020.7,24026.1,54.0,6.36,0.0,0.0,TRAIL_STOP,0.0,0.0,0.0,0,0.0,0.0,0.0,0.0,0,0.0,0.0,0,0,0,0,0.0,0,0.0,0.0,0,0.0,0.0,0.0,0.0,0.0,0.0,0.0,0.0,0.0,0,0,0.0,0,0,0.0,0.0,0,0.15,0.153,0.053,0.318,0.793,0.675,1,0.51,16.0,482.1
94016,DE30m,SWEEP_REVERSAL,BUY,2026.04.14 10:39:40,2026.04.14 10:40:20,0,23947.8,23949.9,21.0,2.48,0.0,0.0,TRAIL_STOP,0.0,0.0,0.0,0,0.0,0.0,0.0,0.0,0,0.0,0.0,0,0,0,0,0.0,0,0.0,0.0,0,0.0,0.0,0.0,0.0,0.0,0.0,0.0,0.0,0.0,0,0,0.0,0,0,0.0,0.0,0,0.0,0.216,0.0,0.25,0.698,0.5,0,0.72,16.0,533.4
94018,DE30m,MEAN_REVERSION,BUY,2026.04.14 11:00:20,2026.04.14 11:01:40,1,23953.8,23963.9,101.0,11.91,0.0,0.0,TRAIL_STOP,0.0,0.0,0.0,0,0.0,0.0,0.0,0.0,0,0.0,0.0,0,0,0,0,0.0,0,0.0,0.0,0,0.0,0.0,0.0,0.0,0.0,0.0,0.0,0.0,0.0,0,0,0.0,0,0,0.0,0.0,0,0.25,0.174,0.36,0.365,0.688,0.825,0,0.58,16.0,521.6
94020,DE30m,ANCHORED_PULLBACK,BUY,2026.04.14 11:05:59,2026.04.14 11:06:20,0,23978.7,23974.3,-44.0,-5.19,0.0,0.0,SL_HIT,0.0,0.0,0.0,0,0.0,0.0,0.0,0.0,0,0.0,0.0,0,0,0,0,0.0,0,0.0,0.0,0,0.0,0.0,0.0,0.0,0.0,0.0,0.0,0.0,0.0,0,0,0.0,0,0,0.0,0.0,0,0.25,0.174,0.36,0.246,0.688,0.825,1,0.58,16.0,521.6
94022,DE30m,BREAKOUT_RETEST,BUY,2026.04.14 11:06:40,2026.04.14 11:07:40,1,23980.4,23978.9,-15.0,-1.77,0.0,0.0,SL_HIT,0.0,0.0,0.0,0,0.0,0.0,0.0,0.0,0,0.0,0.0,0,0,0,0,0.0,0,0.0,0.0,0,0.0,0.0,0.0,0.0,0.0,0.0,0.0,0.0,0.0,0,0,0.0,0,0,0.0,0.0,0,0.25,0.174,0.36,0.246,0.688,0.825,1,0.58,16.0,521.6
94024,DE30m,PULLBACK,BUY,2026.04.14 11:20:40,2026.04.14 11:21:40,1,23987.4,23977.3,-101.0,-11.92,0.0,0.0,SL_HIT,0.0,0.0,0.0,0,0.0,0.0,0.0,0.0,0,0.0,0.0,0,0,0,0,0.0,0,0.0,0.0,0,0.0,0.0,0.0,0.0,0.0,0.0,0.0,0.0,0.0,0,0,0.0,0,0,0.0,0.0,0,0.25,0.174,0.36,0.191,0.688,0.825,1,0.58,16.0,521.6
94026,DE30m,TREND_CONTINUATION,BUY,2026.04.14 11:24:20,2026.04.14 11:24:40,0,23987.4,23983.9,-35.0,-4.13,0.0,0.0,SL_HIT,0.0,0.0,0.0,0,0.0,0.0,0.0,0.0,0,0.0,0.0,0,0,0,0,0.0,0,0.0,0.0,0,0.0,0.0,0.0,0.0,0.0,0.0,0.0,0.0,0.0,0,0,0.0,0,0,0.0,0.0,0,0.25,0.174,0.36,0.191,0.688,0.825,1,0.58,16.0,521.6
94028,DE30m,BREAKOUT,BUY,2026.04.14 13:03:40,2026.04.14 13:04:20,0,24039.5,24030.1,-94.0,-11.1,0.0,0.0,SL_HIT,0.0,0.0,0.0,0,0.0,0.0,0.0,0.0,0,0.0,0.0,0,0,0,0,0.0,0,0.0,0.0,0,0.0,0.0,0.0,0.0,0.0,0.0,0.0,0.0,0.0,0,0,0.0,0,0,0.0,0.0,0,0.0,0.247,0.089,0.131,0.629,0.975,1,0.825,16.0,636.9
94030,DE30m,ANCHORED_PULLBACK,BUY,2026.04.14 13:05:59,2026.04.14 13:07:40,1,24037.7,24039.4,17.0,2.01,0.0,0.0,TRAIL_STOP,0.0,0.0,0.0,0,0.0,0.0,0.0,0.0,0,0.0,0.0,0,0,0,0,0.0,0,0.0,0.0,0,0.0,0.0,0.0,0.0,0.0,0.0,0.0,0.0,0.0,0,0,0.0,0,0,0.0,0.0,0,0.0,0.247,0.089,0.089,0.629,0.975,0,0.825,16.0,636.9
94032,DE30m,PULLBACK,BUY,2026.04.14 13:20:40,2026.04.14 13:21:40,1,24048.7,24051.5,28.0,3.3,0.0,0.0,TRAIL_STOP,0.0,0.0,0.0,0,0.0,0.0,0.0,0.0,0,0.0,0.0,0,0,0,0,0.0,0,0.0,0.0,0,0.0,0.0,0.0,0.0,0.0,0.0,0.0,0.0,0.0,0,0,0.0,0,0,0.0,0.0,0,0.0,0.247,0.089,0.235,0.629,0.975,0,0.825,16.0,636.9
94034,DE30m,TREND_CONTINUATION,BUY,2026.04.14 13:24:20,2026.04.14 13:24:59,0,24048.7,24056.4,77.0,9.09,0.0,0.0,TRAIL_STOP,0.0,0.0,0.0,0,0.0,0.0,0.0,0.0,0,0.0,0.0,0,0,0,0,0.0,0,0.0,0.0,0,0.0,0.0,0.0,0.0,0.0,0.0,0.0,0.0,0.0,0,0,0.0,0,0,0.0,0.0,0,0.0,0.247,0.089,0.274,0.629,0.975,0,0.825,16.0,636.9
94036,DE30m,BREAKOUT_RETEST,BUY,2026.04.14 15:00:00,2026.04.14 15:00:40,0,24068.4,24064.5,-39.0,-4.61,0.0,0.0,SL_HIT,0.0,0.0,0.0,0,0.0,0.0,0.0,0.0,0,0.0,0.0,0,0,0,0,0.0,0,0.0,0.0,0,0.0,0.0,0.0,0.0,0.0,0.0,0.0,0.0,0.0,0,0,0.0,0,0,0.0,0.0,0,0.0,0.269,0.0,0.024,0.708,1.0,1,0.895,16.0,635.8
94038,DE30m,BREAKOUT,BUY,2026.04.14 15:03:40,2026.04.14 15:04:40,1,24070.4,24064.5,-59.0,-6.97,0.0,0.0,SL_HIT,0.0,0.0,0.0,0,0.0,0.0,0.0,0.0,0,0.0,0.0,0,0,0,0,0.0,0,0.0,0.0,0,0.0,0.0,0.0,0.0,0.0,0.0,0.0,0.0,0.0,0,0,0.0,0,0,0.0,0.0,0,0.0,0.269,0.0,0.024,0.708,1.0,1,0.895,16.0,635.8
94040,DE30m,PULLBACK,BUY,2026.04.14 15:21:40,2026.04.14 15:40:40,19,24068.4,24056.5,-119.0,-14.04,0.0,0.0,SL_HIT,0.0,0.0,0.0,0,0.0,0.0,0.0,0.0,0,0.0,0.0,0,0,0,0,0.0,0,0.0,0.0,0,0.0,0.0,0.0,0.0,0.0,0.0,0.0,0.0,0.0,0,0,0.0,0,0,0.0,0.0,0,0.0,0.269,0.0,0.024,0.708,1.0,1,0.895,16.0,635.8
94041,DE30m,TREND_CONTINUATION,BUY,2026.04.14 15:25:40,2026.04.14 15:40:40,15,24065.4,24056.5,-89.0,-10.5,0.0,0.0,SL_HIT,0.0,0.0,0.0,0,0.0,0.0,0.0,0.0,0,0.0,0.0,0,0,0,0,0.0,0,0.0,0.0,0,0.0,0.0,0.0,0.0,0.0,0.0,0.0,0.0,0.0,0,0,0.0,0,0,0.0,0.0,0,0.0,0.269,0.0,0.024,0.708,1.0,1,0.895,16.0,635.8
94044,DE30m,BREAKOUT_RETEST,BUY,2026.04.14 17:00:40,2026.04.14 17:02:40,2,24049.3,24044.2,-51.0,-6.02,0.0,0.0,SL_HIT,0.0,0.0,0.0,0,0.0,0.0,0.0,0.0,0,0.0,0.0,0,0,0,0,0.0,0,0.0,0.0,0,0.0,0.0,0.0,0.0,0.0,0.0,0.0,0.0,0.0,0,0,0.0,0,0,0.0,0.0,0,0.25,0.237,0.245,0.245,0.766,0.8,1,0.79,16.0,683.9
94046,DE30m,BREAKOUT,BUY,2026.04.14 17:17:40,2026.04.14 17:20:40,3,24062.1,24064.3,22.0,2.6,0.0,0.0,TRAIL_STOP,0.0,0.0,0.0,0,0.0,0.0,0.0,0.0,0,0.0,0.0,0,0,0,0,0.0,0,0.0,0.0,0,0.0,0.0,0.0,0.0,0.0,0.0,0.0,0.0,0.0,0,0,0.0,0,0,0.0,0.0,0,0.25,0.237,0.245,0.219,0.766,0.8,1,0.79,16.0,683.9
94048,DE30m,PULLBACK,BUY,2026.04.14 17:21:40,2026.04.14 17:23:40,2,24071.4,24069.3,-21.0,-2.48,0.0,0.0,SL_HIT,0.0,0.0,0.0,0,0.0,0.0,0.0,0.0,0,0.0,0.0,0,0,0,0,0.0,0,0.0,0.0,0,0.0,0.0,0.0,0.0,0.0,0.0,0.0,0.0,0.0,0,0,0.0,0,0,0.0,0.0,0,0.25,0.237,0.245,0.188,0.766,0.8,1,0.79,16.0,683.9
94050,DE30m,TREND_CONTINUATION,BUY,2026.04.14 17:25:40,2026.04.14 17:26:40,1,24064.7,24063.3,-14.0,-1.65,0.0,0.0,SL_HIT,0.0,0.0,0.0,0,0.0,0.0,0.0,0.0,0,0.0,0.0,0,0,0,0,0.0,0,0.0,0.0,0,0.0,0.0,0.0,0.0,0.0,0.0,0.0,0.0,0.0,0,0,0.0,0,0,0.0,0.0,0,0.25,0.237,0.245,0.152,0.766,0.8,1,0.79,16.0,683.9
94052,DE30m,BREAKOUT_RETEST,BUY,2026.04.14 19:00:40,2026.04.14 19:01:40,1,24060.4,24057.3,-31.0,-3.66,0.0,0.0,SL_HIT,0.0,0.0,0.0,0,0.0,0.0,0.0,0.0,0,0.0,0.0,0,0,0,0,0.0,0,0.0,0.0,0,0.0,0.0,0.0,0.0,0.0,0.0,0.0,0.0,0.0,0,0,0.0,0,0,0.0,0.0,0,0.25,0.247,0.088,0.1,0.728,0.8,1,0.825,16.0,707.1
94054,DE30m,BREAKOUT,BUY,2026.04.14 19:17:40,2026.04.14 19:19:20,1,24074.4,24070.3,-41.0,-4.84,0.0,0.0,SL_HIT,0.0,0.0,0.0,0,0.0,0.0,0.0,0.0,0,0.0,0.0,0,0,0,0,0.0,0,0.0,0.0,0,0.0,0.0,0.0,0.0,0.0,0.0,0.0,0.0,0.0,0,0,0.0,0,0,0.0,0.0,0,0.25,0.247,0.088,0.241,0.728,0.8,1,0.825,16.0,707.1
94056,DE30m,PULLBACK,BUY,2026.04.14 19:21:40,2026.04.14 19:22:40,1,24077.4,24072.6,-48.0,-5.66,0.0,0.0,SL_HIT,0.0,0.0,0.0,0,0.0,0.0,0.0,0.0,0,0.0,0.0,0,0,0,0,0.0,0,0.0,0.0,0,0.0,0.0,0.0,0.0,0.0,0.0,0.0,0.0,0.0,0,0,0.0,0,0,0.0,0.0,0,0.25,0.247,0.088,0.241,0.728,0.8,1,0.825,16.0,707.1
94058,DE30m,TREND_CONTINUATION,BUY,2026.04.14 19:25:40,2026.04.14 19:27:40,2,24070.7,24072.3,16.0,1.89,0.0,0.0,TRAIL_STOP,0.0,0.0,0.0,0,0.0,0.0,0.0,0.0,0,0.0,0.0,0,0,0,0,0.0,0,0.0,0.0,0,0.0,0.0,0.0,0.0,0.0,0.0,0.0,0.0,0.0,0,0,0.0,0,0,0.0,0.0,0,0.25,0.247,0.088,0.258,0.728,0.8,0,0.825,16.0,707.1
94060,DE30m,PULLBACK,BUY,2026.04.14 22:17:20,2026.04.14 22:17:40,0,24083.7,24071.3,-124.0,-14.63,0.0,0.0,SL_HIT,0.0,0.0,0.0,0,0.0,0.0,0.0,0.0,0,0.0,0.0,0,0,0,0,0.0,0,0.0,0.0,0,0.0,0.0,0.0,0.0,0.0,0.0,0.0,0.0,0.0,0,0,0.0,0,0,0.0,0.0,0,0.15,0.3,0.193,0.231,0.649,0.8,0,1.0,100.0,668.9
94062,DE30m,BREAKOUT_RETEST,BUY,2026.04.14 23:03:30,2026.04.14 23:08:40,5,24069.3,24067.7,-16.0,-1.89,0.0,0.0,SL_HIT,0.0,0.0,0.0,0,0.0,0.0,0.0,0.0,0,0.0,0.0,0,0,0,0,0.0,0,0.0,0.0,0,0.0,0.0,0.0,0.0,0.0,0.0,0.0,0.0,0.0,0,0,0.0,0,0,0.0,0.0,0,0.15,0.267,0.208,0.151,0.668,0.691,1,0.8908,100.0,606.8
94064,DE30m,BREAKOUT,BUY,2026.04.14 23:18:00,2026.04.14 23:23:20,5,24071.0,24072.6,16.0,1.89,0.0,0.0,TRAIL_STOP,0.0,0.0,0.0,0,0.0,0.0,0.0,0.0,0,0.0,0.0,0,0,0,0,0.0,0,0.0,0.0,0,0.0,0.0,0.0,0.0,0.0,0.0,0.0,0.0,0.0,0,0,0.0,0,0,0.0,0.0,0,0.15,0.267,0.208,0.228,0.668,0.691,0,0.8908,16.0,606.8
94066,DE30m,TREND_CONTINUATION,BUY,2026.04.14 23:26:00,2026.04.14 23:27:40,1,24075.8,24076.6,8.0,0.94,0.0,0.0,TRAIL_STOP,0.0,0.0,0.0,0,0.0,0.0,0.0,0.0,0,0.0,0.0,0,0,0,0,0.0,0,0.0,0.0,0,0.0,0.0,0.0,0.0,0.0,0.0,0.0,0.0,0.0,0,0,0.0,0,0,0.0,0.0,0,0.15,0.267,0.208,0.228,0.668,0.691,0,0.8908,16.0,606.8
94068,DE30m,BREAKOUT_RETEST,BUY,2026.04.15 01:03:40,2026.04.15 01:16:40,13,24049.5,24071.0,215.0,25.36,0.0,0.0,TRAIL_STOP,0.0,0.0,0.0,0,0.0,0.0,0.0,0.0,0,0.0,0.0,0,0,0,0,0.0,0,0.0,0.0,0,0.0,0.0,0.0,0.0,0.0,0.0,0.0,0.0,0.0,0,0,0.0,0,0,0.0,0.0,0,0.0,0.266,0.081,0.017,0.694,0.686,1,0.8857,16.0,555.1
94070,DE30m,BREAKOUT_RETEST,BUY,2026.04.15 03:11:40,2026.04.15 03:12:40,1,24038.7,24028.6,-101.0,-11.9,0.0,0.0,SL_HIT,0.0,0.0,0.0,0,0.0,0.0,0.0,0.0,0,0.0,0.0,0,0,0,0,0.0,0,0.0,0.0,0,0.0,0.0,0.0,0.0,0.0,0.0,0.0,0.0,0.0,0,0,0.0,0,0,0.0,0.0,0,0.4,0.181,0.242,0.362,0.724,0.867,0,0.6027,16.0,487.6
94072,DE30m,MEAN_REVERSION,BUY,2026.04.15 03:49:40,2026.04.15 03:57:40,8,24043.6,24044.2,6.0,0.71,0.0,0.0,TRAIL_STOP,0.0,0.0,0.0,0,0.0,0.0,0.0,0.0,0,0.0,0.0,0,0,0,0,0.0,0,0.0,0.0,0,0.0,0.0,0.0,0.0,0.0,0.0,0.0,0.0,0.0,0,0,0.0,0,0,0.0,0.0,0,0.4,0.181,0.242,0.298,0.724,0.867,1,0.6027,16.0,487.6
94073,DE30m,TREND_CONTINUATION,BUY,2026.04.15 03:57:20,2026.04.15 03:58:20,1,24051.6,24039.3,-123.0,-14.5,0.0,0.0,SL_HIT,0.0,0.0,0.0,0,0.0,0.0,0.0,0.0,0,0.0,0.0,0,0,0,0,0.0,0,0.0,0.0,0,0.0,0.0,0.0,0.0,0.0,0.0,0.0,0.0,0.0,0,0,0.0,0,0,0.0,0.0,0,0.4,0.181,0.242,0.298,0.724,0.867,1,0.6027,16.0,487.6
94076,DE30m,SWEEP_REVERSAL,BUY,2026.04.15 05:01:20,2026.04.15 05:01:59,0,24018.9,24030.6,117.0,13.79,0.0,0.0,TRAIL_STOP,0.0,0.0,0.0,0,0.0,0.0,0.0,0.0,0,0.0,0.0,0,0,0,0,0.0,0,0.0,0.0,0,0.0,0.0,0.0,0.0,0.0,0.0,0.0,0.0,0.0,0,0,0.0,0,0,0.0,0.0,0,0.15,0.164,0.168,0.202,0.661,0.75,1,-0.545,16.0,415.6
94078,DE30m,MEAN_REVERSION,BUY,2026.04.15 05:56:40,2026.04.15 06:01:40,5,24025.2,24029.7,45.0,5.31,0.0,0.0,TRAIL_STOP,0.0,0.0,0.0,0,0.0,0.0,0.0,0.0,0,0.0,0.0,0,0,0,0,0.0,0,0.0,0.0,0,0.0,0.0,0.0,0.0,0.0,0.0,0.0,0.0,0.0,0,0,0.0,0,0,0.0,0.0,0,0.0,0.226,0.153,0.0,0.7,0.55,1,-0.755,16.0,433.6
94079,DE30m,ANCHORED_PULLBACK,BUY,2026.04.15 06:00:00,2026.04.15 06:01:40,1,24029.7,24029.7,0.0,0.0,0.0,0.0,TRAIL_STOP,0.0,0.0,0.0,0,0.0,0.0,0.0,0.0,0,0.0,0.0,0,0,0,0,0.0,0,0.0,0.0,0,0.0,0.0,0.0,0.0,0.0,0.0,0.0,0.0,0.0,0,0,0.0,0,0,0.0,0.0,0,0.0,0.226,0.153,0.0,0.7,0.55,1,-0.755,16.0,433.6
94082,DE30m,ANCHORED_PULLBACK,BUY,2026.04.15 09:00:00,2026.04.15 09:00:40,0,24098.0,24099.4,14.0,1.65,0.0,0.0,TRAIL_STOP,0.0,0.0,0.0,0,0.0,0.0,0.0,0.0,0,0.0,0.0,0,0,0,0,0.0,0,0.0,0.0,0,0.0,0.0,0.0,0.0,0.0,0.0,0.0,0.0,0.0,0,0,0.0,0,0,0.0,0.0,0,0.15,0.258,0.158,0.277,0.732,1.0,0,-0.86,16.0,474.3
94084,DE30m,BREAKOUT_RETEST,BUY,2026.04.15 12:00:00,2026.04.15 12:01:40,1,24075.0,24058.6,-164.0,-19.33,0.0,0.0,SL_HIT,0.0,0.0,0.0,0,0.0,0.0,0.0,0.0,0,0.0,0.0,0,0,0,0,0.0,0,0.0,0.0,0,0.0,0.0,0.0,0.0,0.0,0.0,0.0,0.0,0.0,0,0,0.0,0,0,0.0,0.0,0,0.25,0.164,0.351,0.18,0.787,0.5,1,0.545,16.0,616.3
94086,DE30m,BREAKOUT,BUY,2026.04.15 12:32:20,2026.04.15 12:32:59,0,24052.0,24053.9,19.0,2.24,0.0,0.0,TRAIL_STOP,0.0,0.0,0.0,0,0.0,0.0,0.0,0.0,0,0.0,0.0,0,0,0,0,0.0,0,0.0,0.0,0,0.0,0.0,0.0,0.0,0.0,0.0,0.0,0.0,0.0,0,0,0.0,0,0,0.0,0.0,0,0.25,0.164,0.351,0.1,0.787,0.5,1,0.545,16.0,616.3
94087,DE30m,PULLBACK,BUY,2026.04.15 12:32:30,2026.04.15 12:32:59,0,24052.0,24053.9,19.0,2.24,0.0,0.0,TRAIL_STOP,0.0,0.0,0.0,0,0.0,0.0,0.0,0.0,0,0.0,0.0,0,0,0,0,0.0,0,0.0,0.0,0,0.0,0.0,0.0,0.0,0.0,0.0,0.0,0.0,0.0,0,0,0.0,0,0,0.0,0.0,0,0.25,0.164,0.351,0.1,0.787,0.5,1,0.545,16.0,616.3
94090,DE30m,TREND_CONTINUATION,BUY,2026.04.15 13:27:40,2026.04.15 13:28:40,1,24097.7,24093.7,-40.0,-4.72,0.0,0.0,SL_HIT,0.0,0.0,0.0,0,0.0,0.0,0.0,0.0,0,0.0,0.0,0,0,0,0,0.0,0,0.0,0.0,0,0.0,0.0,0.0,0.0,0.0,0.0,0.0,0.0,0.0,0,0,0.0,0,0,0.0,0.0,0,0.0,0.226,0.17,0.269,0.698,0.55,0,0.755,16.0,629.8
94092,DE30m,ANCHORED_PULLBACK,BUY,2026.04.15 14:01:00,2026.04.15 14:05:59,4,24094.7,24099.8,51.0,6.01,0.0,0.0,TRAIL_STOP,0.0,0.0,0.0,0,0.0,0.0,0.0,0.0,0,0.0,0.0,0,0,0,0,0.0,0,0.0,0.0,0,0.0,0.0,0.0,0.0,0.0,0.0,0.0,0.0,0.0,0,0,0.0,0,0,0.0,0.0,0,0.0,0.237,0.167,0.207,0.772,0.9,0,0.79,16.0,641.9
94093,DE30m,BREAKOUT_RETEST,BUY,2026.04.15 14:01:40,2026.04.15 14:05:59,4,24084.1,24099.8,157.0,18.51,0.0,0.0,TRAIL_STOP,0.0,0.0,0.0,0,0.0,0.0,0.0,0.0,0,0.0,0.0,0,0,0,0,0.0,0,0.0,0.0,0,0.0,0.0,0.0,0.0,0.0,0.0,0.0,0.0,0.0,0,0,0.0,0,0,0.0,0.0,0,0.0,0.237,0.167,0.207,0.772,0.9,0,0.79,16.0,641.9
94096,DE30m,BREAKOUT,BUY,2026.04.15 14:32:20,2026.04.15 14:32:59,0,24105.1,24109.8,47.0,5.54,0.0,0.0,TRAIL_STOP,0.0,0.0,0.0,0,0.0,0.0,0.0,0.0,0,0.0,0.0,0,0,0,0,0.0,0,0.0,0.0,0,0.0,0.0,0.0,0.0,0.0,0.0,0.0,0.0,0.0,0,0,0.0,0,0,0.0,0.0,0,0.0,0.237,0.167,0.255,0.772,0.9,0,0.79,16.0,641.9
94097,DE30m,PULLBACK,BUY,2026.04.15 14:32:40,2026.04.15 14:33:40,1,24113.7,24105.7,-80.0,-9.44,0.0,0.0,SL_HIT,0.0,0.0,0.0,0,0.0,0.0,0.0,0.0,0,0.0,0.0,0,0,0,0,0.0,0,0.0,0.0,0,0.0,0.0,0.0,0.0,0.0,0.0,0.0,0.0,0.0,0,0,0.0,0,0,0.0,0.0,0,0.0,0.237,0.167,0.255,0.772,0.9,0,0.79,16.0,641.9
94100,DE30m,MEAN_REVERSION,BUY,2026.04.15 16:00:40,2026.04.15 16:01:40,1,24054.0,24057.7,37.0,4.37,0.0,0.0,TRAIL_STOP,0.0,0.0,0.0,0,0.0,0.0,0.0,0.0,0,0.0,0.0,0,0,0,0,0.0,0,0.0,0.0,0,0.0,0.0,0.0,0.0,0.0,0.0,0.0,0.0,0.0,0,0,0.0,0,0,0.0,0.0,0,0.15,0.258,0.196,0.26,0.61,0.7,0,0.86,16.0,664.0
94102,DE30m,BREAKOUT_RETEST,BUY,2026.04.15 16:03:40,2026.04.15 16:05:20,1,24069.7,24066.7,-30.0,-3.54,0.0,0.0,SL_HIT,0.0,0.0,0.0,0,0.0,0.0,0.0,0.0,0,0.0,0.0,0,0,0,0,0.0,0,0.0,0.0,0,0.0,0.0,0.0,0.0,0.0,0.0,0.0,0.0,0.0,0,0,0.0,0,0,0.0,0.0,0,0.15,0.258,0.196,0.111,0.61,0.7,1,0.86,16.0,664.0
94104,DE30m,TREND_CONTINUATION,BUY,2026.04.15 16:20:40,2026.04.15 16:21:40,1,24086.7,24083.7,-30.0,-3.54,0.0,0.0,SL_HIT,0.0,0.0,0.0,0,0.0,0.0,0.0,0.0,0,0.0,0.0,0,0,0,0,0.0,0,0.0,0.0,0,0.0,0.0,0.0,0.0,0.0,0.0,0.0,0.0,0.0,0,0,0.0,0,0,0.0,0.0,0,0.15,0.258,0.196,0.132,0.61,0.7,1,0.86,16.0,664.0
94106,DE30m,SWEEP_REVERSAL,BUY,2026.04.15 16:40:40,2026.04.15 16:41:40,1,24038.0,24034.7,-33.0,-3.89,0.0,0.0,SL_HIT,0.0,0.0,0.0,0,0.0,0.0,0.0,0.0,0,0.0,0.0,0,0,0,0,0.0,0,0.0,0.0,0,0.0,0.0,0.0,0.0,0.0,0.0,0.0,0.0,0.0,0,0,0.0,0,0,0.0,0.0,0,0.15,0.258,0.196,0.356,0.61,0.7,0,0.86,16.0,664.0
94108,DE30m,PULLBACK,BUY,2026.04.15 17:05:40,2026.04.15 17:08:00,2,24059.6,24057.5,-21.0,-2.48,0.0,0.0,SL_HIT,0.0,0.0,0.0,0,0.0,0.0,0.0,0.0,0,0.0,0.0,0,0,0,0,0.0,0,0.0,0.0,0,0.0,0.0,0.0,0.0,0.0,0.0,0.0,0.0,0.0,0,0,0.0,0,0,0.0,0.0,0,0.4,0.216,0.14,0.402,0.741,1.0,0,0.72,16.0,687.9
94110,DE30m,MEAN_REVERSION,BUY,2026.04.15 18:00:40,2026.04.15 18:01:59,1,24042.0,24057.5,155.0,18.28,0.0,0.0,TRAIL_STOP,0.0,0.0,0.0,0,0.0,0.0,0.0,0.0,0,0.0,0.0,0,0,0,0,0.0,0,0.0,0.0,0,0.0,0.0,0.0,0.0,0.0,0.0,0.0,0.0,0.0,0,0,0.0,0,0,0.0,0.0,0,0.4,0.22,0.14,0.316,0.797,1.0,0,0.7348,16.0,690.2
94112,DE30m,BREAKOUT_RETEST,BUY,2026.04.15 18:03:40,2026.04.15 18:04:40,1,24078.6,24071.4,-72.0,-8.49,0.0,0.0,SL_HIT,0.0,0.0,0.0,0,0.0,0.0,0.0,0.0,0,0.0,0.0,0,0,0,0,0.0,0,0.0,0.0,0,0.0,0.0,0.0,0.0,0.0,0.0,0.0,0.0,0.0,0,0,0.0,0,0,0.0,0.0,0,0.4,0.22,0.14,0.331,0.797,1.0,1,0.7348,16.0,690.2
94114,DE30m,TREND_CONTINUATION,BUY,2026.04.15 18:33:40,2026.04.15 18:37:40,4,24086.6,24089.6,30.0,3.54,0.0,0.0,TRAIL_STOP,0.0,0.0,0.0,0,0.0,0.0,0.0,0.0,0,0.0,0.0,0,0,0,0,0.0,0,0.0,0.0,0,0.0,0.0,0.0,0.0,0.0,0.0,0.0,0.0,0.0,0,0,0.0,0,0,0.0,0.0,0,0.4,0.22,0.14,0.16,0.797,1.0,1,0.7348,16.0,690.2
94115,DE30m,BREAKOUT,BUY,2026.04.15 18:36:40,2026.04.15 18:37:40,1,24093.7,24089.6,-41.0,-4.84,0.0,0.0,SL_HIT,0.0,0.0,0.0,0,0.0,0.0,0.0,0.0,0,0.0,0.0,0,0,0,0,0.0,0,0.0,0.0,0,0.0,0.0,0.0,0.0,0.0,0.0,0.0,0.0,0.0,0,0,0.0,0,0,0.0,0.0,0,0.4,0.22,0.14,0.16,0.797,1.0,1,0.7348,16.0,690.2
94118,DE30m,PULLBACK,BUY,2026.04.15 19:28:40,2026.04.15 19:29:20,0,24111.7,24104.5,-72.0,-8.5,0.0,0.0,SL_HIT,0.0,0.0,0.0,0,0.0,0.0,0.0,0.0,0,0.0,0.0,0,0,0,0,0.0,0,0.0,0.0,0,0.0,0.0,0.0,0.0,0.0,0.0,0.0,0.0,0.0,0,0,0.0,0,0,0.0,0.0,0,0.15,0.173,0.134,0.299,0.756,0.586,0,0.5765,16.0,711.6
94120,DE30m,MEAN_REVERSION,BUY,2026.04.15 20:03:00,2026.04.15 20:21:40,18,24066.9,24061.4,-55.0,-6.49,0.0,0.0,SL_HIT,0.0,0.0,0.0,0,0.0,0.0,0.0,0.0,0,0.0,0.0,0,0,0,0,0.0,0,0.0,0.0,0,0.0,0.0,0.0,0.0,0.0,0.0,0.0,0.0,0.0,0,0,0.0,0,0,0.0,0.0,0,0.0,0.231,0.102,0.117,0.787,0.57,1,0.7703,100.0,682.9
94121,DE30m,BREAKOUT_RETEST,BUY,2026.04.15 20:03:40,2026.04.15 20:21:40,18,24066.3,24061.4,-49.0,-5.78,0.0,0.0,SL_HIT,0.0,0.0,0.0,0,0.0,0.0,0.0,0.0,0,0.0,0.0,0,0,0,0,0.0,0,0.0,0.0,0,0.0,0.0,0.0,0.0,0.0,0.0,0.0,0.0,0.0,0,0,0.0,0,0,0.0,0.0,0,0.0,0.231,0.102,0.117,0.787,0.57,1,0.7703,100.0,682.9
94124,DE30m,BREAKOUT,BUY,2026.04.16 01:00:00,2026.04.16 01:00:40,0,24147.2,24143.5,-37.0,-4.37,0.0,0.0,SL_HIT,0.0,0.0,0.0,0,0.0,0.0,0.0,0.0,0,0.0,0.0,0,0,0,0,0.0,0,0.0,0.0,0,0.0,0.0,0.0,0.0,0.0,0.0,0.0,0.0,0.0,0,0,0.0,0,0,0.0,0.0,4,0.0,0.187,0.0,0.151,0.7,0.582,1,0.6229,16.0,576.9
94125,DE30m,BREAKOUT_RETEST,BUY,2026.04.16 01:00:20,2026.04.16 01:00:40,0,24147.2,24143.5,-37.0,-4.37,0.0,0.0,SL_HIT,0.0,0.0,0.0,0,0.0,0.0,0.0,0.0,0,0.0,0.0,0,0,0,0,0.0,0,0.0,0.0,0,0.0,0.0,0.0,0.0,0.0,0.0,0.0,0.0,0.0,0,0,0.0,0,0,0.0,0.0,4,0.0,0.187,0.0,0.151,0.7,0.582,1,0.6229,16.0,576.9
94126,DE30m,TREND_CONTINUATION,BUY,2026.04.16 01:00:30,2026.04.16 01:01:40,1,24147.2,24144.2,-30.0,-3.54,0.0,0.0,SL_HIT,0.0,0.0,0.0,0,0.0,0.0,0.0,0.0,0,0.0,0.0,0,0,0,0,0.0,0,0.0,0.0,0,0.0,0.0,0.0,0.0,0.0,0.0,0.0,0.0,0.0,0,0,0.0,0,0,0.0,0.0,4,0.0,0.187,0.0,0.151,0.7,0.582,1,0.6229,16.0,576.9
94130,DE30m,PULLBACK,BUY,2026.04.16 01:28:20,2026.04.16 01:30:40,2,24119.0,24118.4,-6.0,-0.71,0.0,0.0,SL_HIT,0.0,0.0,0.0,0,0.0,0.0,0.0,0.0,0,0.0,0.0,0,0,0,0,0.0,0,0.0,0.0,0,0.0,0.0,0.0,0.0,0.0,0.0,0.0,0.0,0.0,0,0,0.0,0,0,0.0,0.0,4,0.0,0.187,0.0,0.167,0.7,0.582,1,0.6229,16.0,576.9
94132,DE30m,BREAKOUT,BUY,2026.04.16 03:00:00,2026.04.16 03:01:20,1,24129.2,24130.6,14.0,1.65,0.0,0.0,TRAIL_STOP,0.0,0.0,0.0,0,0.0,0.0,0.0,0.0,0,0.0,0.0,0,0,0,0,0.0,0,0.0,0.0,0,0.0,0.0,0.0,0.0,0.0,0.0,0.0,0.0,0.0,0,0,0.0,0,0,0.0,0.0,0,0.25,0.174,0.245,0.178,0.784,0.55,1,0.58,16.0,467.0
94133,DE30m,BREAKOUT_RETEST,BUY,2026.04.16 03:00:20,2026.04.16 03:01:20,1,24128.8,24130.6,18.0,2.13,0.0,0.0,TRAIL_STOP,0.0,0.0,0.0,0,0.0,0.0,0.0,0.0,0,0.0,0.0,0,0,0,0,0.0,0,0.0,0.0,0,0.0,0.0,0.0,0.0,0.0,0.0,0.0,0.0,0.0,0,0,0.0,0,0,0.0,0.0,0,0.25,0.174,0.245,0.178,0.784,0.55,1,0.58,16.0,467.0
94134,DE30m,TREND_CONTINUATION,BUY,2026.04.16 03:00:30,2026.04.16 03:01:20,0,24128.8,24130.6,18.0,2.13,0.0,0.0,TRAIL_STOP,0.0,0.0,0.0,0,0.0,0.0,0.0,0.0,0,0.0,0.0,0,0,0,0,0.0,0,0.0,0.0,0,0.0,0.0,0.0,0.0,0.0,0.0,0.0,0.0,0.0,0,0,0.0,0,0,0.0,0.0,0,0.25,0.174,0.245,0.178,0.784,0.55,1,0.58,16.0,467.0
94138,DE30m,PULLBACK,BUY,2026.04.16 03:34:40,2026.04.16 04:00:40,26,24128.8,24123.1,-57.0,-6.73,0.0,0.0,SL_HIT,0.0,0.0,0.0,0,0.0,0.0,0.0,0.0,0,0.0,0.0,0,0,0,0,0.0,0,0.0,0.0,0,0.0,0.0,0.0,0.0,0.0,0.0,0.0,0.0,0.0,0,0,0.0,0,0,0.0,0.0,0,0.0,0.237,0.124,0.243,0.747,0.6,0,0.79,16.0,458.9
94140,DE30m,BREAKOUT,BUY,2026.04.16 05:00:00,2026.04.16 05:00:40,0,24132.2,24133.5,13.0,1.54,0.0,0.0,TRAIL_STOP,0.0,0.0,0.0,0,0.0,0.0,0.0,0.0,0,0.0,0.0,0,0,0,0,0.0,0,0.0,0.0,0,0.0,0.0,0.0,0.0,0.0,0.0,0.0,0.0,0.0,0,0,0.0,0,0,0.0,0.0,0,0.0,0.247,0.0,0.06,0.73,0.65,1,0.825,16.0,424.6
94141,DE30m,TREND_CONTINUATION,BUY,2026.04.16 05:00:20,2026.04.16 05:00:40,0,24136.6,24133.5,-31.0,-3.66,0.0,0.0,SL_HIT,0.0,0.0,0.0,0,0.0,0.0,0.0,0.0,0,0.0,0.0,0,0,0,0,0.0,0,0.0,0.0,0,0.0,0.0,0.0,0.0,0.0,0.0,0.0,0.0,0.0,0,0,0.0,0,0,0.0,0.0,0,0.0,0.247,0.0,0.06,0.73,0.65,1,0.825,16.0,424.6
94144,DE30m,BREAKOUT_RETEST,BUY,2026.04.16 05:00:40,2026.04.16 05:02:40,2,24126.2,24127.3,11.0,1.3,0.0,0.0,TRAIL_STOP,0.0,0.0,0.0,0,0.0,0.0,0.0,0.0,0,0.0,0.0,0,0,0,0,0.0,0,0.0,0.0,0,0.0,0.0,0.0,0.0,0.0,0.0,0.0,0.0,0.0,0,0,0.0,0,0,0.0,0.0,0,0.0,0.247,0.0,0.092,0.73,0.65,1,0.825,16.0,424.6
94146,DE30m,PULLBACK,BUY,2026.04.16 05:34:40,2026.04.16 05:35:00,0,24157.0,24152.9,-41.0,-4.84,0.0,0.0,SL_HIT,0.0,0.0,0.0,0,0.0,0.0,0.0,0.0,0,0.0,0.0,0,0,0,0,0.0,0,0.0,0.0,0,0.0,0.0,0.0,0.0,0.0,0.0,0.0,0.0,0.0,0,0,0.0,0,0,0.0,0.0,0,0.0,0.247,0.0,0.286,0.73,0.65,0,0.825,16.0,424.6
94148,DE30m,ANCHORED_PULLBACK,BUY,2026.04.16 06:00:00,2026.04.16 06:01:20,1,24151.9,24151.9,0.0,0.0,0.0,0.0,TRAIL_STOP,0.0,0.0,0.0,0,0.0,0.0,0.0,0.0,0,0.0,0.0,0,0,0,0,0.0,0,0.0,0.0,0,0.0,0.0,0.0,0.0,0.0,0.0,0.0,0.0,0.0,0,0,0.0,0,0,0.0,0.0,0,0.15,0.258,0.053,0.314,0.757,1.0,0,0.86,16.0,408.9
94151,DE30m,TREND_CONTINUATION,BUY,2026.04.16 07:00:20,2026.04.16 07:00:40,0,24165.0,24117.2,-478.0,-56.43,0.0,0.0,SL_HIT,0.0,0.0,0.0,0,0.0,0.0,0.0,0.0,0,0.0,0.0,0,0,0,0,0.0,0,0.0,0.0,0,0.0,0.0,0.0,0.0,0.0,0.0,0.0,0.0,0.0,0,0,0.0,0,0,0.0,0.0,4,0.0,0.269,0.084,0.221,0.58,1.0,0,0.895,16.0,398.2
94150,DE30m,BREAKOUT,BUY,2026.04.16 07:00:00,2026.04.16 07:01:40,1,24163.7,24104.0,-597.0,-70.47,0.0,0.0,SL_HIT,0.0,0.0,0.0,0,0.0,0.0,0.0,0.0,0,0.0,0.0,0,0,0,0,0.0,0,0.0,0.0,0,0.0,0.0,0.0,0.0,0.0,0.0,0.0,0.0,0.0,0,0,0.0,0,0,0.0,0.0,4,0.0,0.269,0.084,0.249,0.58,1.0,0,0.895,16.0,398.2
94153,DE30m,BREAKOUT_RETEST,BUY,2026.04.16 07:01:20,2026.04.16 07:01:40,0,24124.0,24112.1,-119.0,-14.05,0.0,0.0,SL_HIT,0.0,0.0,0.0,0,0.0,0.0,0.0,0.0,0,0.0,0.0,0,0,0,0,0.0,0,0.0,0.0,0,0.0,0.0,0.0,0.0,0.0,0.0,0.0,0.0,0.0,0,0,0.0,0,0,0.0,0.0,4,0.0,0.269,0.084,0.249,0.58,1.0,0,0.895,16.0,398.2
94156,DE30m,MEAN_REVERSION,BUY,2026.04.16 07:32:40,2026.04.16 07:33:59,1,24096.3,24106.9,106.0,12.5,0.0,0.0,TRAIL_STOP,0.0,0.0,0.0,0,0.0,0.0,0.0,0.0,0,0.0,0.0,0,0,0,0,0.0,0,0.0,0.0,0,0.0,0.0,0.0,0.0,0.0,0.0,0.0,0.0,0.0,0,0,0.0,0,0,0.0,0.0,4,0.0,0.269,0.084,0.249,0.58,1.0,0,0.895,16.0,398.2
94158,DE30m,PULLBACK,BUY,2026.04.16 07:57:40,2026.04.16 07:59:40,2,24092.4,24105.0,126.0,14.86,0.0,0.0,TRAIL_STOP,0.0,0.0,0.0,0,0.0,0.0,0.0,0.0,0,0.0,0.0,0,0,0,0,0.0,0,0.0,0.0,0,0.0,0.0,0.0,0.0,0.0,0.0,0.0,0.0,0.0,0,0,0.0,0,0,0.0,0.0,4,0.0,0.269,0.084,0.249,0.58,1.0,0,0.895,16.0,398.2
94160,DE30m,SWEEP_REVERSAL,BUY,2026.04.16 08:08:40,2026.04.16 08:10:40,2,24086.0,24085.2,-8.0,-0.94,0.0,0.0,SL_HIT,0.0,0.0,0.0,0,0.0,0.0,0.0,0.0,0,0.0,0.0,0,0,0,0,0.0,0,0.0,0.0,0,0.0,0.0,0.0,0.0,0.0,0.0,0.0,0.0,0.0,0,0,0.0,0,0,0.0,0.0,6,0.55,0.226,0.57,0.588,0.666,1.0,1,0.755,16.0,423.3
94162,DE30m,PULLBACK,BUY,2026.04.16 11:00:00,2026.04.16 11:00:59,0,24197.0,24198.8,18.0,2.12,0.0,0.0,TRAIL_STOP,0.0,0.0,0.0,0,0.0,0.0,0.0,0.0,0,0.0,0.0,0,0,0,0,0.0,0,0.0,0.0,0,0.0,0.0,0.0,0.0,0.0,0.0,0.0,0.0,0.0,0,0,0.0,0,0,0.0,0.0,0,0.4,0.066,0.14,0.389,0.748,0.238,0,0.2185,16.0,446.9
94163,DE30m,ANCHORED_PULLBACK,BUY,2026.04.16 11:00:20,2026.04.16 11:00:59,0,24195.6,24198.8,32.0,3.77,0.0,0.0,TRAIL_STOP,0.0,0.0,0.0,0,0.0,0.0,0.0,0.0,0,0.0,0.0,0,0,0,0,0.0,0,0.0,0.0,0,0.0,0.0,0.0,0.0,0.0,0.0,0.0,0.0,0.0,0,0,0.0,0,0,0.0,0.0,0,0.4,0.066,0.14,0.389,0.748,0.238,0,0.2185,16.0,446.9
94166,DE30m,BREAKOUT,BUY,2026.04.16 11:01:40,2026.04.16 11:02:20,0,24212.0,24205.8,-62.0,-7.31,0.0,0.0,SL_HIT,0.0,0.0,0.0,0,0.0,0.0,0.0,0.0,0,0.0,0.0,0,0,0,0,0.0,0,0.0,0.0,0,0.0,0.0,0.0,0.0,0.0,0.0,0.0,0.0,0.0,0,0,0.0,0,0,0.0,0.0,0,0.4,0.066,0.14,0.389,0.748,0.238,0,0.2185,16.0,446.9
94168,DE30m,TREND_CONTINUATION,BUY,2026.04.16 11:17:40,2026.04.16 11:18:40,1,24204.4,24201.2,-32.0,-3.77,0.0,0.0,SL_HIT,0.0,0.0,0.0,0,0.0,0.0,0.0,0.0,0,0.0,0.0,0,0,0,0,0.0,0,0.0,0.0,0,0.0,0.0,0.0,0.0,0.0,0.0,0.0,0.0,0.0,0,0,0.0,0,0,0.0,0.0,0,0.4,0.066,0.14,0.389,0.748,0.238,0,0.2185,16.0,446.9
94170,DE30m,PULLBACK,BUY,2026.04.16 13:00:00,2026.04.16 13:00:40,0,24237.0,24235.7,-13.0,-1.53,0.0,0.0,SL_HIT,0.0,0.0,0.0,0,0.0,0.0,0.0,0.0,0,0.0,0.0,0,0,0,0,0.0,0,0.0,0.0,0,0.0,0.0,0.0,0.0,0.0,0.0,0.0,0.0,0.0,0,0,0.0,0,0,0.0,0.0,0,0.15,0.226,0.053,0.064,0.552,0.825,1,0.755,16.0,462.6
94171,DE30m,ANCHORED_PULLBACK,BUY,2026.04.16 13:00:20,2026.04.16 13:00:40,0,24239.0,24235.7,-33.0,-3.89,0.0,0.0,SL_HIT,0.0,0.0,0.0,0,0.0,0.0,0.0,0.0,0,0.0,0.0,0,0,0,0,0.0,0,0.0,0.0,0,0.0,0.0,0.0,0.0,0.0,0.0,0.0,0.0,0.0,0,0,0.0,0,0,0.0,0.0,0,0.15,0.226,0.053,0.064,0.552,0.825,1,0.755,16.0,462.6
94174,DE30m,BREAKOUT_RETEST,BUY,2026.04.16 13:00:40,2026.04.16 13:01:59,1,24227.3,24234.7,74.0,8.72,0.0,0.0,TRAIL_STOP,0.0,0.0,0.0,0,0.0,0.0,0.0,0.0,0,0.0,0.0,0,0,0,0,0.0,0,0.0,0.0,0,0.0,0.0,0.0,0.0,0.0,0.0,0.0,0.0,0.0,0,0,0.0,0,0,0.0,0.0,0,0.15,0.226,0.053,0.164,0.552,0.825,1,0.755,16.0,462.6
94175,DE30m,BREAKOUT,BUY,2026.04.16 13:01:40,2026.04.16 13:03:20,1,24238.0,24237.7,-3.0,-0.35,0.0,0.0,SL_HIT,0.0,0.0,0.0,0,0.0,0.0,0.0,0.0,0,0.0,0.0,0,0,0,0,0.0,0,0.0,0.0,0,0.0,0.0,0.0,0.0,0.0,0.0,0.0,0.0,0.0,0,0,0.0,0,0,0.0,0.0,0,0.15,0.226,0.053,0.164,0.552,0.825,1,0.755,16.0,462.6
94178,DE30m,TREND_CONTINUATION,BUY,2026.04.16 13:17:40,2026.04.16 13:18:20,0,24235.3,24232.7,-26.0,-3.06,0.0,0.0,SL_HIT,0.0,0.0,0.0,0,0.0,0.0,0.0,0.0,0,0.0,0.0,0,0,0,0,0.0,0,0.0,0.0,0,0.0,0.0,0.0,0.0,0.0,0.0,0.0,0.0,0.0,0,0,0.0,0,0,0.0,0.0,0,0.15,0.226,0.053,0.164,0.552,0.825,1,0.755,16.0,462.6
94180,DE30m,BREAKOUT_RETEST,BUY,2026.04.16 15:00:40,2026.04.16 15:01:40,1,24144.0,24138.2,-58.0,-6.83,0.0,0.0,SL_HIT,0.0,0.0,0.0,0,0.0,0.0,0.0,0.0,0,0.0,0.0,0,0,0,0,0.0,0,0.0,0.0,0,0.0,0.0,0.0,0.0,0.0,0.0,0.0,0.0,0.0,0,0,0.0,0,0,0.0,0.0,0,0.25,0.195,0.088,0.173,0.612,0.975,1,0.65,16.0,586.3
94182,DE30m,BREAKOUT,BUY,2026.04.16 15:01:40,2026.04.16 15:05:20,3,24133.4,24138.3,49.0,5.77,0.0,0.0,TRAIL_STOP,0.0,0.0,0.0,0,0.0,0.0,0.0,0.0,0,0.0,0.0,0,0,0,0,0.0,0,0.0,0.0,0,0.0,0.0,0.0,0.0,0.0,0.0,0.0,0.0,0.0,0,0,0.0,0,0,0.0,0.0,0,0.25,0.195,0.088,0.173,0.612,0.975,1,0.65,16.0,586.3
94184,DE30m,PULLBACK,BUY,2026.04.16 15:10:40,2026.04.16 15:11:59,1,24172.0,24173.1,11.0,1.3,0.0,0.0,TRAIL_STOP,0.0,0.0,0.0,0,0.0,0.0,0.0,0.0,0,0.0,0.0,0,0,0,0,0.0,0,0.0,0.0,0,0.0,0.0,0.0,0.0,0.0,0.0,0.0,0.0,0.0,0,0,0.0,0,0,0.0,0.0,0,0.25,0.195,0.088,0.307,0.612,0.975,1,0.65,16.0,586.3
94186,DE30m,TREND_CONTINUATION,BUY,2026.04.16 15:17:40,2026.04.16 15:18:40,1,24181.0,24174.3,-67.0,-7.89,0.0,0.0,SL_HIT,0.0,0.0,0.0,0,0.0,0.0,0.0,0.0,0,0.0,0.0,0,0,0,0,0.0,0,0.0,0.0,0,0.0,0.0,0.0,0.0,0.0,0.0,0.0,0.0,0.0,0,0,0.0,0,0,0.0,0.0,0,0.25,0.195,0.088,0.307,0.612,0.975,1,0.65,16.0,586.3
94188,DE30m,TREND_CONTINUATION,BUY,2026.04.16 17:17:40,2026.04.16 17:18:40,1,24064.3,24063.1,-12.0,-1.41,0.0,0.0,SL_HIT,0.0,0.0,0.0,0,0.0,0.0,0.0,0.0,0,0.0,0.0,0,0,0,0,0.0,0,0.0,0.0,0,0.0,0.0,0.0,0.0,0.0,0.0,0.0,0.0,0.0,0,0,0.0,0,0,0.0,0.0,0,0.25,0.216,0.088,0.359,0.612,1.0,0,0.72,16.0,649.1
94190,DE30m,MEAN_REVERSION,BUY,2026.04.16 17:37:40,2026.04.16 17:39:59,2,24081.4,24087.0,56.0,6.59,0.0,0.0,TRAIL_STOP,0.0,0.0,0.0,0,0.0,0.0,0.0,0.0,0,0.0,0.0,0,0,0,0,0.0,0,0.0,0.0,0,0.0,0.0,0.0,0.0,0.0,0.0,0.0,0.0,0.0,0,0,0.0,0,0,0.0,0.0,0,0.25,0.216,0.088,0.359,0.612,1.0,0,0.72,16.0,649.1
94192,DE30m,SWEEP_REVERSAL,BUY,2026.04.16 18:10:59,2026.04.16 18:13:40,2,24075.4,24088.0,126.0,14.84,0.0,0.0,TRAIL_STOP,0.0,0.0,0.0,0,0.0,0.0,0.0,0.0,0,0.0,0.0,0,0,0,0,0.0,0,0.0,0.0,0,0.0,0.0,0.0,0.0,0.0,0.0,0.0,0.0,0.0,0,0,0.0,0,0,0.0,0.0,0,0.15,0.0,0.053,0.226,0.75,0.114,0,0.0,16.0,656.4
94194,DE30m,MEAN_REVERSION,BUY,2026.04.16 19:37:40,2026.04.16 19:39:20,1,24098.3,24098.0,-3.0,-0.35,0.0,0.0,SL_HIT,0.0,0.0,0.0,0,0.0,0.0,0.0,0.0,0,0.0,0.0,0,0,0,0,0.0,0,0.0,0.0,0,0.0,0.0,0.0,0.0,0.0,0.0,0.0,0.0,0.0,0,0,0.0,0,0,0.0,0.0,0,0.15,0.206,0.053,0.126,0.629,0.45,1,-0.685,16.0,666.3
94196,DE30m,BREAKOUT,BUY,2026.04.17 00:00:00,2026.04.17 00:00:59,0,24142.3,24144.1,18.0,2.12,0.0,0.0,TRAIL_STOP,0.0,0.0,0.0,0,0.0,0.0,0.0,0.0,0,0.0,0.0,0,0,0,0,0.0,0,0.0,0.0,0,0.0,0.0,0.0,0.0,0.0,0.0,0.0,0.0,0.0,0,0,0.0,0,0,0.0,0.0,0,0.4,0.195,0.14,0.359,0.799,0.975,0,-0.65,16.0,561.7
94198,DE30m,ANCHORED_PULLBACK,BUY,2026.04.17 01:00:00,2026.04.17 01:01:20,1,24170.3,24170.9,6.0,0.71,0.0,0.0,TRAIL_STOP,0.0,0.0,0.0,0,0.0,0.0,0.0,0.0,0,0.0,0.0,0,0,0,0,0.0,0,0.0,0.0,0,0.0,0.0,0.0,0.0,0.0,0.0,0.0,0.0,0.0,0,0,0.0,0,0,0.0,0.0,0,0.4,0.181,0.304,0.38,0.697,0.928,0,-0.604,16.0,581.3
94200,DE30m,BREAKOUT,BUY,2026.04.17 02:00:00,2026.04.17 02:00:40,0,24165.6,24163.2,-24.0,-2.83,0.0,0.0,SL_HIT,0.0,0.0,0.0,0,0.0,0.0,0.0,0.0,0,0.0,0.0,0,0,0,0,0.0,0,0.0,0.0,0,0.0,0.0,0.0,0.0,0.0,0.0,0.0,0.0,0.0,0,0,0.0,0,0,0.0,0.0,0,0.0,0.118,0.147,0.049,0.793,0.237,1,0.3932,16.0,565.6
94202,DE30m,BREAKOUT_RETEST,BUY,2026.04.17 02:15:59,2026.04.17 02:16:40,0,24166.9,24163.1,-38.0,-4.47,0.0,0.0,SL_HIT,0.0,0.0,0.0,0,0.0,0.0,0.0,0.0,0,0.0,0.0,0,0,0,0,0.0,0,0.0,0.0,0,0.0,0.0,0.0,0.0,0.0,0.0,0.0,0.0,0.0,0,0,0.0,0,0,0.0,0.0,0,0.0,0.118,0.147,0.075,0.793,0.237,1,0.3932,16.0,565.6
94204,DE30m,TREND_CONTINUATION,BUY,2026.04.17 02:46:40,2026.04.17 02:48:40,2,24167.9,24166.3,-16.0,-1.88,0.0,0.0,SL_HIT,0.0,0.0,0.0,0,0.0,0.0,0.0,0.0,0,0.0,0.0,0,0,0,0,0.0,0,0.0,0.0,0,0.0,0.0,0.0,0.0,0.0,0.0,0.0,0.0,0.0,0,0,0.0,0,0,0.0,0.0,0,0.0,0.118,0.147,0.166,0.793,0.237,1,0.3932,16.0,565.6
94206,DE30m,BREAKOUT_RETEST,BUY,2026.04.17 04:17:40,2026.04.17 04:21:40,4,24145.7,24148.3,26.0,3.06,0.0,0.0,TRAIL_STOP,0.0,0.0,0.0,0,0.0,0.0,0.0,0.0,0,0.0,0.0,0,0,0,0,0.0,0,0.0,0.0,0,0.0,0.0,0.0,0.0,0.0,0.0,0.0,0.0,0.0,0,0,0.0,0,0,0.0,0.0,0,0.0,0.226,0.0,0.259,0.797,0.825,1,0.755,16.0,534.9
94208,DE30m,TREND_CONTINUATION,BUY,2026.04.17 04:49:40,2026.04.17 05:01:40,12,24162.6,24149.6,-130.0,-15.32,0.0,0.0,SL_HIT,0.0,0.0,0.0,0,0.0,0.0,0.0,0.0,0,0.0,0.0,0,0,0,0,0.0,0,0.0,0.0,0,0.0,0.0,0.0,0.0,0.0,0.0,0.0,0.0,0.0,0,0,0.0,0,0,0.0,0.0,0,0.25,0.185,0.167,0.281,0.754,0.6,1,0.615,16.0,438.6
94210,DE30m,PULLBACK,BUY,2026.04.17 05:37:40,2026.04.17 05:39:40,2,24165.7,24165.4,-3.0,-0.35,0.0,0.0,SL_HIT,0.0,0.0,0.0,0,0.0,0.0,0.0,0.0,0,0.0,0.0,0,0,0,0,0.0,0,0.0,0.0,0,0.0,0.0,0.0,0.0,0.0,0.0,0.0,0.0,0.0,0,0,0.0,0,0,0.0,0.0,0,0.25,0.185,0.167,0.113,0.754,0.6,1,0.615,16.0,438.6
94212,DE30m,BREAKOUT,BUY,2026.04.17 06:00:00,2026.04.17 06:21:40,21,24163.6,24146.1,-175.0,-20.61,0.0,0.0,SL_HIT,0.0,0.0,0.0,0,0.0,0.0,0.0,0.0,0,0.0,0.0,0,0,0,0,0.0,0,0.0,0.0,0,0.0,0.0,0.0,0.0,0.0,0.0,0.0,0.0,0.0,0,0,0.0,0,0,0.0,0.0,0,0.15,0.247,0.206,0.06,0.658,0.65,1,0.825,16.0,414.7
94214,DE30m,BREAKOUT_RETEST,BUY,2026.04.17 06:20:40,2026.04.17 06:22:40,2,24155.1,24140.7,-144.0,-16.96,0.0,0.0,SL_HIT,0.0,0.0,0.0,0,0.0,0.0,0.0,0.0,0,0.0,0.0,0,0,0,0,0.0,0,0.0,0.0,0,0.0,0.0,0.0,0.0,0.0,0.0,0.0,0.0,0.0,0,0,0.0,0,0,0.0,0.0,0,0.15,0.247,0.206,0.121,0.658,0.65,1,0.825,16.0,414.7
94213,DE30m,ANCHORED_PULLBACK,BUY,2026.04.17 06:00:40,2026.04.17 06:23:40,23,24175.8,24137.6,-382.0,-45.0,0.0,0.0,SL_HIT,0.0,0.0,0.0,0,0.0,0.0,0.0,0.0,0,0.0,0.0,0,0,0,0,0.0,0,0.0,0.0,0,0.0,0.0,0.0,0.0,0.0,0.0,0.0,0.0,0.0,0,0,0.0,0,0,0.0,0.0,0,0.15,0.247,0.206,0.142,0.658,0.65,1,0.825,16.0,414.7
94218,DE30m,TREND_CONTINUATION,BUY,2026.04.17 07:01:40,2026.04.17 07:03:00,1,24154.7,24162.6,79.0,9.3,0.0,0.0,TRAIL_STOP,0.0,0.0,0.0,0,0.0,0.0,0.0,0.0,0,0.0,0.0,0,0,0,0,0.0,0,0.0,0.0,0,0.0,0.0,0.0,0.0,0.0,0.0,0.0,0.0,0.0,0,0,0.0,0,0,0.0,0.0,0,0.25,0.206,0.25,0.267,0.692,0.7,0,0.685,16.0,411.8
94220,DE30m,PULLBACK,BUY,2026.04.17 07:37:40,2026.04.17 07:45:40,8,24202.7,24209.6,69.0,8.13,0.0,0.0,TRAIL_STOP,0.0,0.0,0.0,0,0.0,0.0,0.0,0.0,0,0.0,0.0,0,0,0,0,0.0,0,0.0,0.0,0,0.0,0.0,0.0,0.0,0.0,0.0,0.0,0.0,0.0,0,0,0.0,0,0,0.0,0.0,0,0.25,0.206,0.25,0.379,0.692,0.7,0,0.685,16.0,411.8
94222,DE30m,BREAKOUT,BUY,2026.04.17 08:00:00,2026.04.17 08:09:40,9,24240.0,24240.0,0.0,0.0,0.0,0.0,TRAIL_STOP,0.0,0.0,0.0,0,0.0,0.0,0.0,0.0,0,0.0,0.0,0,0,0,0,0.0,0,0.0,0.0,0,0.0,0.0,0.0,0.0,0.0,0.0,0.0,0.0,0.0,0,0,0.0,0,0,0.0,0.0,0,0.15,0.269,0.132,0.315,0.588,1.0,0,0.895,16.0,442.5
94224,DE30m,ANCHORED_PULLBACK,BUY,2026.04.17 08:13:40,2026.04.17 08:14:59,1,24230.5,24238.8,83.0,9.78,0.0,0.0,TRAIL_STOP,0.0,0.0,0.0,0,0.0,0.0,0.0,0.0,0,0.0,0.0,0,0,0,0,0.0,0,0.0,0.0,0,0.0,0.0,0.0,0.0,0.0,0.0,0.0,0.0,0.0,0,0,0.0,0,0,0.0,0.0,0,0.15,0.269,0.132,0.315,0.588,1.0,0,0.895,16.0,442.5
94226,DE30m,TREND_CONTINUATION,BUY,2026.04.17 09:01:40,2026.04.17 09:02:40,1,24325.2,24320.9,-43.0,-5.07,0.0,0.0,SL_HIT,0.0,0.0,0.0,0,0.0,0.0,0.0,0.0,0,0.0,0.0,0,0,0,0,0.0,0,0.0,0.0,0,0.0,0.0,0.0,0.0,0.0,0.0,0.0,0.0,0.0,0,0,0.0,0,0,0.0,0.0,0,0.0,0.279,0.072,0.226,0.501,1.0,0,0.93,16.0,473.3
94228,DE30m,PULLBACK,BUY,2026.04.17 09:37:40,2026.04.17 09:38:59,1,24315.5,24319.9,44.0,5.19,0.0,0.0,TRAIL_STOP,0.0,0.0,0.0,0,0.0,0.0,0.0,0.0,0,0.0,0.0,0,0,0,0,0.0,0,0.0,0.0,0,0.0,0.0,0.0,0.0,0.0,0.0,0.0,0.0,0.0,0,0,0.0,0,0,0.0,0.0,0,0.0,0.279,0.072,0.226,0.501,1.0,0,0.93,16.0,473.3
94230,DE30m,BREAKOUT_RETEST,BUY,2026.04.17 10:00:00,2026.04.17 10:02:20,2,24328.0,24313.1,-149.0,-17.57,0.0,0.0,SL_HIT,0.0,0.0,0.0,0,0.0,0.0,0.0,0.0,0,0.0,0.0,0,0,0,0,0.0,0,0.0,0.0,0,0.0,0.0,0.0,0.0,0.0,0.0,0.0,0.0,0.0,0,0,0.0,0,0,0.0,0.0,0,0.0,0.29,0.0,0.0,0.468,1.0,1,0.965,16.0,498.2
94232,DE30m,BREAKOUT,BUY,2026.04.17 10:21:40,2026.04.17 10:22:40,1,24339.2,24335.7,-35.0,-4.13,0.0,0.0,SL_HIT,0.0,0.0,0.0,0,0.0,0.0,0.0,0.0,0,0.0,0.0,0,0,0,0,0.0,0,0.0,0.0,0,0.0,0.0,0.0,0.0,0.0,0.0,0.0,0.0,0.0,0,0,0.0,0,0,0.0,0.0,0,0.0,0.29,0.0,0.229,0.468,1.0,1,0.965,16.0,498.2
94234,DE30m,ANCHORED_PULLBACK,BUY,2026.04.17 11:00:00,2026.04.17 11:01:40,1,24312.5,24325.5,130.0,15.33,0.0,0.0,TRAIL_STOP,0.0,0.0,0.0,0,0.0,0.0,0.0,0.0,0,0.0,0.0,0,0,0,0,0.0,0,0.0,0.0,0,0.0,0.0,0.0,0.0,0.0,0.0,0.0,0.0,0.0,0,0,0.0,0,0,0.0,0.0,0,0.0,0.3,0.0,0.0,0.514,0.8,1,1.0,16.0,519.9
94236,DE30m,TREND_CONTINUATION,BUY,2026.04.17 11:05:59,2026.04.17 11:06:40,0,24300.2,24300.7,5.0,0.59,0.0,0.0,TRAIL_STOP,0.0,0.0,0.0,0,0.0,0.0,0.0,0.0,0,0.0,0.0,0,0,0,0,0.0,0,0.0,0.0,0,0.0,0.0,0.0,0.0,0.0,0.0,0.0,0.0,0.0,0,0,0.0,0,0,0.0,0.0,0,0.0,0.3,0.0,0.114,0.514,0.8,1,1.0,16.0,519.9
94238,DE30m,PULLBACK,BUY,2026.04.17 11:37:40,2026.04.17 11:38:20,0,24265.5,24263.7,-18.0,-2.12,0.0,0.0,SL_HIT,0.0,0.0,0.0,0,0.0,0.0,0.0,0.0,0,0.0,0.0,0,0,0,0,0.0,0,0.0,0.0,0,0.0,0.0,0.0,0.0,0.0,0.0,0.0,0.0,0.0,0,0,0.0,0,0,0.0,0.0,0,0.0,0.3,0.0,0.232,0.514,0.8,1,1.0,16.0,519.9
94240,DE30m,SWEEP_REVERSAL,BUY,2026.04.17 12:00:00,2026.04.17 12:00:40,0,24267.5,24269.6,21.0,2.48,0.0,0.0,TRAIL_STOP,0.0,0.0,0.0,0,0.0,0.0,0.0,0.0,0,0.0,0.0,0,0,0,0,0.0,0,0.0,0.0,0,0.0,0.0,0.0,0.0,0.0,0.0,0.0,0.0,0.0,0,0,0.0,0,0,0.0,0.0,0,0.4,0.247,0.276,0.196,0.674,0.8,0,0.825,16.0,556.3
94241,DE30m,MEAN_REVERSION,BUY,2026.04.17 12:00:20,2026.04.17 12:00:40,0,24273.2,24269.6,-36.0,-4.25,0.0,0.0,SL_HIT,0.0,0.0,0.0,0,0.0,0.0,0.0,0.0,0,0.0,0.0,0,0,0,0,0.0,0,0.0,0.0,0,0.0,0.0,0.0,0.0,0.0,0.0,0.0,0.0,0.0,0,0,0.0,0,0,0.0,0.0,0,0.4,0.247,0.276,0.196,0.674,0.8,0,0.825,16.0,556.3
94244,DE30m,BREAKOUT_RETEST,BUY,2026.04.17 12:06:40,2026.04.17 12:07:40,1,24277.2,24270.9,-63.0,-7.43,0.0,0.0,SL_HIT,0.0,0.0,0.0,0,0.0,0.0,0.0,0.0,0,0.0,0.0,0,0,0,0,0.0,0,0.0,0.0,0,0.0,0.0,0.0,0.0,0.0,0.0,0.0,0.0,0.0,0,0,0.0,0,0,0.0,0.0,0,0.4,0.247,0.276,0.322,0.674,0.8,0,0.825,16.0,556.3
94246,DE30m,TREND_CONTINUATION,BUY,2026.04.17 13:05:59,2026.04.17 13:15:40,9,24631.0,24682.9,519.0,61.48,0.0,0.0,TRAIL_STOP,0.0,0.0,0.0,0,0.0,0.0,0.0,0.0,0,0.0,0.0,0,0,0,0,0.0,0,0.0,0.0,0,0.0,0.0,0.0,0.0,0.0,0.0,0.0,0.0,0.0,0,0,0.0,0,0,0.0,0.0,0,0.25,0.247,0.088,0.387,0.634,1.0,0,0.825,16.0,833.7
94248,DE30m,ANCHORED_PULLBACK,BUY,2026.04.17 14:00:00,2026.04.17 14:10:40,10,24667.5,24713.6,461.0,54.51,0.0,0.0,TRAIL_STOP,0.0,0.0,0.0,0,0.0,0.0,0.0,0.0,0,0.0,0.0,0,0,0,0,0.0,0,0.0,0.0,0,0.0,0.0,0.0,0.0,0.0,0.0,0.0,0.0,0.0,0,0,0.0,0,0,0.0,0.0,3,0.0,0.7,0.0,0.162,0.396,1.0,1,1.0,16.0,931.8
94249,DE30m,BREAKOUT_RETEST,BUY,2026.04.17 14:06:40,2026.04.17 14:10:40,4,24708.7,24713.6,49.0,5.79,0.0,0.0,TRAIL_STOP,0.0,0.0,0.0,0,0.0,0.0,0.0,0.0,0,0.0,0.0,0,0,0,0,0.0,0,0.0,0.0,0,0.0,0.0,0.0,0.0,0.0,0.0,0.0,0.0,0.0,0,0,0.0,0,0,0.0,0.0,3,0.0,0.7,0.0,0.162,0.396,1.0,1,1.0,16.0,931.8
94250,DE30m,PULLBACK,BUY,2026.04.17 14:07:40,2026.04.17 14:10:40,3,24711.7,24713.6,19.0,2.25,0.0,0.0,TRAIL_STOP,0.0,0.0,0.0,0,0.0,0.0,0.0,0.0,0,0.0,0.0,0,0,0,0,0.0,0,0.0,0.0,0,0.0,0.0,0.0,0.0,0.0,0.0,0.0,0.0,0.0,0,0,0.0,0,0,0.0,0.0,3,0.0,0.7,0.0,0.162,0.396,1.0,1,1.0,16.0,931.8
94254,DE30m,BREAKOUT,BUY,2026.04.17 14:22:40,2026.04.17 14:23:20,0,24742.7,24729.7,-130.0,-15.37,0.0,0.0,SL_HIT,0.0,0.0,0.0,0,0.0,0.0,0.0,0.0,0,0.0,0.0,0,0,0,0,0.0,0,0.0,0.0,0,0.0,0.0,0.0,0.0,0.0,0.0,0.0,0.0,0.0,0,0,0.0,0,0,0.0,0.0,3,0.0,0.7,0.0,0.281,0.396,1.0,1,1.0,16.0,931.8
94256,DE30m,TREND_CONTINUATION,BUY,2026.04.17 16:00:00,2026.04.17 16:00:40,0,24714.6,24709.4,-52.0,-6.14,0.0,0.0,SL_HIT,0.0,0.0,0.0,0,0.0,0.0,0.0,0.0,0,0.0,0.0,0,0,0,0,0.0,0,0.0,0.0,0,0.0,0.0,0.0,0.0,0.0,0.0,0.0,0.0,0.0,0,0,0.0,0,0,0.0,0.0,0,0.0,0.3,0.15,0.0,0.624,0.8,1,1.0,16.0,1024.1
94258,DE30m,BREAKOUT_RETEST,BUY,2026.04.17 16:06:40,2026.04.17 16:09:40,3,24713.2,24723.4,102.0,12.03,0.0,0.0,TRAIL_STOP,0.0,0.0,0.0,0,0.0,0.0,0.0,0.0,0,0.0,0.0,0,0,0,0,0.0,0,0.0,0.0,0,0.0,0.0,0.0,0.0,0.0,0.0,0.0,0.0,0.0,0,0,0.0,0,0,0.0,0.0,0,0.0,0.3,0.15,0.0,0.624,0.8,1,1.0,16.0,1024.1
94259,DE30m,PULLBACK,BUY,2026.04.17 16:07:59,2026.04.17 16:09:40,1,24714.0,24723.4,94.0,11.09,0.0,0.0,TRAIL_STOP,0.0,0.0,0.0,0,0.0,0.0,0.0,0.0,0,0.0,0.0,0,0,0,0,0.0,0,0.0,0.0,0,0.0,0.0,0.0,0.0,0.0,0.0,0.0,0.0,0.0,0,0,0.0,0,0,0.0,0.0,0,0.0,0.3,0.15,0.0,0.624,0.8,1,1.0,16.0,1024.1
94262,DE30m,BREAKOUT,BUY,2026.04.17 16:22:40,2026.04.17 16:24:40,2,24696.0,24696.4,4.0,0.47,0.0,0.0,TRAIL_STOP,0.0,0.0,0.0,0,0.0,0.0,0.0,0.0,0,0.0,0.0,0,0,0,0,0.0,0,0.0,0.0,0,0.0,0.0,0.0,0.0,0.0,0.0,0.0,0.0,0.0,0,0,0.0,0,0,0.0,0.0,0,0.0,0.3,0.15,0.069,0.624,0.8,1,1.0,16.0,1024.1
94264,DE30m,MEAN_REVERSION,BUY,2026.04.17 17:09:40,2026.04.17 17:10:40,1,24670.7,24669.3,-14.0,-1.65,0.0,0.0,SL_HIT,0.0,0.0,0.0,0,0.0,0.0,0.0,0.0,0,0.0,0.0,0,0,0,0,0.0,0,0.0,0.0,0,0.0,0.0,0.0,0.0,0.0,0.0,0.0,0.0,0.0,0,0,0.0,0,0,0.0,0.0,0,0.25,0.247,0.266,0.3,0.733,0.8,1,0.825,16.0,1046.2
94266,DE30m,SWEEP_REVERSAL,BUY,2026.04.17 17:24:40,2026.04.17 17:25:59,1,24582.0,24614.7,327.0,38.55,0.0,0.0,TRAIL_STOP,0.0,0.0,0.0,0,0.0,0.0,0.0,0.0,0,0.0,0.0,0,0,0,0,0.0,0,0.0,0.0,0,0.0,0.0,0.0,0.0,0.0,0.0,0.0,0.0,0.0,0,0,0.0,0,0,0.0,0.0,0,0.25,0.247,0.266,0.378,0.733,0.8,0,0.825,16.0,1046.2
94268,DE30m,PULLBACK,BUY,2026.04.17 18:25:40,2026.04.17 18:26:40,1,24648.6,24644.0,-46.0,-5.43,0.0,0.0,SL_HIT,0.0,0.0,0.0,0,0.0,0.0,0.0,0.0,0,0.0,0.0,0,0,0,0,0.0,0,0.0,0.0,0,0.0,0.0,0.0,0.0,0.0,0.0,0.0,0.0,0.0,0,0,0.0,0,0,0.0,0.0,0,0.15,0.3,0.053,0.319,0.639,1.0,0,1.0,16.0,1114.9
94270,DE30m,BREAKOUT_RETEST,BUY,2026.04.17 19:07:40,2026.04.17 19:09:40,2,24636.7,24636.0,-7.0,-0.82,0.0,0.0,SL_HIT,0.0,0.0,0.0,0,0.0,0.0,0.0,0.0,0,0.0,0.0,0,0,0,0,0.0,0,0.0,0.0,0,0.0,0.0,0.0,0.0,0.0,0.0,0.0,0.0,0.0,0,0,0.0,0,0,0.0,0.0,0,0.4,0.247,0.197,0.243,0.65,1.0,0,0.825,16.0,1128.2
94272,DE30m,MEAN_REVERSION,BUY,2026.04.17 19:09:40,2026.04.17 19:10:40,1,24626.0,24625.0,-10.0,-1.18,0.0,0.0,SL_HIT,0.0,0.0,0.0,0,0.0,0.0,0.0,0.0,0,0.0,0.0,0,0,0,0,0.0,0,0.0,0.0,0,0.0,0.0,0.0,0.0,0.0,0.0,0.0,0.0,0.0,0,0,0.0,0,0,0.0,0.0,0,0.4,0.247,0.197,0.243,0.65,1.0,0,0.825,16.0,1128.2
94274,DE30m,SWEEP_REVERSAL,BUY,2026.04.17 19:24:40,2026.04.17 19:25:40,1,24624.7,24620.0,-47.0,-5.54,0.0,0.0,SL_HIT,0.0,0.0,0.0,0,0.0,0.0,0.0,0.0,0,0.0,0.0,0,0,0,0,0.0,0,0.0,0.0,0,0.0,0.0,0.0,0.0,0.0,0.0,0.0,0.0,0.0,0,0,0.0,0,0,0.0,0.0,0,0.4,0.247,0.197,0.243,0.65,1.0,0,0.825,16.0,1128.2
94276,DE30m,MEAN_REVERSION,BUY,2026.04.19 23:05:20,2026.04.19 23:06:40,1,24436.0,24421.9,-141.0,-16.56,0.0,0.0,SL_HIT,0.0,0.0,0.0,0,0.0,0.0,0.0,0.0,0,0.0,0.0,0,0,0,0,0.0,0,0.0,0.0,0,0.0,0.0,0.0,0.0,0.0,0.0,0.0,0.0,0.0,0,0,0.0,0,0,0.0,0.0,0,0.25,0.247,0.238,0.318,0.723,1.0,0,0.825,100.0,1137.4
94278,DE30m,PULLBACK,BUY,2026.04.20 00:00:00,2026.04.20 00:00:40,0,24408.8,24404.2,-46.0,-5.4,0.0,0.0,SL_HIT,0.0,0.0,0.0,0,0.0,0.0,0.0,0.0,0,0.0,0.0,0,0,0,0,0.0,0,0.0,0.0,0,0.0,0.0,0.0,0.0,0.0,0.0,0.0,0.0,0.0,0,0,0.0,0,0,0.0,0.0,0,0.25,0.153,0.088,0.298,0.532,0.726,0,0.5089,16.0,1080.8
94280,DE30m,TREND_CONTINUATION,BUY,2026.04.20 00:03:00,2026.04.20 00:04:40,1,24391.7,24394.2,25.0,2.94,0.0,0.0,TRAIL_STOP,0.0,0.0,0.0,0,0.0,0.0,0.0,0.0,0,0.0,0.0,0,0,0,0,0.0,0,0.0,0.0,0,0.0,0.0,0.0,0.0,0.0,0.0,0.0,0.0,0.0,0,0,0.0,0,0,0.0,0.0,0,0.25,0.153,0.088,0.298,0.532,0.726,0,0.5089,16.0,1080.8
94281,DE30m,SWEEP_REVERSAL,BUY,2026.04.20 00:03:30,2026.04.20 00:04:40,1,24390.1,24394.2,41.0,4.81,0.0,0.0,TRAIL_STOP,0.0,0.0,0.0,0,0.0,0.0,0.0,0.0,0,0.0,0.0,0,0,0,0,0.0,0,0.0,0.0,0,0.0,0.0,0.0,0.0,0.0,0.0,0.0,0.0,0.0,0,0,0.0,0,0,0.0,0.0,0,0.25,0.153,0.088,0.298,0.532,0.726,0,0.5089,16.0,1080.8
94282,DE30m,NAKED_POC,BUY,2026.04.20 00:03:40,2026.04.20 00:04:40,1,24399.7,24394.3,-54.0,-6.34,0.0,0.0,SL_HIT,0.0,0.0,0.0,0,0.0,0.0,0.0,0.0,0,0.0,0.0,0,0,0,0,0.0,0,0.0,0.0,0,0.0,0.0,0.0,0.0,0.0,0.0,0.0,0.0,0.0,0,0,0.0,0,0,0.0,0.0,0,0.25,0.153,0.088,0.298,0.532,0.726,0,0.5089,16.0,1080.8
94286,DE30m,BREAKOUT_RETEST,BUY,2026.04.20 00:26:40,2026.04.20 00:55:40,29,24433.6,24421.2,-124.0,-14.58,0.0,0.0,SL_HIT,0.0,0.0,0.0,0,0.0,0.0,0.0,0.0,0,0.0,0.0,0,0,0,0,0.0,0,0.0,0.0,0,0.0,0.0,0.0,0.0,0.0,0.0,0.0,0.0,0.0,0,0,0.0,0,0,0.0,0.0,0,0.25,0.153,0.088,0.253,0.532,0.726,1,0.5089,16.0,1080.8
94288,DE30m,NAKED_POC,BUY,2026.04.20 02:03:40,2026.04.20 02:07:40,4,24456.1,24450.8,-53.0,-6.23,0.0,0.0,SL_HIT,0.0,0.0,0.0,0,0.0,0.0,0.0,0.0,0,0.0,0.0,0,0,0,0,0.0,0,0.0,0.0,0,0.0,0.0,0.0,0.0,0.0,0.0,0.0,0.0,0.0,0,0,0.0,0,0,0.0,0.0,0,0.25,0.164,0.238,0.283,0.782,0.75,0,-0.545,16.0,1040.8
94290,DE30m,NAKED_POC,BUY,2026.04.20 04:03:40,2026.04.20 04:04:40,1,24428.2,24422.6,-56.0,-6.59,0.0,0.0,SL_HIT,0.0,0.0,0.0,0,0.0,0.0,0.0,0.0,0,0.0,0.0,0,0,0,0,0.0,0,0.0,0.0,0,0.0,0.0,0.0,0.0,0.0,0.0,0.0,0.0,0.0,0,0,0.0,0,0,0.0,0.0,0,0.15,0.237,0.129,0.163,0.727,0.6,1,-0.79,16.0,988.1
94292,DE30m,MEAN_REVERSION,BUY,2026.04.20 05:06:40,2026.04.20 05:43:40,37,24399.1,24341.5,-576.0,-67.68,0.0,0.0,SL_HIT,0.0,0.0,0.0,0,0.0,0.0,0.0,0.0,0,0.0,0.0,0,0,0,0,0.0,0,0.0,0.0,0,0.0,0.0,0.0,0.0,0.0,0.0,0.0,0.0,0.0,0,0,0.0,0,0,0.0,0.0,0,0.15,0.247,0.053,0.346,0.766,0.65,0,-0.825,16.0,720.0
94293,DE30m,SWEEP_REVERSAL,BUY,2026.04.20 05:26:40,2026.04.20 06:00:59,34,24376.2,24395.1,189.0,22.22,0.0,0.0,TRAIL_STOP,0.0,0.0,0.0,0,0.0,0.0,0.0,0.0,0,0.0,0.0,0,0,0,0,0.0,0,0.0,0.0,0,0.0,0.0,0.0,0.0,0.0,0.0,0.0,0.0,0.0,0,0,0.0,0,0,0.0,0.0,0,0.15,0.258,0.053,0.324,0.625,1.0,0,-0.86,16.0,666.1
94295,DE30m,ANCHORED_PULLBACK,BUY,2026.04.20 06:00:30,2026.04.20 06:00:59,0,24379.3,24395.1,158.0,18.57,0.0,0.0,TRAIL_STOP,0.0,0.0,0.0,0,0.0,0.0,0.0,0.0,0,0.0,0.0,0,0,0,0,0.0,0,0.0,0.0,0,0.0,0.0,0.0,0.0,0.0,0.0,0.0,0.0,0.0,0,0,0.0,0,0,0.0,0.0,0,0.15,0.258,0.053,0.324,0.625,1.0,0,-0.86,16.0,666.1
94298,DE30m,NAKED_POC,BUY,2026.04.20 06:04:20,2026.04.20 06:05:40,1,24395.9,24377.7,-182.0,-21.39,0.0,0.0,SL_HIT,0.0,0.0,0.0,0,0.0,0.0,0.0,0.0,0,0.0,0.0,0,0,0,0,0.0,0,0.0,0.0,0,0.0,0.0,0.0,0.0,0.0,0.0,0.0,0.0,0.0,0,0,0.0,0,0,0.0,0.0,0,0.15,0.258,0.053,0.299,0.625,1.0,0,-0.86,16.0,666.1
94300,DE30m,SWEEP_REVERSAL,BUY,2026.04.20 08:03:40,2026.04.20 09:02:40,59,24346.6,24349.3,27.0,3.18,0.0,0.0,TRAIL_STOP,0.0,0.0,0.0,0,0.0,0.0,0.0,0.0,0,0.0,0.0,0,0,0,0,0.0,0,0.0,0.0,0,0.0,0.0,0.0,0.0,0.0,0.0,0.0,0.0,0.0,0,0,0.0,0,0,0.0,0.0,0,0.0,0.29,0.103,0.177,0.647,0.8,1,-0.965,16.0,667.9
94301,DE30m,ANCHORED_PULLBACK,BUY,2026.04.20 09:00:00,2026.04.20 09:02:40,2,24342.3,24349.3,70.0,8.23,0.0,0.0,TRAIL_STOP,0.0,0.0,0.0,0,0.0,0.0,0.0,0.0,0,0.0,0.0,0,0,0,0,0.0,0,0.0,0.0,0,0.0,0.0,0.0,0.0,0.0,0.0,0.0,0.0,0.0,0,0,0.0,0,0,0.0,0.0,0,0.0,0.29,0.103,0.177,0.647,0.8,1,-0.965,16.0,667.9
94304,DE30m,MEAN_REVERSION,BUY,2026.04.20 09:11:00,2026.04.20 09:11:40,0,24335.6,24333.3,-23.0,-2.71,0.0,0.0,SL_HIT,0.0,0.0,0.0,0,0.0,0.0,0.0,0.0,0,0.0,0.0,0,0,0,0,0.0,0,0.0,0.0,0,0.0,0.0,0.0,0.0,0.0,0.0,0.0,0.0,0.0,0,0,0.0,0,0,0.0,0.0,0,0.0,0.29,0.103,0.223,0.647,0.8,1,-0.965,16.0,667.9
94306,DE30m,NAKED_POC,BUY,2026.04.20 10:11:59,2026.04.20 10:12:40,0,24409.6,24407.4,-22.0,-2.59,0.0,0.0,SL_HIT,0.0,0.0,0.0,0,0.0,0.0,0.0,0.0,0,0.0,0.0,0,0,0,0,0.0,0,0.0,0.0,0,0.0,0.0,0.0,0.0,0.0,0.0,0.0,0.0,0.0,0,0,0.0,0,0,0.0,0.0,0,0.25,0.247,0.196,0.326,0.647,0.8,1,-0.825,16.0,615.8
94308,DE30m,NAKED_POC,BUY,2026.04.20 13:09:40,2026.04.20 13:10:20,0,24421.3,24407.5,-138.0,-16.24,0.0,0.0,SL_HIT,0.0,0.0,0.0,0,0.0,0.0,0.0,0.0,0,0.0,0.0,0,0,0,0,0.0,0,0.0,0.0,0,0.0,0.0,0.0,0.0,0.0,0.0,0.0,0.0,0.0,0,0,0.0,0,0,0.0,0.0,0,0.25,0.247,0.244,0.382,0.758,0.8,0,-0.825,16.0,607.9
94311,DE30m,NAKED_POC,BUY,2026.04.20 15:09:40,2026.04.20 15:12:40,3,24392.6,24399.5,69.0,8.12,0.0,0.0,TRAIL_STOP,0.0,0.0,0.0,0,0.0,0.0,0.0,0.0,0,0.0,0.0,0,0,0,0,0.0,0,0.0,0.0,0,0.0,0.0,0.0,0.0,0.0,0.0,0.0,0.0,0.0,0,0,0.0,0,0,0.0,0.0,6,0.55,0.164,0.493,0.649,0.583,0.5,1,0.545,16.0,756.8
94310,DE30m,SWEEP_REVERSAL,BUY,2026.04.20 15:08:40,2026.04.20 15:25:20,16,24414.3,24428.5,142.0,16.73,0.0,0.0,TRAIL_STOP,0.0,0.0,0.0,0,0.0,0.0,0.0,0.0,0,0.0,0.0,0,0,0,0,0.0,0,0.0,0.0,0,0.0,0.0,0.0,0.0,0.0,0.0,0.0,0.0,0.0,0,0,0.0,0,0,0.0,0.0,6,0.55,0.164,0.493,0.645,0.583,0.5,1,0.545,16.0,756.8
94314,DE30m,BREAKOUT_RETEST,BUY,2026.04.20 16:00:00,2026.04.20 16:00:40,0,24405.7,24403.9,-18.0,-2.12,0.0,0.0,SL_HIT,0.0,0.0,0.0,0,0.0,0.0,0.0,0.0,0,0.0,0.0,0,0,0,0,0.0,0,0.0,0.0,0,0.0,0.0,0.0,0.0,0.0,0.0,0.0,0.0,0.0,0,0,0.0,0,0,0.0,0.0,0,0.25,0.174,0.215,0.17,0.621,0.55,1,0.58,16.0,767.6
94315,DE30m,MEAN_REVERSION,BUY,2026.04.20 16:00:20,2026.04.20 16:00:40,0,24408.3,24403.9,-44.0,-5.19,0.0,0.0,SL_HIT,0.0,0.0,0.0,0,0.0,0.0,0.0,0.0,0,0.0,0.0,0,0,0,0,0.0,0,0.0,0.0,0,0.0,0.0,0.0,0.0,0.0,0.0,0.0,0.0,0.0,0,0,0.0,0,0,0.0,0.0,0,0.25,0.174,0.215,0.17,0.621,0.55,1,0.58,16.0,767.6
94318,DE30m,NAKED_POC,BUY,2026.04.20 17:09:40,2026.04.20 17:13:40,4,24411.3,24417.9,66.0,7.78,0.0,0.0,TRAIL_STOP,0.0,0.0,0.0,0,0.0,0.0,0.0,0.0,0,0.0,0.0,0,0,0,0,0.0,0,0.0,0.0,0,0.0,0.0,0.0,0.0,0.0,0.0,0.0,0.0,0.0,0,0,0.0,0,0,0.0,0.0,0,0.15,0.237,0.205,0.167,0.596,0.9,1,0.79,16.0,770.1
94319,DE30m,PULLBACK,BUY,2026.04.20 17:10:40,2026.04.20 17:13:40,3,24415.3,24417.9,26.0,3.06,0.0,0.0,TRAIL_STOP,0.0,0.0,0.0,0,0.0,0.0,0.0,0.0,0,0.0,0.0,0,0,0,0,0.0,0,0.0,0.0,0,0.0,0.0,0.0,0.0,0.0,0.0,0.0,0.0,0.0,0,0,0.0,0,0,0.0,0.0,0,0.15,0.237,0.205,0.167,0.596,0.9,1,0.79,16.0,770.1
94320,DE30m,TREND_CONTINUATION,BUY,2026.04.20 17:10:59,2026.04.20 17:13:40,2,24413.3,24417.9,46.0,5.42,0.0,0.0,TRAIL_STOP,0.0,0.0,0.0,0,0.0,0.0,0.0,0.0,0,0.0,0.0,0,0,0,0,0.0,0,0.0,0.0,0,0.0,0.0,0.0,0.0,0.0,0.0,0.0,0.0,0.0,0,0,0.0,0,0,0.0,0.0,0,0.15,0.237,0.205,0.167,0.596,0.9,1,0.79,16.0,770.1
94324,DE30m,BREAKOUT_RETEST,BUY,2026.04.20 18:00:00,2026.04.20 18:00:40,0,24425.3,24420.9,-44.0,-5.19,0.0,0.0,SL_HIT,0.0,0.0,0.0,0,0.0,0.0,0.0,0.0,0,0.0,0.0,0,0,0,0,0.0,0,0.0,0.0,0,0.0,0.0,0.0,0.0,0.0,0.0,0.0,0.0,0.0,0,0,0.0,0,0,0.0,0.0,0,0.25,0.195,0.166,0.194,0.712,0.65,1,0.65,16.0,783.6
94326,DE30m,BREAKOUT,BUY,2026.04.20 18:03:40,2026.04.20 18:08:40,5,24425.3,24441.0,157.0,18.5,0.0,0.0,TRAIL_STOP,0.0,0.0,0.0,0,0.0,0.0,0.0,0.0,0,0.0,0.0,0,0,0,0,0.0,0,0.0,0.0,0,0.0,0.0,0.0,0.0,0.0,0.0,0.0,0.0,0.0,0,0,0.0,0,0,0.0,0.0,0,0.25,0.195,0.166,0.229,0.712,0.65,1,0.65,16.0,783.6
94328,DE30m,NAKED_POC,BUY,2026.04.20 19:09:40,2026.04.20 19:12:20,2,24442.3,24441.9,-4.0,-0.47,0.0,0.0,SL_HIT,0.0,0.0,0.0,0,0.0,0.0,0.0,0.0,0,0.0,0.0,0,0,0,0,0.0,0,0.0,0.0,0,0.0,0.0,0.0,0.0,0.0,0.0,0.0,0.0,0.0,0,0,0.0,0,0,0.0,0.0,0,0.15,0.258,0.168,0.297,0.714,0.7,0,0.86,16.0,770.8
94329,DE30m,PULLBACK,BUY,2026.04.20 19:10:40,2026.04.20 19:12:20,1,24444.2,24441.9,-23.0,-2.71,0.0,0.0,SL_HIT,0.0,0.0,0.0,0,0.0,0.0,0.0,0.0,0,0.0,0.0,0,0,0,0,0.0,0,0.0,0.0,0,0.0,0.0,0.0,0.0,0.0,0.0,0.0,0.0,0.0,0,0,0.0,0,0,0.0,0.0,0,0.15,0.258,0.168,0.297,0.714,0.7,0,0.86,16.0,770.8
94330,DE30m,TREND_CONTINUATION,BUY,2026.04.20 19:10:59,2026.04.20 19:12:20,1,24444.2,24441.9,-23.0,-2.71,0.0,0.0,SL_HIT,0.0,0.0,0.0,0,0.0,0.0,0.0,0.0,0,0.0,0.0,0,0,0,0,0.0,0,0.0,0.0,0,0.0,0.0,0.0,0.0,0.0,0.0,0.0,0.0,0.0,0,0,0.0,0,0,0.0,0.0,0,0.15,0.258,0.168,0.297,0.714,0.7,0,0.86,16.0,770.8
94334,DE30m,BREAKOUT,BUY,2026.04.20 20:03:40,2026.04.20 20:15:40,12,24478.4,24453.4,-250.0,-29.47,0.0,0.0,SL_HIT,0.0,0.0,0.0,0,0.0,0.0,0.0,0.0,0,0.0,0.0,0,0,0,0,0.0,0,0.0,0.0,0,0.0,0.0,0.0,0.0,0.0,0.0,0.0,0.0,0.0,0,0,0.0,0,0,0.0,0.0,0,0.15,0.269,0.177,0.323,0.642,1.0,0,0.895,100.0,743.9
94336,DE30m,NAKED_POC,BUY,2026.04.20 23:10:40,2026.04.20 23:12:40,2,24518.3,24510.6,-77.0,-9.08,0.0,0.0,SL_HIT,0.0,0.0,0.0,0,0.0,0.0,0.0,0.0,0,0.0,0.0,0,0,0,0,0.0,0,0.0,0.0,0,0.0,0.0,0.0,0.0,0.0,0.0,0.0,0.0,0.0,0,0,0.0,0,0,0.0,0.0,4,0.15,0.29,0.053,0.132,0.717,1.0,0,0.965,100.0,678.0
94337,DE30m,TREND_CONTINUATION,BUY,2026.04.20 23:11:20,2026.04.20 23:12:40,1,24519.2,24510.6,-86.0,-10.14,0.0,0.0,SL_HIT,0.0,0.0,0.0,0,0.0,0.0,0.0,0.0,0,0.0,0.0,0,0,0,0,0.0,0,0.0,0.0,0,0.0,0.0,0.0,0.0,0.0,0.0,0.0,0.0,0.0,0,0,0.0,0,0,0.0,0.0,4,0.15,0.29,0.053,0.132,0.717,1.0,0,0.965,100.0,678.0
94340,DE30m,BREAKOUT_RETEST,BUY,2026.04.21 00:00:00,2026.04.21 00:00:40,0,24496.7,24499.8,31.0,3.65,0.0,0.0,TRAIL_STOP,0.0,0.0,0.0,0,0.0,0.0,0.0,0.0,0,0.0,0.0,0,0,0,0,0.0,0,0.0,0.0,0,0.0,0.0,0.0,0.0,0.0,0.0,0.0,0.0,0.0,0,0,0.0,0,0,0.0,0.0,0,0.4,0.247,0.14,0.396,0.534,1.0,1,0.825,16.0,632.0
94341,DE30m,PULLBACK,BUY,2026.04.21 00:00:20,2026.04.21 00:00:40,0,24503.7,24499.8,-39.0,-4.6,0.0,0.0,SL_HIT,0.0,0.0,0.0,0,0.0,0.0,0.0,0.0,0,0.0,0.0,0,0,0,0,0.0,0,0.0,0.0,0,0.0,0.0,0.0,0.0,0.0,0.0,0.0,0.0,0.0,0,0,0.0,0,0,0.0,0.0,0,0.4,0.247,0.14,0.396,0.534,1.0,1,0.825,16.0,632.0
94344,DE30m,BREAKOUT,BUY,2026.04.21 00:03:40,2026.04.21 00:06:40,3,24502.9,24511.7,88.0,10.37,0.0,0.0,TRAIL_STOP,0.0,0.0,0.0,0,0.0,0.0,0.0,0.0,0,0.0,0.0,0,0,0,0,0.0,0,0.0,0.0,0,0.0,0.0,0.0,0.0,0.0,0.0,0.0,0.0,0.0,0,0,0.0,0,0,0.0,0.0,0,0.4,0.247,0.14,0.343,0.534,1.0,1,0.825,16.0,632.0
94346,DE30m,NAKED_POC,BUY,2026.04.21 01:10:40,2026.04.21 01:39:40,29,24493.9,24514.2,203.0,23.92,0.0,0.0,TRAIL_STOP,0.0,0.0,0.0,0,0.0,0.0,0.0,0.0,0,0.0,0.0,0,0,0,0,0.0,0,0.0,0.0,0,0.0,0.0,0.0,0.0,0.0,0.0,0.0,0.0,0.0,0,0,0.0,0,0,0.0,0.0,0,0.25,0.247,0.088,0.1,0.654,0.8,1,0.825,16.0,620.4
94347,DE30m,TREND_CONTINUATION,BUY,2026.04.21 01:19:40,2026.04.21 01:39:40,20,24500.7,24514.2,135.0,15.91,0.0,0.0,TRAIL_STOP,0.0,0.0,0.0,0,0.0,0.0,0.0,0.0,0,0.0,0.0,0,0,0,0,0.0,0,0.0,0.0,0,0.0,0.0,0.0,0.0,0.0,0.0,0.0,0.0,0.0,0,0,0.0,0,0,0.0,0.0,0,0.25,0.247,0.088,0.1,0.654,0.8,1,0.825,16.0,620.4
94350,DE30m,BREAKOUT_RETEST,BUY,2026.04.21 02:00:00,2026.04.21 02:00:40,0,24509.8,24508.0,-18.0,-2.12,0.0,0.0,SL_HIT,0.0,0.0,0.0,0,0.0,0.0,0.0,0.0,0,0.0,0.0,0,0,0,0,0.0,0,0.0,0.0,0,0.0,0.0,0.0,0.0,0.0,0.0,0.0,0.0,0.0,0,0,0.0,0,0,0.0,0.0,0,0.4,0.247,0.247,0.16,0.71,0.8,1,0.825,16.0,604.6
94351,DE30m,PULLBACK,BUY,2026.04.21 02:00:20,2026.04.21 02:00:40,0,24511.8,24508.0,-38.0,-4.48,0.0,0.0,SL_HIT,0.0,0.0,0.0,0,0.0,0.0,0.0,0.0,0,0.0,0.0,0,0,0,0,0.0,0,0.0,0.0,0,0.0,0.0,0.0,0.0,0.0,0.0,0.0,0.0,0.0,0,0,0.0,0,0,0.0,0.0,0,0.4,0.247,0.247,0.16,0.71,0.8,1,0.825,16.0,604.6
94354,DE30m,BREAKOUT,BUY,2026.04.21 02:03:40,2026.04.21 02:04:40,1,24503.8,24499.8,-40.0,-4.71,0.0,0.0,SL_HIT,0.0,0.0,0.0,0,0.0,0.0,0.0,0.0,0,0.0,0.0,0,0,0,0,0.0,0,0.0,0.0,0,0.0,0.0,0.0,0.0,0.0,0.0,0.0,0.0,0.0,0,0,0.0,0,0,0.0,0.0,0,0.4,0.247,0.247,0.266,0.71,0.8,1,0.825,16.0,604.6
94356,DE30m,NAKED_POC,BUY,2026.04.21 03:10:40,2026.04.21 03:11:40,1,24511.6,24507.9,-37.0,-4.36,0.0,0.0,SL_HIT,0.0,0.0,0.0,0,0.0,0.0,0.0,0.0,0,0.0,0.0,0,0,0,0,0.0,0,0.0,0.0,0,0.0,0.0,0.0,0.0,0.0,0.0,0.0,0.0,0.0,0,0,0.0,0,0,0.0,0.0,0,0.15,0.3,0.053,0.06,0.742,0.8,1,1.0,16.0,582.3
94358,DE30m,MEAN_REVERSION,BUY,2026.04.21 03:18:40,2026.04.21 03:19:40,1,24499.1,24495.9,-32.0,-3.77,0.0,0.0,SL_HIT,0.0,0.0,0.0,0,0.0,0.0,0.0,0.0,0,0.0,0.0,0,0,0,0,0.0,0,0.0,0.0,0,0.0,0.0,0.0,0.0,0.0,0.0,0.0,0.0,0.0,0,0,0.0,0,0,0.0,0.0,0,0.15,0.3,0.053,0.243,0.742,0.8,0,1.0,16.0,582.3
94360,DE30m,TREND_CONTINUATION,BUY,2026.04.21 03:25:00,2026.04.21 03:25:40,0,24499.5,24495.8,-37.0,-4.36,0.0,0.0,SL_HIT,0.0,0.0,0.0,0,0.0,0.0,0.0,0.0,0,0.0,0.0,0,0,0,0,0.0,0,0.0,0.0,0,0.0,0.0,0.0,0.0,0.0,0.0,0.0,0.0,0.0,0,0,0.0,0,0,0.0,0.0,0,0.15,0.3,0.053,0.287,0.742,0.8,0,1.0,16.0,582.3
94362,DE30m,BREAKOUT_RETEST,BUY,2026.04.21 04:00:00,2026.04.21 04:03:40,3,24503.0,24507.0,40.0,4.71,0.0,0.0,TRAIL_STOP,0.0,0.0,0.0,0,0.0,0.0,0.0,0.0,0,0.0,0.0,0,0,0,0,0.0,0,0.0,0.0,0,0.0,0.0,0.0,0.0,0.0,0.0,0.0,0.0,0.0,0,0,0.0,0,0,0.0,0.0,0,0.25,0.247,0.088,0.1,0.714,0.8,1,0.825,16.0,563.9
94363,DE30m,PULLBACK,BUY,2026.04.21 04:00:20,2026.04.21 04:03:40,3,24502.0,24507.0,50.0,5.89,0.0,0.0,TRAIL_STOP,0.0,0.0,0.0,0,0.0,0.0,0.0,0.0,0,0.0,0.0,0,0,0,0,0.0,0,0.0,0.0,0,0.0,0.0,0.0,0.0,0.0,0.0,0.0,0.0,0.0,0,0,0.0,0,0,0.0,0.0,0,0.25,0.247,0.088,0.1,0.714,0.8,1,0.825,16.0,563.9
94366,DE30m,BREAKOUT,BUY,2026.04.21 04:03:40,2026.04.21 04:07:40,4,24507.2,24505.8,-14.0,-1.65,0.0,0.0,SL_HIT,0.0,0.0,0.0,0,0.0,0.0,0.0,0.0,0,0.0,0.0,0,0,0,0,0.0,0,0.0,0.0,0,0.0,0.0,0.0,0.0,0.0,0.0,0.0,0.0,0.0,0,0,0.0,0,0,0.0,0.0,0,0.25,0.247,0.088,0.111,0.714,0.8,1,0.825,16.0,563.9
94368,DE30m,NAKED_POC,BUY,2026.04.21 05:10:40,2026.04.21 05:11:40,1,24545.6,24541.4,-42.0,-4.95,0.0,0.0,SL_HIT,0.0,0.0,0.0,0,0.0,0.0,0.0,0.0,0,0.0,0.0,0,0,0,0,0.0,0,0.0,0.0,0,0.0,0.0,0.0,0.0,0.0,0.0,0.0,0.0,0.0,0,0,0.0,0,0,0.0,0.0,0,0.15,0.3,0.206,0.348,0.71,1.0,0,1.0,16.0,470.4
94370,DE30m,TREND_CONTINUATION,BUY,2026.04.21 05:25:00,2026.04.21 05:44:20,19,24562.0,24563.3,13.0,1.53,0.0,0.0,TRAIL_STOP,0.0,0.0,0.0,0,0.0,0.0,0.0,0.0,0,0.0,0.0,0,0,0,0,0.0,0,0.0,0.0,0,0.0,0.0,0.0,0.0,0.0,0.0,0.0,0.0,0.0,0,0,0.0,0,0,0.0,0.0,0,0.15,0.3,0.206,0.348,0.71,1.0,0,1.0,16.0,470.4
94372,DE30m,PULLBACK,BUY,2026.04.21 06:00:20,2026.04.21 06:00:59,0,24549.1,24556.6,75.0,8.83,0.0,0.0,TRAIL_STOP,0.0,0.0,0.0,0,0.0,0.0,0.0,0.0,0,0.0,0.0,0,0,0,0,0.0,0,0.0,0.0,0,0.0,0.0,0.0,0.0,0.0,0.0,0.0,0.0,0.0,0,0,0.0,0,0,0.0,0.0,4,0.0,0.3,0.0,0.257,0.696,1.0,0,1.0,16.0,392.1
94374,DE30m,BREAKOUT,BUY,2026.04.21 06:03:40,2026.04.21 06:04:40,1,24543.6,24536.5,-71.0,-8.36,0.0,0.0,SL_HIT,0.0,0.0,0.0,0,0.0,0.0,0.0,0.0,0,0.0,0.0,0,0,0,0,0.0,0,0.0,0.0,0,0.0,0.0,0.0,0.0,0.0,0.0,0.0,0.0,0.0,0,0,0.0,0,0,0.0,0.0,4,0.0,0.3,0.0,0.296,0.696,1.0,0,1.0,16.0,392.1
94376,DE30m,BREAKOUT_RETEST,BUY,2026.04.21 06:07:20,2026.04.21 06:07:59,0,24521.5,24527.6,61.0,7.18,0.0,0.0,TRAIL_STOP,0.0,0.0,0.0,0,0.0,0.0,0.0,0.0,0,0.0,0.0,0,0,0,0,0.0,0,0.0,0.0,0,0.0,0.0,0.0,0.0,0.0,0.0,0.0,0.0,0.0,0,0,0.0,0,0,0.0,0.0,4,0.0,0.3,0.0,0.272,0.696,1.0,0,1.0,16.0,392.1
94378,DE30m,NAKED_POC,BUY,2026.04.21 07:10:40,2026.04.21 07:14:40,4,24545.6,24545.6,0.0,0.0,0.0,0.0,TRAIL_STOP,0.0,0.0,0.0,0,0.0,0.0,0.0,0.0,0,0.0,0.0,0,0,0,0,0.0,0,0.0,0.0,0,0.0,0.0,0.0,0.0,0.0,0.0,0.0,0.0,0.0,0,0,0.0,0,0,0.0,0.0,0,0.25,0.247,0.166,0.317,0.668,0.8,0,0.825,16.0,387.3
94380,DE30m,TREND_CONTINUATION,BUY,2026.04.21 07:25:00,2026.04.21 07:28:40,3,24554.6,24554.6,0.0,0.0,0.0,0.0,TRAIL_STOP,0.0,0.0,0.0,0,0.0,0.0,0.0,0.0,0,0.0,0.0,0,0,0,0,0.0,0,0.0,0.0,0,0.0,0.0,0.0,0.0,0.0,0.0,0.0,0.0,0.0,0,0,0.0,0,0,0.0,0.0,0,0.25,0.247,0.166,0.33,0.668,0.8,0,0.825,16.0,387.3
94382,DE30m,BREAKOUT,BUY,2026.04.21 09:00:00,2026.04.21 09:00:40,0,24582.1,24580.3,-18.0,-2.12,0.0,0.0,SL_HIT,0.0,0.0,0.0,0,0.0,0.0,0.0,0.0,0,0.0,0.0,0,0,0,0,0.0,0,0.0,0.0,0,0.0,0.0,0.0,0.0,0.0,0.0,0.0,0.0,0.0,0,0,0.0,0,0,0.0,0.0,0,0.4,0.247,0.254,0.314,0.659,1.0,1,0.825,16.0,476.9
94383,DE30m,PULLBACK,BUY,2026.04.21 09:00:20,2026.04.21 09:00:40,0,24583.6,24580.3,-33.0,-3.88,0.0,0.0,SL_HIT,0.0,0.0,0.0,0,0.0,0.0,0.0,0.0,0,0.0,0.0,0,0,0,0,0.0,0,0.0,0.0,0,0.0,0.0,0.0,0.0,0.0,0.0,0.0,0.0,0.0,0,0,0.0,0,0,0.0,0.0,0,0.4,0.247,0.254,0.314,0.659,1.0,1,0.825,16.0,476.9
94384,DE30m,ANCHORED_PULLBACK,BUY,2026.04.21 09:00:30,2026.04.21 09:00:40,0,24583.6,24576.9,-67.0,-7.88,0.0,0.0,SL_HIT,0.0,0.0,0.0,0,0.0,0.0,0.0,0.0,0,0.0,0.0,0,0,0,0,0.0,0,0.0,0.0,0,0.0,0.0,0.0,0.0,0.0,0.0,0.0,0.0,0.0,0,0,0.0,0,0,0.0,0.0,0,0.4,0.247,0.254,0.314,0.659,1.0,1,0.825,16.0,476.9
94388,DE30m,BREAKOUT_RETEST,BUY,2026.04.21 09:00:40,2026.04.21 09:01:40,1,24568.9,24570.3,14.0,1.65,0.0,0.0,TRAIL_STOP,0.0,0.0,0.0,0,0.0,0.0,0.0,0.0,0,0.0,0.0,0,0,0,0,0.0,0,0.0,0.0,0,0.0,0.0,0.0,0.0,0.0,0.0,0.0,0.0,0.0,0,0,0.0,0,0,0.0,0.0,0,0.4,0.247,0.254,0.185,0.659,1.0,1,0.825,16.0,476.9
94390,DE30m,NAKED_POC,BUY,2026.04.21 09:18:20,2026.04.21 09:18:40,0,24588.6,24585.3,-33.0,-3.88,0.0,0.0,SL_HIT,0.0,0.0,0.0,0,0.0,0.0,0.0,0.0,0,0.0,0.0,0,0,0,0,0.0,0,0.0,0.0,0,0.0,0.0,0.0,0.0,0.0,0.0,0.0,0.0,0.0,0,0,0.0,0,0,0.0,0.0,0,0.4,0.247,0.254,0.41,0.659,1.0,0,0.825,16.0,476.9
94392,DE30m,TREND_CONTINUATION,BUY,2026.04.21 09:28:40,2026.04.21 09:30:59,2,24564.0,24577.1,131.0,15.4,0.0,0.0,TRAIL_STOP,0.0,0.0,0.0,0,0.0,0.0,0.0,0.0,0,0.0,0.0,0,0,0,0,0.0,0,0.0,0.0,0,0.0,0.0,0.0,0.0,0.0,0.0,0.0,0.0,0.0,0,0,0.0,0,0,0.0,0.0,0,0.4,0.247,0.254,0.375,0.659,1.0,0,0.825,16.0,476.9
94394,DE30m,BREAKOUT,BUY,2026.04.21 11:00:00,2026.04.21 11:00:40,0,24592.9,24593.2,3.0,0.35,0.0,0.0,TRAIL_STOP,0.0,0.0,0.0,0,0.0,0.0,0.0,0.0,0,0.0,0.0,0,0,0,0,0.0,0,0.0,0.0,0,0.0,0.0,0.0,0.0,0.0,0.0,0.0,0.0,0.0,0,0,0.0,0,0,0.0,0.0,0,0.0,0.3,0.115,0.139,0.603,1.0,1,1.0,16.0,503.6
94395,DE30m,PULLBACK,BUY,2026.04.21 11:00:20,2026.04.21 11:00:40,0,24596.6,24593.2,-34.0,-4.0,0.0,0.0,SL_HIT,0.0,0.0,0.0,0,0.0,0.0,0.0,0.0,0,0.0,0.0,0,0,0,0,0.0,0,0.0,0.0,0,0.0,0.0,0.0,0.0,0.0,0.0,0.0,0.0,0.0,0,0,0.0,0,0,0.0,0.0,0,0.0,0.3,0.115,0.139,0.603,1.0,1,1.0,16.0,503.6
94398,DE30m,BREAKOUT_RETEST,BUY,2026.04.21 11:00:40,2026.04.21 11:01:40,1,24590.0,24587.5,-25.0,-2.94,0.0,0.0,SL_HIT,0.0,0.0,0.0,0,0.0,0.0,0.0,0.0,0,0.0,0.0,0,0,0,0,0.0,0,0.0,0.0,0,0.0,0.0,0.0,0.0,0.0,0.0,0.0,0.0,0.0,0,0,0.0,0,0,0.0,0.0,0,0.0,0.3,0.115,0.118,0.603,1.0,1,1.0,16.0,503.6
94400,DE30m,ANCHORED_PULLBACK,BUY,2026.04.21 11:03:40,2026.04.21 11:05:40,2,24577.0,24582.2,52.0,6.12,0.0,0.0,TRAIL_STOP,0.0,0.0,0.0,0,0.0,0.0,0.0,0.0,0,0.0,0.0,0,0,0,0,0.0,0,0.0,0.0,0,0.0,0.0,0.0,0.0,0.0,0.0,0.0,0.0,0.0,0,0,0.0,0,0,0.0,0.0,0,0.0,0.3,0.115,0.028,0.603,1.0,1,1.0,16.0,503.6
94402,DE30m,NAKED_POC,BUY,2026.04.21 11:18:20,2026.04.21 11:23:40,5,24550.0,24554.6,46.0,5.41,0.0,0.0,TRAIL_STOP,0.0,0.0,0.0,0,0.0,0.0,0.0,0.0,0,0.0,0.0,0,0,0,0,0.0,0,0.0,0.0,0,0.0,0.0,0.0,0.0,0.0,0.0,0.0,0.0,0.0,0,0,0.0,0,0,0.0,0.0,0,0.0,0.3,0.115,0.017,0.603,1.0,1,1.0,16.0,503.6
94403,DE30m,MEAN_REVERSION,BUY,2026.04.21 11:19:59,2026.04.21 11:23:40,3,24554.9,24554.6,-3.0,-0.35,0.0,0.0,SL_HIT,0.0,0.0,0.0,0,0.0,0.0,0.0,0.0,0,0.0,0.0,0,0,0,0,0.0,0,0.0,0.0,0,0.0,0.0,0.0,0.0,0.0,0.0,0.0,0.0,0.0,0,0,0.0,0,0,0.0,0.0,0,0.0,0.3,0.115,0.017,0.603,1.0,1,1.0,16.0,503.6
94406,DE30m,TREND_CONTINUATION,BUY,2026.04.21 11:34:40,2026.04.21 11:37:40,3,24559.5,24566.7,72.0,8.47,0.0,0.0,TRAIL_STOP,0.0,0.0,0.0,0,0.0,0.0,0.0,0.0,0,0.0,0.0,0,0,0,0,0.0,0,0.0,0.0,0,0.0,0.0,0.0,0.0,0.0,0.0,0.0,0.0,0.0,0,0,0.0,0,0,0.0,0.0,0,0.0,0.3,0.115,0.001,0.603,1.0,1,1.0,16.0,503.6
94408,DE30m,SWEEP_REVERSAL,BUY,2026.04.21 11:56:20,2026.04.21 11:57:40,1,24515.5,24522.7,72.0,8.47,0.0,0.0,TRAIL_STOP,0.0,0.0,0.0,0,0.0,0.0,0.0,0.0,0,0.0,0.0,0,0,0,0,0.0,0,0.0,0.0,0,0.0,0.0,0.0,0.0,0.0,0.0,0.0,0.0,0.0,0,0,0.0,0,0,0.0,0.0,0,0.0,0.3,0.115,0.234,0.603,1.0,0,1.0,16.0,503.6
94411,DE30m,PULLBACK,BUY,2026.04.21 13:00:20,2026.04.21 13:00:59,0,24454.4,24462.2,78.0,9.17,0.0,0.0,TRAIL_STOP,0.0,0.0,0.0,0,0.0,0.0,0.0,0.0,0,0.0,0.0,0,0,0,0,0.0,0,0.0,0.0,0,0.0,0.0,0.0,0.0,0.0,0.0,0.0,0.0,0.0,0,0,0.0,0,0,0.0,0.0,0,0.4,0.214,0.14,0.397,0.601,1.0,0,0.7146,16.0,542.7
94410,DE30m,BREAKOUT,BUY,2026.04.21 13:00:00,2026.04.21 13:16:40,16,24459.1,24438.5,-206.0,-24.23,0.0,0.0,SL_HIT,0.0,0.0,0.0,0,0.0,0.0,0.0,0.0,0,0.0,0.0,0,0,0,0,0.0,0,0.0,0.0,0,0.0,0.0,0.0,0.0,0.0,0.0,0.0,0.0,0.0,0,0,0.0,0,0,0.0,0.0,0,0.4,0.214,0.14,0.435,0.601,1.0,0,0.7146,16.0,542.7
94414,DE30m,MEAN_REVERSION,BUY,2026.04.21 13:19:59,2026.04.21 13:21:40,1,24432.1,24433.4,13.0,1.53,0.0,0.0,TRAIL_STOP,0.0,0.0,0.0,0,0.0,0.0,0.0,0.0,0,0.0,0.0,0,0,0,0,0.0,0,0.0,0.0,0,0.0,0.0,0.0,0.0,0.0,0.0,0.0,0.0,0.0,0,0,0.0,0,0,0.0,0.0,0,0.4,0.214,0.14,0.435,0.601,1.0,0,0.7146,16.0,542.7
94416,DE30m,TREND_CONTINUATION,BUY,2026.04.21 13:34:40,2026.04.21 13:35:40,1,24435.1,24433.5,-16.0,-1.88,0.0,0.0,SL_HIT,0.0,0.0,0.0,0,0.0,0.0,0.0,0.0,0,0.0,0.0,0,0,0,0,0.0,0,0.0,0.0,0,0.0,0.0,0.0,0.0,0.0,0.0,0.0,0.0,0.0,0,0,0.0,0,0,0.0,0.0,0,0.4,0.214,0.14,0.435,0.601,1.0,0,0.7146,16.0,542.7
94418,DE30m,SWEEP_REVERSAL,BUY,2026.04.21 13:56:20,2026.04.21 13:56:40,0,24468.1,24464.5,-36.0,-4.24,0.0,0.0,SL_HIT,0.0,0.0,0.0,0,0.0,0.0,0.0,0.0,0,0.0,0.0,0,0,0,0,0.0,0,0.0,0.0,0,0.0,0.0,0.0,0.0,0.0,0.0,0.0,0.0,0.0,0,0,0.0,0,0,0.0,0.0,0,0.4,0.214,0.14,0.399,0.601,1.0,0,0.7146,16.0,542.7
94420,DE30m,MEAN_REVERSION,BUY,2026.04.21 15:19:59,2026.04.21 15:30:40,10,24320.4,24291.0,-294.0,-34.54,0.0,0.0,SL_HIT,0.0,0.0,0.0,0,0.0,0.0,0.0,0.0,0,0.0,0.0,0,0,0,0,0.0,0,0.0,0.0,0,0.0,0.0,0.0,0.0,0.0,0.0,0.0,0.0,0.0,0,0,0.0,0,0,0.0,0.0,0,0.15,0.216,0.203,0.334,0.687,0.75,0,-0.72,16.0,687.7
94422,DE30m,SWEEP_REVERSAL,BUY,2026.04.21 15:56:20,2026.04.21 15:57:40,1,24249.4,24259.0,96.0,11.28,0.0,0.0,TRAIL_STOP,0.0,0.0,0.0,0,0.0,0.0,0.0,0.0,0,0.0,0.0,0,0,0,0,0.0,0,0.0,0.0,0,0.0,0.0,0.0,0.0,0.0,0.0,0.0,0.0,0.0,0,0,0.0,0,0,0.0,0.0,0,0.15,0.216,0.203,0.334,0.687,0.75,0,-0.72,16.0,687.7
94424,DE30m,MEAN_REVERSION,BUY,2026.04.21 17:19:59,2026.04.21 17:20:20,0,24135.1,24130.0,-51.0,-5.98,0.0,0.0,SL_HIT,0.0,0.0,0.0,0,0.0,0.0,0.0,0.0,0,0.0,0.0,0,0,0,0,0.0,0,0.0,0.0,0,0.0,0.0,0.0,0.0,0.0,0.0,0.0,0.0,0.0,0,0,0.0,0,0,0.0,0.0,0,0.15,0.237,0.053,0.326,0.466,0.9,0,-0.79,16.0,790.1
94426,DE30m,SWEEP_REVERSAL,BUY,2026.04.21 18:16:40,2026.04.21 18:17:40,1,24171.2,24212.3,411.0,48.24,0.0,0.0,TRAIL_STOP,0.0,0.0,0.0,0,0.0,0.0,0.0,0.0,0,0.0,0.0,0,0,0,0,0.0,0,0.0,0.0,0,0.0,0.0,0.0,0.0,0.0,0.0,0.0,0.0,0.0,0,0,0.0,0,0,0.0,0.0,0,0.0,0.247,0.0,0.215,0.675,0.65,1,-0.825,18.0,865.0
94428,DE30m,MEAN_REVERSION,BUY,2026.04.21 19:37:40,2026.04.21 19:38:40,1,24196.5,24197.2,7.0,0.82,0.0,0.0,TRAIL_STOP,0.0,0.0,0.0,0,0.0,0.0,0.0,0.0,0,0.0,0.0,0,0,0,0,0.0,0,0.0,0.0,0,0.0,0.0,0.0,0.0,0.0,0.0,0.0,0.0,0.0,0,0,0.0,0,0,0.0,0.0,0,0.25,0.206,0.215,0.191,0.651,1.0,1,-0.685,16.0,913.2
94430,DE30m,BREAKOUT_RETEST,BUY,2026.04.22 01:06:40,2026.04.22 01:07:40,1,24233.8,24229.4,-44.0,-5.17,0.0,0.0,SL_HIT,0.0,0.0,0.0,0,0.0,0.0,0.0,0.0,0,0.0,0.0,0,0,0,0,0.0,0,0.0,0.0,0,0.0,0.0,0.0,0.0,0.0,0.0,0.0,0.0,0.0,0,0,0.0,0,0,0.0,0.0,0,0.25,0.247,0.088,0.358,0.753,0.8,1,-0.825,16.0,1023.9
94432,DE30m,MEAN_REVERSION,BUY,2026.04.22 03:16:40,2026.04.22 03:17:40,1,24233.5,24227.5,-60.0,-7.04,0.0,0.0,SL_HIT,0.0,0.0,0.0,0,0.0,0.0,0.0,0.0,0,0.0,0.0,0,0,0,0,0.0,0,0.0,0.0,0,0.0,0.0,0.0,0.0,0.0,0.0,0.0,0.0,0.0,0,0,0.0,0,0,0.0,0.0,0,0.0,0.0,0.0,0.109,0.876,0.112,1,0.0,16.0,988.1
94434,DE30m,NAKED_POC,BUY,2026.04.22 03:33:00,2026.04.22 03:34:40,1,24251.2,24242.1,-91.0,-10.69,0.0,0.0,SL_HIT,0.0,0.0,0.0,0,0.0,0.0,0.0,0.0,0,0.0,0.0,0,0,0,0,0.0,0,0.0,0.0,0,0.0,0.0,0.0,0.0,0.0,0.0,0.0,0.0,0.0,0,0,0.0,0,0,0.0,0.0,0,0.0,0.0,0.0,0.099,0.876,0.112,1,0.0,16.0,988.1
94436,DE30m,BREAKOUT_RETEST,BUY,2026.04.22 04:01:40,2026.04.22 04:03:40,2,24233.6,24235.4,18.0,2.11,0.0,0.0,TRAIL_STOP,0.0,0.0,0.0,0,0.0,0.0,0.0,0.0,0,0.0,0.0,0,0,0,0,0.0,0,0.0,0.0,0,0.0,0.0,0.0,0.0,0.0,0.0,0.0,0.0,0.0,0,0,0.0,0,0,0.0,0.0,0,0.15,0.206,0.179,0.169,0.7,0.675,1,0.685,16.0,961.4
94438,DE30m,PULLBACK,BUY,2026.04.22 05:08:00,2026.04.22 06:25:40,77,24226.6,24309.7,831.0,97.63,0.0,0.0,TRAIL_STOP,0.0,0.0,0.0,0,0.0,0.0,0.0,0.0,0,0.0,0.0,0,0,0,0,0.0,0,0.0,0.0,0,0.0,0.0,0.0,0.0,0.0,0.0,0.0,0.0,0.0,0,0,0.0,0,0,0.0,0.0,0,0.0,0.226,0.0,0.213,0.762,0.825,0,0.755,16.0,909.7
94439,DE30m,BREAKOUT,BUY,2026.04.22 05:08:59,2026.04.22 06:25:40,76,24236.5,24309.7,732.0,86.0,0.0,0.0,TRAIL_STOP,0.0,0.0,0.0,0,0.0,0.0,0.0,0.0,0,0.0,0.0,0,0,0,0,0.0,0,0.0,0.0,0,0.0,0.0,0.0,0.0,0.0,0.0,0.0,0.0,0.0,0,0,0.0,0,0,0.0,0.0,0,0.0,0.226,0.0,0.213,0.762,0.825,0,0.755,16.0,909.7
94440,DE30m,TREND_CONTINUATION,BUY,2026.04.22 05:45:20,2026.04.22 06:25:40,40,24330.0,24309.7,-203.0,-23.85,0.0,0.0,SL_HIT,0.0,0.0,0.0,0,0.0,0.0,0.0,0.0,0,0.0,0.0,0,0,0,0,0.0,0,0.0,0.0,0,0.0,0.0,0.0,0.0,0.0,0.0,0.0,0.0,0.0,0,0,0.0,0,0,0.0,0.0,0,0.0,0.226,0.0,0.213,0.762,0.825,0,0.755,16.0,909.7
94441,DE30m,NAKED_POC,BUY,2026.04.22 06:00:00,2026.04.22 06:25:40,25,24319.1,24309.7,-94.0,-11.04,0.0,0.0,SL_HIT,0.0,0.0,0.0,0,0.0,0.0,0.0,0.0,0,0.0,0.0,0,0,0,0,0.0,0,0.0,0.0,0,0.0,0.0,0.0,0.0,0.0,0.0,0.0,0.0,0.0,0,0,0.0,0,0,0.0,0.0,0,0.0,0.226,0.0,0.213,0.762,0.825,0,0.755,16.0,909.7
94446,DE30m,ANCHORED_PULLBACK,BUY,2026.04.22 07:00:40,2026.04.22 07:01:40,1,24386.7,24375.6,-111.0,-13.04,0.0,0.0,SL_HIT,0.0,0.0,0.0,0,0.0,0.0,0.0,0.0,0,0.0,0.0,0,0,0,0,0.0,0,0.0,0.0,0,0.0,0.0,0.0,0.0,0.0,0.0,0.0,0.0,0.0,0,0,0.0,0,0,0.0,0.0,0,0.0,0.237,0.0,0.257,0.596,0.9,1,0.79,16.0,879.6
94450,DE30m,BREAKOUT_RETEST,BUY,2026.04.22 07:15:40,2026.04.22 07:23:40,8,24343.9,24343.9,0.0,0.0,0.0,0.0,TRAIL_STOP,0.0,0.0,0.0,0,0.0,0.0,0.0,0.0,0,0.0,0.0,0,0,0,0,0.0,0,0.0,0.0,0,0.0,0.0,0.0,0.0,0.0,0.0,0.0,0.0,0.0,0,0,0.0,0,0,0.0,0.0,0,0.0,0.237,0.0,0.067,0.596,0.9,1,0.79,16.0,879.6
94448,DE30m,PULLBACK,BUY,2026.04.22 07:08:00,2026.04.22 07:33:40,25,24378.5,24331.2,-473.0,-55.57,0.0,0.0,SL_HIT,0.0,0.0,0.0,0,0.0,0.0,0.0,0.0,0,0.0,0.0,0,0,0,0,0.0,0,0.0,0.0,0,0.0,0.0,0.0,0.0,0.0,0.0,0.0,0.0,0.0,0,0,0.0,0,0,0.0,0.0,0,0.0,0.237,0.0,0.06,0.596,0.9,1,0.79,16.0,879.6
94449,DE30m,BREAKOUT,BUY,2026.04.22 07:08:59,2026.04.22 07:33:40,24,24387.8,24330.8,-570.0,-66.97,0.0,0.0,SL_HIT,0.0,0.0,0.0,0,0.0,0.0,0.0,0.0,0,0.0,0.0,0,0,0,0,0.0,0,0.0,0.0,0,0.0,0.0,0.0,0.0,0.0,0.0,0.0,0.0,0.0,0,0,0.0,0,0,0.0,0.0,0,0.0,0.237,0.0,0.06,0.596,0.9,1,0.79,16.0,879.6
94455,DE30m,NAKED_POC,BUY,2026.04.22 08:00:00,2026.04.22 08:06:40,6,24309.5,24320.6,111.0,13.04,0.0,0.0,TRAIL_STOP,0.0,0.0,0.0,0,0.0,0.0,0.0,0.0,0,0.0,0.0,0,0,0,0,0.0,0,0.0,0.0,0,0.0,0.0,0.0,0.0,0.0,0.0,0.0,0.0,0.0,0,0,0.0,0,0,0.0,0.0,0,0.15,0.247,0.053,0.16,0.698,0.65,1,0.825,16.0,869.5
94456,DE30m,SWEEP_REVERSAL,BUY,2026.04.22 08:04:59,2026.04.22 08:06:40,1,24306.8,24320.6,138.0,16.22,0.0,0.0,TRAIL_STOP,0.0,0.0,0.0,0,0.0,0.0,0.0,0.0,0,0.0,0.0,0,0,0,0,0.0,0,0.0,0.0,0,0.0,0.0,0.0,0.0,0.0,0.0,0.0,0.0,0.0,0,0,0.0,0,0,0.0,0.0,0,0.15,0.247,0.053,0.16,0.698,0.65,1,0.825,16.0,869.5
94454,DE30m,TREND_CONTINUATION,BUY,2026.04.22 07:45:20,2026.04.22 08:22:40,37,24347.5,24241.9,-1056.0,-124.15,0.0,0.0,SL_HIT,0.0,0.0,0.0,0,0.0,0.0,0.0,0.0,0,0.0,0.0,0,0,0,0,0.0,0,0.0,0.0,0,0.0,0.0,0.0,0.0,0.0,0.0,0.0,0.0,0.0,0,0,0.0,0,0,0.0,0.0,0,0.15,0.247,0.053,0.308,0.698,0.65,0,0.825,16.0,869.5
94460,DE30m,PULLBACK,BUY,2026.04.22 09:08:00,2026.04.22 09:25:40,17,24314.9,24293.8,-211.0,-24.79,0.0,0.0,SL_HIT,0.0,0.0,0.0,0,0.0,0.0,0.0,0.0,0,0.0,0.0,0,0,0,0,0.0,0,0.0,0.0,0,0.0,0.0,0.0,0.0,0.0,0.0,0.0,0.0,0.0,0,0,0.0,0,0,0.0,0.0,0,0.25,0.206,0.17,0.293,0.762,1.0,1,0.685,16.0,855.2
94461,DE30m,BREAKOUT,BUY,2026.04.22 09:09:20,2026.04.22 09:25:40,16,24310.5,24293.8,-167.0,-19.62,0.0,0.0,SL_HIT,0.0,0.0,0.0,0,0.0,0.0,0.0,0.0,0,0.0,0.0,0,0,0,0,0.0,0,0.0,0.0,0,0.0,0.0,0.0,0.0,0.0,0.0,0.0,0.0,0.0,0,0,0.0,0,0,0.0,0.0,0,0.25,0.206,0.17,0.293,0.762,1.0,1,0.685,16.0,855.2
94462,DE30m,BREAKOUT_RETEST,BUY,2026.04.22 09:15:40,2026.04.22 09:25:40,10,24311.5,24293.8,-177.0,-20.8,0.0,0.0,SL_HIT,0.0,0.0,0.0,0,0.0,0.0,0.0,0.0,0,0.0,0.0,0,0,0,0,0.0,0,0.0,0.0,0,0.0,0.0,0.0,0.0,0.0,0.0,0.0,0.0,0.0,0,0,0.0,0,0,0.0,0.0,0,0.25,0.206,0.17,0.293,0.762,1.0,1,0.685,16.0,855.2
94463,DE30m,MEAN_REVERSION,BUY,2026.04.22 09:20:59,2026.04.22 09:25:40,4,24303.8,24293.8,-100.0,-11.75,0.0,0.0,SL_HIT,0.0,0.0,0.0,0,0.0,0.0,0.0,0.0,0,0.0,0.0,0,0,0,0,0.0,0,0.0,0.0,0,0.0,0.0,0.0,0.0,0.0,0.0,0.0,0.0,0.0,0,0,0.0,0,0,0.0,0.0,0,0.25,0.206,0.17,0.293,0.762,1.0,1,0.685,16.0,855.2
94468,DE30m,ANCHORED_PULLBACK,BUY,2026.04.22 09:29:40,2026.04.22 09:30:40,1,24284.9,24284.8,-1.0,-0.12,0.0,0.0,SL_HIT,0.0,0.0,0.0,0,0.0,0.0,0.0,0.0,0,0.0,0.0,0,0,0,0,0.0,0,0.0,0.0,0,0.0,0.0,0.0,0.0,0.0,0.0,0.0,0.0,0.0,0,0,0.0,0,0,0.0,0.0,0,0.25,0.206,0.17,0.316,0.762,1.0,0,0.685,16.0,855.2
94470,DE30m,TREND_CONTINUATION,BUY,2026.04.22 09:54:40,2026.04.22 09:55:40,1,24220.9,24227.8,69.0,8.11,0.0,0.0,TRAIL_STOP,0.0,0.0,0.0,0,0.0,0.0,0.0,0.0,0,0.0,0.0,0,0,0,0,0.0,0,0.0,0.0,0,0.0,0.0,0.0,0.0,0.0,0.0,0.0,0.0,0.0,0,0,0.0,0,0,0.0,0.0,0,0.25,0.206,0.17,0.368,0.762,1.0,0,0.685,16.0,855.2
94472,DE30m,SWEEP_REVERSAL,BUY,2026.04.22 10:04:59,2026.04.22 10:23:40,18,24195.5,24207.5,120.0,14.1,0.0,0.0,TRAIL_STOP,0.0,0.0,0.0,0,0.0,0.0,0.0,0.0,0,0.0,0.0,0,0,0,0,0.0,0,0.0,0.0,0,0.0,0.0,0.0,0.0,0.0,0.0,0.0,0.0,0.0,0,0,0.0,0,0,0.0,0.0,0,0.4,0.216,0.262,0.44,0.708,1.0,0,0.72,16.0,876.0
94474,DE30m,PULLBACK,BUY,2026.04.22 11:08:00,2026.04.22 11:08:40,0,24237.8,24236.0,-18.0,-2.12,0.0,0.0,SL_HIT,0.0,0.0,0.0,0,0.0,0.0,0.0,0.0,0,0.0,0.0,0,0,0,0,0.0,0,0.0,0.0,0,0.0,0.0,0.0,0.0,0.0,0.0,0.0,0.0,0.0,0,0,0.0,0,0,0.0,0.0,0,0.25,0.226,0.231,0.203,0.591,1.0,1,0.755,16.0,776.9
94476,DE30m,BREAKOUT,BUY,2026.04.22 11:09:20,2026.04.22 11:09:40,0,24233.5,24229.1,-44.0,-5.17,0.0,0.0,SL_HIT,0.0,0.0,0.0,0,0.0,0.0,0.0,0.0,0,0.0,0.0,0,0,0,0,0.0,0,0.0,0.0,0,0.0,0.0,0.0,0.0,0.0,0.0,0.0,0.0,0.0,0,0,0.0,0,0,0.0,0.0,0,0.25,0.226,0.231,0.1,0.591,1.0,1,0.755,16.0,776.9
94478,DE30m,BREAKOUT_RETEST,BUY,2026.04.22 11:15:40,2026.04.22 11:16:20,0,24240.5,24229.1,-114.0,-13.39,0.0,0.0,SL_HIT,0.0,0.0,0.0,0,0.0,0.0,0.0,0.0,0,0.0,0.0,0,0,0,0,0.0,0,0.0,0.0,0,0.0,0.0,0.0,0.0,0.0,0.0,0.0,0.0,0.0,0,0,0.0,0,0,0.0,0.0,0,0.25,0.226,0.231,0.1,0.591,1.0,1,0.755,16.0,776.9
94480,DE30m,ANCHORED_PULLBACK,BUY,2026.04.22 11:29:40,2026.04.22 11:32:20,2,24258.4,24260.4,20.0,2.35,0.0,0.0,TRAIL_STOP,0.0,0.0,0.0,0,0.0,0.0,0.0,0.0,0,0.0,0.0,0,0,0,0,0.0,0,0.0,0.0,0,0.0,0.0,0.0,0.0,0.0,0.0,0.0,0.0,0.0,0,0,0.0,0,0,0.0,0.0,0,0.25,0.226,0.231,0.222,0.591,1.0,1,0.755,16.0,776.9
94482,DE30m,TREND_CONTINUATION,BUY,2026.04.22 11:55:40,2026.04.22 12:00:59,5,24277.8,24285.4,76.0,8.92,0.0,0.0,TRAIL_STOP,0.0,0.0,0.0,0,0.0,0.0,0.0,0.0,0,0.0,0.0,0,0,0,0,0.0,0,0.0,0.0,0,0.0,0.0,0.0,0.0,0.0,0.0,0.0,0.0,0.0,0,0,0.0,0,0,0.0,0.0,0,0.0,0.0,0.145,0.112,0.707,0.089,1,0.0,16.0,698.6
94483,DE30m,NAKED_POC,BUY,2026.04.22 12:00:00,2026.04.22 12:00:59,0,24282.8,24285.4,26.0,3.05,0.0,0.0,TRAIL_STOP,0.0,0.0,0.0,0,0.0,0.0,0.0,0.0,0,0.0,0.0,0,0,0,0,0.0,0,0.0,0.0,0,0.0,0.0,0.0,0.0,0.0,0.0,0.0,0.0,0.0,0,0,0.0,0,0,0.0,0.0,0,0.0,0.0,0.145,0.112,0.707,0.089,1,0.0,16.0,698.6
94486,DE30m,MEAN_REVERSION,BUY,2026.04.22 13:49:00,2026.04.22 13:55:40,6,24224.4,24216.2,-82.0,-9.63,0.0,0.0,SL_HIT,0.0,0.0,0.0,0,0.0,0.0,0.0,0.0,0,0.0,0.0,0,0,0,0,0.0,0,0.0,0.0,0,0.0,0.0,0.0,0.0,0.0,0.0,0.0,0.0,0.0,0,0,0.0,0,0,0.0,0.0,0,0.0,0.206,0.137,0.131,0.626,0.45,1,-0.685,16.0,749.9
94488,DE30m,MEAN_REVERSION,BUY,2026.04.22 16:04:59,2026.04.22 16:06:40,1,24199.5,24208.8,93.0,10.89,0.0,0.0,TRAIL_STOP,0.0,0.0,0.0,0,0.0,0.0,0.0,0.0,0,0.0,0.0,0,0,0,0,0.0,0,0.0,0.0,0,0.0,0.0,0.0,0.0,0.0,0.0,0.0,0.0,0.0,0,0,0.0,0,0,0.0,0.0,0,0.0,0.237,0.154,0.17,0.711,0.9,1,-0.79,16.0,854.8
94490,DE30m,MEAN_REVERSION,BUY,2026.04.22 18:21:40,2026.04.22 18:22:40,1,24163.9,24159.2,-47.0,-5.5,0.0,0.0,SL_HIT,0.0,0.0,0.0,0,0.0,0.0,0.0,0.0,0,0.0,0.0,0,0,0,0,0.0,0,0.0,0.0,0,0.0,0.0,0.0,0.0,0.0,0.0,0.0,0.0,0.0,0,0,0.0,0,0,0.0,0.0,0,0.25,0.206,0.199,0.376,0.759,0.7,0,-0.685,16.0,866.5
94492,DE30m,NAKED_POC,BUY,2026.04.22 20:00:00,2026.04.22 20:00:40,0,24212.7,24201.7,-110.0,-12.88,0.0,0.0,SL_HIT,0.0,0.0,0.0,0,0.0,0.0,0.0,0.0,0,0.0,0.0,0,0,0,0,0.0,0,0.0,0.0,0,0.0,0.0,0.0,0.0,0.0,0.0,0.0,0.0,0.0,0,0,0.0,0,0,0.0,0.0,0,0.15,0.279,0.188,0.16,0.769,1.0,1,-0.93,100.0,839.3
94494,DE30m,MEAN_REVERSION,BUY,2026.04.23 00:04:40,2026.04.23 00:05:40,1,24162.2,24158.0,-42.0,-4.92,0.0,0.0,SL_HIT,0.0,0.0,0.0,0,0.0,0.0,0.0,0.0,0,0.0,0.0,0,0,0,0,0.0,0,0.0,0.0,0,0.0,0.0,0.0,0.0,0.0,0.0,0.0,0.0,0.0,0,0,0.0,0,0,0.0,0.0,0,0.25,0.247,0.239,0.358,0.675,0.8,0,-0.825,16.0,716.1
94496,DE30m,SWEEP_REVERSAL,BUY,2026.04.23 00:10:40,2026.04.23 00:14:40,4,24103.1,24031.5,-716.0,-83.78,0.0,0.0,SL_HIT,0.0,0.0,0.0,0,0.0,0.0,0.0,0.0,0,0.0,0.0,0,0,0,0,0.0,0,0.0,0.0,0,0.0,0.0,0.0,0.0,0.0,0.0,0.0,0.0,0.0,0,0,0.0,0,0,0.0,0.0,0,0.25,0.247,0.239,0.394,0.675,0.8,0,-0.825,16.0,716.1
94498,DE30m,MEAN_REVERSION,BUY,2026.04.23 02:04:40,2026.04.23 02:05:40,1,23977.9,23977.2,-7.0,-0.82,0.0,0.0,SL_HIT,0.0,0.0,0.0,0,0.0,0.0,0.0,0.0,0,0.0,0.0,0,0,0,0,0.0,0,0.0,0.0,0,0.0,0.0,0.0,0.0,0.0,0.0,0.0,0.0,0.0,0,0,0.0,0,0,0.0,0.0,0,0.0,0.3,0.151,0.239,0.427,1.0,0,-1.0,16.0,855.8
94500,DE30m,SWEEP_REVERSAL,BUY,2026.04.23 02:10:40,2026.04.23 02:11:40,1,23965.6,23962.1,-35.0,-4.1,0.0,0.0,SL_HIT,0.0,0.0,0.0,0,0.0,0.0,0.0,0.0,0,0.0,0.0,0,0,0,0,0.0,0,0.0,0.0,0,0.0,0.0,0.0,0.0,0.0,0.0,0.0,0.0,0.0,0,0,0.0,0,0,0.0,0.0,0,0.0,0.3,0.151,0.29,0.427,1.0,0,-1.0,16.0,855.8
94502,DE30m,MEAN_REVERSION,BUY,2026.04.23 04:04:59,2026.04.23 04:05:40,0,23882.8,23878.6,-42.0,-4.91,0.0,0.0,SL_HIT,0.0,0.0,0.0,0,0.0,0.0,0.0,0.0,0,0.0,0.0,0,0,0,0,0.0,0,0.0,0.0,0,0.0,0.0,0.0,0.0,0.0,0.0,0.0,0.0,0.0,0,0,0.0,0,0,0.0,0.0,0,0.0,0.3,0.0,0.002,0.555,1.0,1,-1.0,16.0,844.2
94504,DE30m,ANCHORED_PULLBACK,BUY,2026.04.23 05:02:40,2026.04.23 05:02:59,0,23945.4,23942.6,-28.0,-3.28,0.0,0.0,SL_HIT,0.0,0.0,0.0,0,0.0,0.0,0.0,0.0,0,0.0,0.0,0,0,0,0,0.0,0,0.0,0.0,0,0.0,0.0,0.0,0.0,0.0,0.0,0.0,0.0,0.0,0,0,0.0,0,0,0.0,0.0,0,0.25,0.247,0.088,0.23,0.616,0.8,1,-0.825,16.0,813.9
94506,DE30m,NAKED_POC,BUY,2026.04.23 07:11:40,2026.04.23 07:39:59,28,24126.2,24140.1,139.0,16.26,0.0,0.0,TRAIL_STOP,0.0,0.0,0.0,0,0.0,0.0,0.0,0.0,0,0.0,0.0,0,0,0,0,0.0,0,0.0,0.0,0,0.0,0.0,0.0,0.0,0.0,0.0,0.0,0.0,0.0,0,0,0.0,0,0,0.0,0.0,4,0.25,0.247,0.088,0.28,0.615,1.0,0,-0.825,16.0,775.0
94508,DE30m,MEAN_REVERSION,BUY,2026.04.23 09:00:30,2026.04.23 09:01:40,1,24046.3,24030.5,-158.0,-18.49,0.0,0.0,SL_HIT,0.0,0.0,0.0,0,0.0,0.0,0.0,0.0,0,0.0,0.0,0,0,0,0,0.0,0,0.0,0.0,0,0.0,0.0,0.0,0.0,0.0,0.0,0.0,0.0,0.0,0,0,0.0,0,0,0.0,0.0,0,0.25,0.247,0.088,0.156,0.642,0.8,0,-0.825,16.0,905.6
94510,DE30m,NAKED_POC,BUY,2026.04.23 09:18:40,2026.04.23 09:25:40,7,24093.3,24064.4,-289.0,-33.8,0.0,0.0,SL_HIT,0.0,0.0,0.0,0,0.0,0.0,0.0,0.0,0,0.0,0.0,0,0,0,0,0.0,0,0.0,0.0,0,0.0,0.0,0.0,0.0,0.0,0.0,0.0,0.0,0.0,0,0,0.0,0,0,0.0,0.0,0,0.25,0.247,0.088,0.26,0.642,0.8,1,-0.825,16.0,905.6
94512,DE30m,BREAKOUT,BUY,2026.04.23 11:00:00,2026.04.23 11:00:59,0,24105.9,24109.3,34.0,3.97,0.0,0.0,TRAIL_STOP,0.0,0.0,0.0,0,0.0,0.0,0.0,0.0,0,0.0,0.0,0,0,0,0,0.0,0,0.0,0.0,0,0.0,0.0,0.0,0.0,0.0,0.0,0.0,0.0,0.0,0,0,0.0,0,0,0.0,0.0,0,0.0,0.216,0.145,0.106,0.721,0.5,1,0.72,16.0,949.6
94513,DE30m,BREAKOUT_RETEST,BUY,2026.04.23 11:00:20,2026.04.23 11:00:59,0,24104.7,24109.3,46.0,5.37,0.0,0.0,TRAIL_STOP,0.0,0.0,0.0,0,0.0,0.0,0.0,0.0,0,0.0,0.0,0,0,0,0,0.0,0,0.0,0.0,0,0.0,0.0,0.0,0.0,0.0,0.0,0.0,0.0,0.0,0,0,0.0,0,0,0.0,0.0,0,0.0,0.216,0.145,0.106,0.721,0.5,1,0.72,16.0,949.6
94514,DE30m,PULLBACK,BUY,2026.04.23 11:00:40,2026.04.23 11:01:20,0,24114.3,24103.3,-110.0,-12.85,0.0,0.0,SL_HIT,0.0,0.0,0.0,0,0.0,0.0,0.0,0.0,0,0.0,0.0,0,0,0,0,0.0,0,0.0,0.0,0,0.0,0.0,0.0,0.0,0.0,0.0,0.0,0.0,0.0,0,0,0.0,0,0,0.0,0.0,0,0.0,0.216,0.145,0.14,0.721,0.5,1,0.72,16.0,949.6
94518,DE30m,ANCHORED_PULLBACK,BUY,2026.04.23 11:07:40,2026.04.23 11:08:40,1,24079.6,24085.2,56.0,6.54,0.0,0.0,TRAIL_STOP,0.0,0.0,0.0,0,0.0,0.0,0.0,0.0,0,0.0,0.0,0,0,0,0,0.0,0,0.0,0.0,0,0.0,0.0,0.0,0.0,0.0,0.0,0.0,0.0,0.0,0,0,0.0,0,0,0.0,0.0,0,0.0,0.216,0.145,0.048,0.721,0.5,1,0.72,16.0,949.6
94520,DE30m,NAKED_POC,BUY,2026.04.23 11:18:40,2026.04.23 11:19:20,0,24081.2,24070.6,-106.0,-12.38,0.0,0.0,SL_HIT,0.0,0.0,0.0,0,0.0,0.0,0.0,0.0,0,0.0,0.0,0,0,0,0,0.0,0,0.0,0.0,0,0.0,0.0,0.0,0.0,0.0,0.0,0.0,0.0,0.0,0,0,0.0,0,0,0.0,0.0,0,0.0,0.216,0.145,0.0,0.721,0.5,1,0.72,16.0,949.6
94522,DE30m,MEAN_REVERSION,BUY,2026.04.23 11:29:40,2026.04.23 11:30:40,1,24046.2,24058.3,121.0,14.13,0.0,0.0,TRAIL_STOP,0.0,0.0,0.0,0,0.0,0.0,0.0,0.0,0,0.0,0.0,0,0,0,0,0.0,0,0.0,0.0,0,0.0,0.0,0.0,0.0,0.0,0.0,0.0,0.0,0.0,0,0,0.0,0,0,0.0,0.0,0,0.0,0.216,0.145,0.077,0.721,0.5,1,0.72,16.0,949.6
94524,DE30m,TREND_CONTINUATION,BUY,2026.04.23 11:58:40,2026.04.23 12:02:40,4,24122.6,24140.1,175.0,20.46,0.0,0.0,TRAIL_STOP,0.0,0.0,0.0,0,0.0,0.0,0.0,0.0,0,0.0,0.0,0,0,0,0,0.0,0,0.0,0.0,0,0.0,0.0,0.0,0.0,0.0,0.0,0.0,0.0,0.0,0,0,0.0,0,0,0.0,0.0,0,0.15,0.226,0.237,0.299,0.76,0.825,0,0.755,16.0,997.9
94526,DE30m,BREAKOUT,BUY,2026.04.23 13:00:00,2026.04.23 13:04:00,4,24117.3,24131.1,138.0,16.14,0.0,0.0,TRAIL_STOP,0.0,0.0,0.0,0,0.0,0.0,0.0,0.0,0,0.0,0.0,0,0,0,0,0.0,0,0.0,0.0,0,0.0,0.0,0.0,0.0,0.0,0.0,0.0,0.0,0.0,0,0,0.0,0,0,0.0,0.0,0,0.0,0.237,0.101,0.209,0.769,0.9,0,0.79,16.0,1105.6
94527,DE30m,BREAKOUT_RETEST,BUY,2026.04.23 13:00:20,2026.04.23 13:04:00,3,24114.7,24131.1,164.0,19.18,0.0,0.0,TRAIL_STOP,0.0,0.0,0.0,0,0.0,0.0,0.0,0.0,0,0.0,0.0,0,0,0,0,0.0,0,0.0,0.0,0,0.0,0.0,0.0,0.0,0.0,0.0,0.0,0.0,0.0,0,0,0.0,0,0,0.0,0.0,0,0.0,0.237,0.101,0.209,0.769,0.9,0,0.79,16.0,1105.6
94528,DE30m,PULLBACK,BUY,2026.04.23 13:00:40,2026.04.23 13:11:40,11,24127.3,24127.7,4.0,0.47,0.0,0.0,TRAIL_STOP,0.0,0.0,0.0,0,0.0,0.0,0.0,0.0,0,0.0,0.0,0,0,0,0,0.0,0,0.0,0.0,0,0.0,0.0,0.0,0.0,0.0,0.0,0.0,0.0,0.0,0,0,0.0,0,0,0.0,0.0,0,0.0,0.237,0.101,0.2,0.769,0.9,1,0.79,16.0,1105.6
94531,DE30m,ANCHORED_PULLBACK,BUY,2026.04.23 13:07:40,2026.04.23 13:11:40,4,24125.6,24127.7,21.0,2.45,0.0,0.0,TRAIL_STOP,0.0,0.0,0.0,0,0.0,0.0,0.0,0.0,0,0.0,0.0,0,0,0,0,0.0,0,0.0,0.0,0,0.0,0.0,0.0,0.0,0.0,0.0,0.0,0.0,0.0,0,0,0.0,0,0,0.0,0.0,0,0.0,0.237,0.101,0.2,0.769,0.9,1,0.79,16.0,1105.6
94534,DE30m,NAKED_POC,BUY,2026.04.23 13:18:40,2026.04.23 13:19:40,1,24126.3,24122.7,-36.0,-4.21,0.0,0.0,SL_HIT,0.0,0.0,0.0,0,0.0,0.0,0.0,0.0,0,0.0,0.0,0,0,0,0,0.0,0,0.0,0.0,0,0.0,0.0,0.0,0.0,0.0,0.0,0.0,0.0,0.0,0,0,0.0,0,0,0.0,0.0,0,0.0,0.237,0.101,0.2,0.769,0.9,1,0.79,16.0,1105.6
94536,DE30m,TREND_CONTINUATION,BUY,2026.04.23 13:58:40,2026.04.23 13:59:40,1,24144.6,24144.7,1.0,0.12,0.0,0.0,TRAIL_STOP,0.0,0.0,0.0,0,0.0,0.0,0.0,0.0,0,0.0,0.0,0,0,0,0,0.0,0,0.0,0.0,0,0.0,0.0,0.0,0.0,0.0,0.0,0.0,0.0,0.0,0,0,0.0,0,0,0.0,0.0,0,0.0,0.237,0.101,0.215,0.769,0.9,0,0.79,16.0,1105.6
94538,DE30m,BREAKOUT,BUY,2026.04.23 15:00:00,2026.04.23 15:00:40,0,24188.7,24189.4,7.0,0.82,0.0,0.0,TRAIL_STOP,0.0,0.0,0.0,0,0.0,0.0,0.0,0.0,0,0.0,0.0,0,0,0,0,0.0,0,0.0,0.0,0,0.0,0.0,0.0,0.0,0.0,0.0,0.0,0.0,0.0,0,0,0.0,0,0,0.0,0.0,0,0.15,0.258,0.053,0.296,0.652,1.0,0,0.86,16.0,1004.4
94540,DE30m,PULLBACK,BUY,2026.04.23 15:00:40,2026.04.23 15:01:40,1,24184.1,24181.6,-25.0,-2.93,0.0,0.0,SL_HIT,0.0,0.0,0.0,0,0.0,0.0,0.0,0.0,0,0.0,0.0,0,0,0,0,0.0,0,0.0,0.0,0,0.0,0.0,0.0,0.0,0.0,0.0,0.0,0.0,0.0,0,0,0.0,0,0,0.0,0.0,0,0.15,0.258,0.053,0.249,0.652,1.0,1,0.86,16.0,1004.4
94542,DE30m,BREAKOUT_RETEST,BUY,2026.04.23 15:01:40,2026.04.23 15:02:40,1,24177.1,24180.6,35.0,4.1,0.0,0.0,TRAIL_STOP,0.0,0.0,0.0,0,0.0,0.0,0.0,0.0,0,0.0,0.0,0,0,0,0,0.0,0,0.0,0.0,0,0.0,0.0,0.0,0.0,0.0,0.0,0.0,0.0,0.0,0,0,0.0,0,0,0.0,0.0,0,0.15,0.258,0.053,0.249,0.652,1.0,1,0.86,16.0,1004.4
94544,DE30m,NAKED_POC,BUY,2026.04.23 15:18:40,2026.04.23 15:19:40,1,24175.8,24169.6,-62.0,-7.26,0.0,0.0,SL_HIT,0.0,0.0,0.0,0,0.0,0.0,0.0,0.0,0,0.0,0.0,0,0,0,0,0.0,0,0.0,0.0,0,0.0,0.0,0.0,0.0,0.0,0.0,0.0,0.0,0.0,0,0,0.0,0,0,0.0,0.0,0,0.15,0.258,0.053,0.105,0.652,1.0,1,0.86,16.0,1004.4
94546,DE30m,MEAN_REVERSION,BUY,2026.04.23 15:45:40,2026.04.23 15:46:40,1,24077.2,24080.6,34.0,3.98,0.0,0.0,TRAIL_STOP,0.0,0.0,0.0,0,0.0,0.0,0.0,0.0,0,0.0,0.0,0,0,0,0,0.0,0,0.0,0.0,0,0.0,0.0,0.0,0.0,0.0,0.0,0.0,0.0,0.0,0,0,0.0,0,0,0.0,0.0,0,0.15,0.258,0.053,0.264,0.652,1.0,0,0.86,16.0,1004.4
94548,DE30m,TREND_CONTINUATION,BUY,2026.04.23 15:58:40,2026.04.23 15:59:40,1,24240.8,24226.0,-148.0,-17.33,0.0,0.0,SL_HIT,0.0,0.0,0.0,0,0.0,0.0,0.0,0.0,0,0.0,0.0,0,0,0,0,0.0,0,0.0,0.0,0,0.0,0.0,0.0,0.0,0.0,0.0,0.0,0.0,0.0,0,0,0.0,0,0,0.0,0.0,0,0.15,0.258,0.053,0.336,0.652,1.0,0,0.86,16.0,1004.4
94550,DE30m,BREAKOUT,BUY,2026.04.23 17:00:00,2026.04.23 17:01:40,1,24219.7,24219.4,-3.0,-0.35,0.0,0.0,SL_HIT,0.0,0.0,0.0,0,0.0,0.0,0.0,0.0,0,0.0,0.0,0,0,0,0,0.0,0,0.0,0.0,0,0.0,0.0,0.0,0.0,0.0,0.0,0.0,0.0,0.0,0,0,0.0,0,0,0.0,0.0,0,0.15,0.279,0.242,0.333,0.689,1.0,0,0.93,16.0,1041.8
94551,DE30m,PULLBACK,BUY,2026.04.23 17:00:40,2026.04.23 17:01:40,1,24223.8,24219.4,-44.0,-5.15,0.0,0.0,SL_HIT,0.0,0.0,0.0,0,0.0,0.0,0.0,0.0,0,0.0,0.0,0,0,0,0,0.0,0,0.0,0.0,0,0.0,0.0,0.0,0.0,0.0,0.0,0.0,0.0,0.0,0,0,0.0,0,0,0.0,0.0,0,0.15,0.279,0.242,0.333,0.689,1.0,0,0.93,16.0,1041.8
94554,DE30m,BREAKOUT_RETEST,BUY,2026.04.23 17:02:40,2026.04.23 17:03:40,1,24136.1,24144.0,79.0,9.24,0.0,0.0,TRAIL_STOP,0.0,0.0,0.0,0,0.0,0.0,0.0,0.0,0,0.0,0.0,0,0,0,0,0.0,0,0.0,0.0,0,0.0,0.0,0.0,0.0,0.0,0.0,0.0,0.0,0.0,0,0,0.0,0,0,0.0,0.0,0,0.15,0.279,0.242,0.18,0.689,1.0,1,0.93,23.0,1041.8
94556,DE30m,NAKED_POC,BUY,2026.04.23 17:18:40,2026.04.23 17:26:59,8,24036.2,24059.9,237.0,27.7,0.0,0.0,TRAIL_STOP,0.0,0.0,0.0,0,0.0,0.0,0.0,0.0,0,0.0,0.0,0,0,0,0,0.0,0,0.0,0.0,0,0.0,0.0,0.0,0.0,0.0,0.0,0.0,0.0,0.0,0,0,0.0,0,0,0.0,0.0,0,0.15,0.279,0.242,0.32,0.689,1.0,0,0.93,16.0,1041.8
94558,DE30m,MEAN_REVERSION,BUY,2026.04.23 17:45:40,2026.04.23 17:46:40,1,23859.5,23880.3,208.0,24.28,0.0,0.0,TRAIL_STOP,0.0,0.0,0.0,0,0.0,0.0,0.0,0.0,0,0.0,0.0,0,0,0,0,0.0,0,0.0,0.0,0,0.0,0.0,0.0,0.0,0.0,0.0,0.0,0.0,0.0,0,0,0.0,0,0,0.0,0.0,0,0.15,0.279,0.242,0.32,0.689,1.0,0,0.93,16.0,1041.8
94560,DE30m,TREND_CONTINUATION,BUY,2026.04.23 17:58:40,2026.04.23 18:04:40,6,24021.2,24039.2,180.0,21.05,0.0,0.0,TRAIL_STOP,0.0,0.0,0.0,0,0.0,0.0,0.0,0.0,0,0.0,0.0,0,0,0,0,0.0,0,0.0,0.0,0,0.0,0.0,0.0,0.0,0.0,0.0,0.0,0.0,0.0,0,0,0.0,0,0,0.0,0.0,6,0.55,0.229,0.493,0.595,0.634,1.0,1,0.7647,16.0,1274.3
94562,DE30m,SWEEP_REVERSAL,BUY,2026.04.23 18:45:40,2026.04.23 19:00:20,14,24089.1,24042.8,-463.0,-54.12,0.0,0.0,SL_HIT,0.0,0.0,0.0,0,0.0,0.0,0.0,0.0,0,0.0,0.0,0,0,0,0,0.0,0,0.0,0.0,0,0.0,0.0,0.0,0.0,0.0,0.0,0.0,0.0,0.0,0,0,0.0,0,0,0.0,0.0,0,0.0,0.264,0.124,0.132,0.665,0.679,1,0.8794,16.0,1311.6
94563,DE30m,BREAKOUT,BUY,2026.04.23 19:00:00,2026.04.23 19:01:20,1,24049.1,24048.4,-7.0,-0.82,0.0,0.0,SL_HIT,0.0,0.0,0.0,0,0.0,0.0,0.0,0.0,0,0.0,0.0,0,0,0,0,0.0,0,0.0,0.0,0,0.0,0.0,0.0,0.0,0.0,0.0,0.0,0.0,0.0,0,0,0.0,0,0,0.0,0.0,0,0.0,0.264,0.124,0.132,0.665,0.679,1,0.8794,16.0,1311.6
94565,DE30m,PULLBACK,BUY,2026.04.23 19:00:40,2026.04.23 19:01:20,0,24054.7,24048.4,-63.0,-7.36,0.0,0.0,SL_HIT,0.0,0.0,0.0,0,0.0,0.0,0.0,0.0,0,0.0,0.0,0,0,0,0,0.0,0,0.0,0.0,0,0.0,0.0,0.0,0.0,0.0,0.0,0.0,0.0,0.0,0,0,0.0,0,0,0.0,0.0,0,0.0,0.264,0.124,0.132,0.665,0.679,1,0.8794,16.0,1311.6
94568,DE30m,BREAKOUT_RETEST,BUY,2026.04.23 19:02:40,2026.04.23 19:03:40,1,24037.0,24049.4,124.0,14.49,0.0,0.0,TRAIL_STOP,0.0,0.0,0.0,0,0.0,0.0,0.0,0.0,0,0.0,0.0,0,0,0,0,0.0,0,0.0,0.0,0,0.0,0.0,0.0,0.0,0.0,0.0,0.0,0.0,0.0,0,0,0.0,0,0,0.0,0.0,0,0.0,0.264,0.124,0.132,0.665,0.679,1,0.8794,16.0,1311.6
94570,DE30m,NAKED_POC,BUY,2026.04.23 19:18:40,2026.04.23 19:19:40,1,24089.8,24084.5,-53.0,-6.19,0.0,0.0,SL_HIT,0.0,0.0,0.0,0,0.0,0.0,0.0,0.0,0,0.0,0.0,0,0,0,0,0.0,0,0.0,0.0,0,0.0,0.0,0.0,0.0,0.0,0.0,0.0,0.0,0.0,0,0,0.0,0,0,0.0,0.0,0,0.0,0.264,0.124,0.049,0.665,0.679,1,0.8794,16.0,1311.6
94572,DE30m,TREND_CONTINUATION,BUY,2026.04.23 19:58:40,2026.04.23 19:59:20,0,24077.1,24072.5,-46.0,-5.38,0.0,0.0,SL_HIT,0.0,0.0,0.0,0,0.0,0.0,0.0,0.0,0,0.0,0.0,0,0,0,0,0.0,0,0.0,0.0,0,0.0,0.0,0.0,0.0,0.0,0.0,0.0,0.0,0.0,0,0,0.0,0,0,0.0,0.0,0,0.0,0.264,0.124,0.0,0.665,0.679,1,0.8794,16.0,1311.6
94574,DE30m,NAKED_POC,BUY,2026.04.23 23:19:00,2026.04.23 23:32:40,13,24167.3,24178.3,110.0,12.85,0.0,0.0,TRAIL_STOP,0.0,0.0,0.0,0,0.0,0.0,0.0,0.0,0,0.0,0.0,0,0,0,0,0.0,0,0.0,0.0,0,0.0,0.0,0.0,0.0,0.0,0.0,0.0,0.0,0.0,0,0,0.0,0,0,0.0,0.0,0,0.15,0.216,0.202,0.294,0.697,0.75,0,-0.72,16.0,1230.7
94576,DE30m,MEAN_REVERSION,BUY,2026.04.24 02:25:00,2026.04.24 02:25:40,0,24058.5,24052.9,-56.0,-6.54,0.0,0.0,SL_HIT,0.0,0.0,0.0,0,0.0,0.0,0.0,0.0,0,0.0,0.0,0,0,0,0,0.0,0,0.0,0.0,0,0.0,0.0,0.0,0.0,0.0,0.0,0.0,0.0,0.0,0,0,0.0,0,0,0.0,0.0,0,0.4,0.0,0.25,0.45,0.904,0.155,0,0.0,16.0,1124.8
94578,DE30m,NAKED_POC,BUY,2026.04.24 03:19:00,2026.04.24 03:23:40,4,24033.3,24040.5,72.0,8.41,0.0,0.0,TRAIL_STOP,0.0,0.0,0.0,0,0.0,0.0,0.0,0.0,0,0.0,0.0,0,0,0,0,0.0,0,0.0,0.0,0,0.0,0.0,0.0,0.0,0.0,0.0,0.0,0.0,0.0,0,0,0.0,0,0,0.0,0.0,0,0.15,0.118,0.158,0.259,0.656,0.501,0,0.3939,16.0,1099.3
94580,DE30m,PULLBACK,BUY,2026.04.24 04:00:00,2026.04.24 04:00:40,0,24064.2,24060.8,-34.0,-3.97,0.0,0.0,SL_HIT,0.0,0.0,0.0,0,0.0,0.0,0.0,0.0,0,0.0,0.0,0,0,0,0,0.0,0,0.0,0.0,0,0.0,0.0,0.0,0.0,0.0,0.0,0.0,0.0,0.0,0,0,0.0,0,0,0.0,0.0,0,0.4,0.164,0.14,0.16,0.659,0.75,1,0.545,16.0,1015.5
94582,DE30m,TREND_CONTINUATION,BUY,2026.04.24 04:21:40,2026.04.24 04:25:20,3,24091.2,24080.0,-112.0,-13.08,0.0,0.0,SL_HIT,0.0,0.0,0.0,0,0.0,0.0,0.0,0.0,0,0.0,0.0,0,0,0,0,0.0,0,0.0,0.0,0,0.0,0.0,0.0,0.0,0.0,0.0,0.0,0.0,0.0,0,0,0.0,0,0,0.0,0.0,0,0.4,0.164,0.14,0.348,0.659,0.75,1,0.545,16.0,1015.5
94584,DE30m,NAKED_POC,BUY,2026.04.24 05:19:00,2026.04.24 05:20:40,1,24135.3,24130.9,-44.0,-5.14,0.0,0.0,SL_HIT,0.0,0.0,0.0,0,0.0,0.0,0.0,0.0,0,0.0,0.0,0,0,0,0,0.0,0,0.0,0.0,0,0.0,0.0,0.0,0.0,0.0,0.0,0.0,0.0,0.0,0,0,0.0,0,0,0.0,0.0,0,0.15,0.113,0.053,0.175,0.745,0.143,0,-0.3777,16.0,994.0
94586,DE30m,ANCHORED_PULLBACK,BUY,2026.04.24 06:00:00,2026.04.24 06:01:20,1,24189.3,24189.9,6.0,0.7,0.0,0.0,TRAIL_STOP,0.0,0.0,0.0,0,0.0,0.0,0.0,0.0,0,0.0,0.0,0,0,0,0,0.0,0,0.0,0.0,0,0.0,0.0,0.0,0.0,0.0,0.0,0.0,0.0,0.0,0,0,0.0,0,0,0.0,0.0,0,0.4,0.07,0.14,0.338,0.78,0.284,0,-0.2346,16.0,999.9
94588,DE30m,BREAKOUT_RETEST,BUY,2026.04.24 07:00:00,2026.04.24 07:00:20,0,24178.0,24151.1,-269.0,-31.42,0.0,0.0,SL_HIT,0.0,0.0,0.0,0,0.0,0.0,0.0,0.0,0,0.0,0.0,0,0,0,0,0.0,0,0.0,0.0,0,0.0,0.0,0.0,0.0,0.0,0.0,0.0,0.0,0.0,0,0,0.0,0,0,0.0,0.0,4,0.15,0.133,0.053,0.354,0.621,0.313,1,0.4434,16.0,896.3
94590,DE30m,NAKED_POC,BUY,2026.04.24 07:19:00,2026.04.24 07:27:40,8,24142.3,24174.4,321.0,37.49,0.0,0.0,TRAIL_STOP,0.0,0.0,0.0,0,0.0,0.0,0.0,0.0,0,0.0,0.0,0,0,0,0,0.0,0,0.0,0.0,0,0.0,0.0,0.0,0.0,0.0,0.0,0.0,0.0,0.0,0,0,0.0,0,0,0.0,0.0,4,0.15,0.133,0.053,0.267,0.621,0.313,1,0.4434,16.0,896.3
94592,DE30m,ANCHORED_PULLBACK,BUY,2026.04.24 08:00:59,2026.04.24 08:03:40,2,24156.0,24123.5,-325.0,-37.98,0.0,0.0,SL_HIT,0.0,0.0,0.0,0,0.0,0.0,0.0,0.0,0,0.0,0.0,0,0,0,0,0.0,0,0.0,0.0,0,0.0,0.0,0.0,0.0,0.0,0.0,0.0,0.0,0.0,0,0,0.0,0,0,0.0,0.0,0,0.25,0.083,0.088,0.288,0.795,0.231,0,0.2756,16.0,926.3
94594,DE30m,PULLBACK,BUY,2026.04.24 08:16:40,2026.04.24 08:21:40,5,24164.0,24174.4,104.0,12.16,0.0,0.0,TRAIL_STOP,0.0,0.0,0.0,0,0.0,0.0,0.0,0.0,0,0.0,0.0,0,0,0,0,0.0,0,0.0,0.0,0,0.0,0.0,0.0,0.0,0.0,0.0,0.0,0.0,0.0,0,0,0.0,0,0,0.0,0.0,0,0.25,0.083,0.088,0.2,0.795,0.231,1,0.2756,16.0,926.3
94596,DE30m,TREND_CONTINUATION,BUY,2026.04.24 08:22:20,2026.04.24 08:43:40,21,24170.0,24058.8,-1112.0,-129.97,0.0,0.0,SL_HIT,0.0,0.0,0.0,0,0.0,0.0,0.0,0.0,0,0.0,0.0,0,0,0,0,0.0,0,0.0,0.0,0,0.0,0.0,0.0,0.0,0.0,0.0,0.0,0.0,0.0,0,0,0.0,0,0,0.0,0.0,0,0.25,0.083,0.088,0.384,0.795,0.231,0,0.2756,16.0,926.3
94597,DE30m,MEAN_REVERSION,BUY,2026.04.24 08:30:40,2026.04.24 08:50:40,20,24085.4,24049.5,-359.0,-41.97,0.0,0.0,SL_HIT,0.0,0.0,0.0,0,0.0,0.0,0.0,0.0,0,0.0,0.0,0,0,0,0,0.0,0,0.0,0.0,0,0.0,0.0,0.0,0.0,0.0,0.0,0.0,0.0,0.0,0,0,0.0,0,0,0.0,0.0,0,0.25,0.083,0.088,0.384,0.795,0.231,0,0.2756,16.0,926.3
94598,DE30m,SWEEP_REVERSAL,BUY,2026.04.24 08:31:40,2026.04.24 08:50:40,19,24074.4,24049.5,-249.0,-29.11,0.0,0.0,SL_HIT,0.0,0.0,0.0,0,0.0,0.0,0.0,0.0,0,0.0,0.0,0,0,0,0,0.0,0,0.0,0.0,0,0.0,0.0,0.0,0.0,0.0,0.0,0.0,0.0,0.0,0,0,0.0,0,0,0.0,0.0,0,0.25,0.083,0.088,0.384,0.795,0.231,0,0.2756,16.0,926.3
94602,DE30m,MEAN_REVERSION,BUY,2026.04.24 10:30:40,2026.04.24 10:32:40,2,24054.3,24061.7,74.0,8.65,0.0,0.0,TRAIL_STOP,0.0,0.0,0.0,0,0.0,0.0,0.0,0.0,0,0.0,0.0,0,0,0,0,0.0,0,0.0,0.0,0,0.0,0.0,0.0,0.0,0.0,0.0,0.0,0.0,0.0,0,0,0.0,0,0,0.0,0.0,0,0.0,0.189,0.0,0.211,0.605,0.594,1,-0.6312,16.0,749.3
94604,DE30m,NAKED_POC,BUY,2026.04.24 11:04:40,2026.04.24 11:05:40,1,24157.9,24128.9,-290.0,-33.97,0.0,0.0,SL_HIT,0.0,0.0,0.0,0,0.0,0.0,0.0,0.0,0,0.0,0.0,0,0,0,0,0.0,0,0.0,0.0,0,0.0,0.0,0.0,0.0,0.0,0.0,0.0,0.0,0.0,0,0,0.0,0,0,0.0,0.0,0,0.0,0.216,0.0,0.196,0.536,0.5,1,-0.72,18.0,753.5
94606,DE30m,ANCHORED_PULLBACK,BUY,2026.04.24 13:00:00,2026.04.24 13:01:40,1,24126.3,24145.2,189.0,22.13,0.0,0.0,TRAIL_STOP,0.0,0.0,0.0,0,0.0,0.0,0.0,0.0,0,0.0,0.0,0,0,0,0,0.0,0,0.0,0.0,0,0.0,0.0,0.0,0.0,0.0,0.0,0.0,0.0,0.0,0,0,0.0,0,0,0.0,0.0,0,0.15,0.181,0.053,0.29,0.624,0.368,1,0.603,16.0,995.9
94608,DE30m,NAKED_POC,BUY,2026.04.24 13:04:40,2026.04.24 13:05:20,0,24128.8,24131.3,25.0,2.93,0.0,0.0,TRAIL_STOP,0.0,0.0,0.0,0,0.0,0.0,0.0,0.0,0,0.0,0.0,0,0,0,0,0.0,0,0.0,0.0,0,0.0,0.0,0.0,0.0,0.0,0.0,0.0,0.0,0.0,0,0,0.0,0,0,0.0,0.0,0,0.15,0.181,0.053,0.248,0.624,0.368,1,0.603,16.0,995.9
94610,DE30m,BREAKOUT,BUY,2026.04.24 13:10:20,2026.04.24 13:10:59,0,24116.9,24122.2,53.0,6.2,0.0,0.0,TRAIL_STOP,0.0,0.0,0.0,0,0.0,0.0,0.0,0.0,0,0.0,0.0,0,0,0,0,0.0,0,0.0,0.0,0,0.0,0.0,0.0,0.0,0.0,0.0,0.0,0.0,0.0,0,0,0.0,0,0,0.0,0.0,0,0.15,0.181,0.053,0.248,0.624,0.368,1,0.603,16.0,995.9
94611,DE30m,BREAKOUT_RETEST,BUY,2026.04.24 13:10:30,2026.04.24 13:10:59,0,24116.9,24122.2,53.0,6.2,0.0,0.0,TRAIL_STOP,0.0,0.0,0.0,0,0.0,0.0,0.0,0.0,0,0.0,0.0,0,0,0,0,0.0,0,0.0,0.0,0,0.0,0.0,0.0,0.0,0.0,0.0,0.0,0.0,0.0,0,0,0.0,0,0,0.0,0.0,0,0.15,0.181,0.053,0.248,0.624,0.368,1,0.603,16.0,995.9
94614,DE30m,PULLBACK,BUY,2026.04.24 13:20:20,2026.04.24 13:20:40,0,24166.5,24161.3,-52.0,-6.09,0.0,0.0,SL_HIT,0.0,0.0,0.0,0,0.0,0.0,0.0,0.0,0,0.0,0.0,0,0,0,0,0.0,0,0.0,0.0,0,0.0,0.0,0.0,0.0,0.0,0.0,0.0,0.0,0.0,0,0,0.0,0,0,0.0,0.0,0,0.15,0.181,0.053,0.281,0.624,0.368,1,0.603,16.0,995.9
94615,DE30m,TREND_CONTINUATION,BUY,2026.04.24 13:20:30,2026.04.24 13:21:40,1,24166.5,24154.3,-122.0,-14.28,0.0,0.0,SL_HIT,0.0,0.0,0.0,0,0.0,0.0,0.0,0.0,0,0.0,0.0,0,0,0,0,0.0,0,0.0,0.0,0,0.0,0.0,0.0,0.0,0.0,0.0,0.0,0.0,0.0,0,0,0.0,0,0,0.0,0.0,0,0.15,0.181,0.053,0.29,0.624,0.368,1,0.603,16.0,995.9
94618,DE30m,MEAN_REVERSION,BUY,2026.04.24 13:54:40,2026.04.24 13:55:40,1,24101.8,24106.3,45.0,5.27,0.0,0.0,TRAIL_STOP,0.0,0.0,0.0,0,0.0,0.0,0.0,0.0,0,0.0,0.0,0,0,0,0,0.0,0,0.0,0.0,0,0.0,0.0,0.0,0.0,0.0,0.0,0.0,0.0,0.0,0,0,0.0,0,0,0.0,0.0,0,0.15,0.181,0.053,0.268,0.624,0.368,1,0.603,16.0,995.9
94620,DE30m,NAKED_POC,BUY,2026.04.24 15:04:40,2026.04.24 15:05:40,1,24131.8,24129.3,-25.0,-2.93,0.0,0.0,SL_HIT,0.0,0.0,0.0,0,0.0,0.0,0.0,0.0,0,0.0,0.0,0,0,0,0,0.0,0,0.0,0.0,0,0.0,0.0,0.0,0.0,0.0,0.0,0.0,0.0,0.0,0,0,0.0,0,0,0.0,0.0,6,0.3,0.135,0.405,0.438,0.76,0.214,1,-0.4487,16.0,1035.6
94622,DE30m,SWEEP_REVERSAL,BUY,2026.04.24 15:06:40,2026.04.24 15:08:20,1,24109.9,24118.2,83.0,9.71,0.0,0.0,TRAIL_STOP,0.0,0.0,0.0,0,0.0,0.0,0.0,0.0,0,0.0,0.0,0,0,0,0,0.0,0,0.0,0.0,0,0.0,0.0,0.0,0.0,0.0,0.0,0.0,0.0,0.0,0,0,0.0,0,0,0.0,0.0,6,0.3,0.135,0.405,0.438,0.76,0.214,1,-0.4487,16.0,1035.6
94624,DE30m,ANCHORED_PULLBACK,BUY,2026.04.24 16:00:00,2026.04.24 16:08:40,8,24191.8,24169.5,-223.0,-26.13,0.0,0.0,SL_HIT,0.0,0.0,0.0,0,0.0,0.0,0.0,0.0,0,0.0,0.0,0,0,0,0,0.0,0,0.0,0.0,0,0.0,0.0,0.0,0.0,0.0,0.0,0.0,0.0,0.0,0,0,0.0,0,0,0.0,0.0,0,0.0,0.127,0.15,0.263,0.825,0.202,0,-0.4218,16.0,1112.3
94626,DE30m,BREAKOUT,BUY,2026.04.24 17:00:00,2026.04.24 17:00:40,0,24196.5,24194.8,-17.0,-1.99,0.0,0.0,SL_HIT,0.0,0.0,0.0,0,0.0,0.0,0.0,0.0,0,0.0,0.0,0,0,0,0,0.0,0,0.0,0.0,0,0.0,0.0,0.0,0.0,0.0,0.0,0.0,0.0,0.0,0,0,0.0,0,0,0.0,0.0,0,0.0,0.206,0.15,0.156,0.823,0.675,0,0.685,16.0,1098.6
94627,DE30m,TREND_CONTINUATION,BUY,2026.04.24 17:00:20,2026.04.24 17:00:40,0,24200.4,24194.8,-56.0,-6.56,0.0,0.0,SL_HIT,0.0,0.0,0.0,0,0.0,0.0,0.0,0.0,0,0.0,0.0,0,0,0,0,0.0,0,0.0,0.0,0,0.0,0.0,0.0,0.0,0.0,0.0,0.0,0.0,0.0,0,0,0.0,0,0,0.0,0.0,0,0.0,0.206,0.15,0.156,0.823,0.675,0,0.685,16.0,1098.6
94630,DE30m,NAKED_POC,BUY,2026.04.24 17:04:40,2026.04.24 17:05:40,1,24196.8,24193.9,-29.0,-3.4,0.0,0.0,SL_HIT,0.0,0.0,0.0,0,0.0,0.0,0.0,0.0,0,0.0,0.0,0,0,0,0,0.0,0,0.0,0.0,0,0.0,0.0,0.0,0.0,0.0,0.0,0.0,0.0,0.0,0,0,0.0,0,0,0.0,0.0,0,0.0,0.206,0.15,0.156,0.823,0.675,0,0.685,16.0,1098.6
94632,DE30m,PULLBACK,BUY,2026.04.24 18:43:00,2026.04.24 18:45:40,2,24210.5,24204.9,-56.0,-6.56,0.0,0.0,SL_HIT,0.0,0.0,0.0,0,0.0,0.0,0.0,0.0,0,0.0,0.0,0,0,0,0,0.0,0,0.0,0.0,0,0.0,0.0,0.0,0.0,0.0,0.0,0.0,0.0,0.0,0,0,0.0,0,0,0.0,0.0,0,0.4,0.164,0.14,0.278,0.709,0.75,0,0.545,16.0,1105.9
94634,DE30m,BREAKOUT_RETEST,BUY,2026.04.24 19:00:00,2026.04.24 19:02:40,2,24207.5,24213.0,55.0,6.44,0.0,0.0,TRAIL_STOP,0.0,0.0,0.0,0,0.0,0.0,0.0,0.0,0,0.0,0.0,0,0,0,0,0.0,0,0.0,0.0,0,0.0,0.0,0.0,0.0,0.0,0.0,0.0,0.0,0.0,0,0,0.0,0,0,0.0,0.0,0,0.0,0.226,0.117,0.081,0.771,0.825,1,0.755,16.0,1073.9
94635,DE30m,BREAKOUT,BUY,2026.04.24 19:00:40,2026.04.24 19:02:40,2,24216.5,24213.0,-35.0,-4.1,0.0,0.0,SL_HIT,0.0,0.0,0.0,0,0.0,0.0,0.0,0.0,0,0.0,0.0,0,0,0,0,0.0,0,0.0,0.0,0,0.0,0.0,0.0,0.0,0.0,0.0,0.0,0.0,0.0,0,0,0.0,0,0,0.0,0.0,0,0.0,0.226,0.117,0.081,0.771,0.825,1,0.755,16.0,1073.9
94636,DE30m,TREND_CONTINUATION,BUY,2026.04.24 19:00:59,2026.04.24 19:02:40,1,24213.8,24213.0,-8.0,-0.94,0.0,0.0,SL_HIT,0.0,0.0,0.0,0,0.0,0.0,0.0,0.0,0,0.0,0.0,0,0,0,0,0.0,0,0.0,0.0,0,0.0,0.0,0.0,0.0,0.0,0.0,0.0,0.0,0.0,0,0,0.0,0,0,0.0,0.0,0,0.0,0.226,0.117,0.081,0.771,0.825,1,0.755,16.0,1073.9
94640,DE30m,NAKED_POC,BUY,2026.04.24 19:04:40,2026.04.24 19:05:40,1,24214.5,24212.0,-25.0,-2.93,0.0,0.0,SL_HIT,0.0,0.0,0.0,0,0.0,0.0,0.0,0.0,0,0.0,0.0,0,0,0,0,0.0,0,0.0,0.0,0,0.0,0.0,0.0,0.0,0.0,0.0,0.0,0.0,0.0,0,0,0.0,0,0,0.0,0.0,0,0.0,0.226,0.117,0.081,0.771,0.825,1,0.755,16.0,1073.9
94642,DE30m,NAKED_POC,BUY,2026.04.26 23:07:20,2026.04.26 23:08:20,1,24153.6,24142.4,-112.0,-13.11,0.0,0.0,SL_HIT,0.0,0.0,0.0,0,0.0,0.0,0.0,0.0,0,0.0,0.0,0,0,0,0,0.0,0,0.0,0.0,0,0.0,0.0,0.0,0.0,0.0,0.0,0.0,0.0,0.0,0,0,0.0,0,0,0.0,0.0,0,0.15,0.247,0.053,0.254,0.679,0.975,0,0.825,100.0,1055.7
94644,DE30m,MEAN_REVERSION,BUY,2026.04.27 00:34:40,2026.04.27 01:00:40,26,24130.2,24195.3,651.0,76.27,0.0,0.0,TP_HIT,0.0,0.0,0.0,0,0.0,0.0,0.0,0.0,0,0.0,0.0,0,0,0,0,0.0,0,0.0,0.0,0,0.0,0.0,0.0,0.0,0.0,0.0,0.0,0.0,0.0,0,0,0.0,0,0,0.0,0.0,0,0.15,0.269,0.053,0.355,0.612,0.75,1,0.895,18.0,904.8
94646,DE30m,BREAKOUT_RETEST,BUY,2026.04.27 01:00:40,2026.04.27 01:55:40,55,24203.9,24245.8,419.0,49.13,0.0,0.0,TRAIL_STOP,0.0,0.0,0.0,0,0.0,0.0,0.0,0.0,0,0.0,0.0,0,0,0,0,0.0,0,0.0,0.0,0,0.0,0.0,0.0,0.0,0.0,0.0,0.0,0.0,0.0,0,0,0.0,0,0,0.0,0.0,0,0.15,0.269,0.053,0.349,0.612,0.75,0,0.895,16.0,904.8
94647,DE30m,TREND_CONTINUATION,BUY,2026.04.27 01:00:59,2026.04.27 01:55:40,54,24202.4,24245.8,434.0,50.89,0.0,0.0,TRAIL_STOP,0.0,0.0,0.0,0,0.0,0.0,0.0,0.0,0,0.0,0.0,0,0,0,0,0.0,0,0.0,0.0,0,0.0,0.0,0.0,0.0,0.0,0.0,0.0,0.0,0.0,0,0,0.0,0,0,0.0,0.0,0,0.15,0.269,0.053,0.349,0.612,0.75,0,0.895,16.0,904.8
94648,DE30m,BREAKOUT,BUY,2026.04.27 01:06:00,2026.04.27 01:55:40,49,24212.4,24245.8,334.0,39.16,0.0,0.0,TRAIL_STOP,0.0,0.0,0.0,0,0.0,0.0,0.0,0.0,0,0.0,0.0,0,0,0,0,0.0,0,0.0,0.0,0,0.0,0.0,0.0,0.0,0.0,0.0,0.0,0.0,0.0,0,0,0.0,0,0,0.0,0.0,0,0.15,0.269,0.053,0.349,0.612,0.75,0,0.895,16.0,904.8
94649,DE30m,PULLBACK,BUY,2026.04.27 01:06:40,2026.04.27 01:55:40,49,24195.3,24245.8,505.0,59.21,0.0,0.0,TRAIL_STOP,0.0,0.0,0.0,0,0.0,0.0,0.0,0.0,0,0.0,0.0,0,0,0,0,0.0,0,0.0,0.0,0,0.0,0.0,0.0,0.0,0.0,0.0,0.0,0.0,0.0,0,0,0.0,0,0,0.0,0.0,0,0.15,0.269,0.053,0.349,0.612,0.75,0,0.895,16.0,904.8
94650,DE30m,NAKED_POC,BUY,2026.04.27 01:16:40,2026.04.27 01:55:40,39,24170.5,24245.8,753.0,88.29,0.0,0.0,TRAIL_STOP,0.0,0.0,0.0,0,0.0,0.0,0.0,0.0,0,0.0,0.0,0,0,0,0,0.0,0,0.0,0.0,0,0.0,0.0,0.0,0.0,0.0,0.0,0.0,0.0,0.0,0,0,0.0,0,0,0.0,0.0,0,0.15,0.269,0.053,0.349,0.612,0.75,0,0.895,16.0,904.8
94656,DE30m,ANCHORED_PULLBACK,BUY,2026.04.27 02:00:00,2026.04.27 02:00:40,0,24253.8,24250.9,-29.0,-3.4,0.0,0.0,SL_HIT,0.0,0.0,0.0,0,0.0,0.0,0.0,0.0,0,0.0,0.0,0,0,0,0,0.0,0,0.0,0.0,0,0.0,0.0,0.0,0.0,0.0,0.0,0.0,0.0,0.0,0,0,0.0,0,0,0.0,0.0,0,0.15,0.205,0.053,0.305,0.671,0.828,0,0.6822,16.0,908.7
94658,DE30m,BREAKOUT_RETEST,BUY,2026.04.27 03:00:59,2026.04.27 03:01:40,0,24224.2,24220.8,-34.0,-3.99,0.0,0.0,SL_HIT,0.0,0.0,0.0,0,0.0,0.0,0.0,0.0,0,0.0,0.0,0,0,0,0,0.0,0,0.0,0.0,0,0.0,0.0,0.0,0.0,0.0,0.0,0.0,0.0,0.0,0,0,0.0,0,0,0.0,0.0,0,0.0,0.259,0.0,0.197,0.589,1.0,1,0.8645,16.0,888.9
94659,DE30m,TREND_CONTINUATION,BUY,2026.04.27 03:01:00,2026.04.27 03:01:40,0,24224.7,24220.8,-39.0,-4.57,0.0,0.0,SL_HIT,0.0,0.0,0.0,0,0.0,0.0,0.0,0.0,0,0.0,0.0,0,0,0,0,0.0,0,0.0,0.0,0,0.0,0.0,0.0,0.0,0.0,0.0,0.0,0.0,0.0,0,0,0.0,0,0,0.0,0.0,0,0.0,0.259,0.0,0.197,0.589,1.0,1,0.8645,16.0,888.9
94662,DE30m,BREAKOUT,BUY,2026.04.27 03:06:40,2026.04.27 03:08:40,2,24221.3,24218.6,-27.0,-3.17,0.0,0.0,SL_HIT,0.0,0.0,0.0,0,0.0,0.0,0.0,0.0,0,0.0,0.0,0,0,0,0,0.0,0,0.0,0.0,0,0.0,0.0,0.0,0.0,0.0,0.0,0.0,0.0,0.0,0,0,0.0,0,0,0.0,0.0,0,0.0,0.259,0.0,0.197,0.589,1.0,1,0.8645,16.0,888.9
94663,DE30m,PULLBACK,BUY,2026.04.27 03:07:40,2026.04.27 03:08:40,1,24223.4,24218.3,-51.0,-5.98,0.0,0.0,SL_HIT,0.0,0.0,0.0,0,0.0,0.0,0.0,0.0,0,0.0,0.0,0,0,0,0,0.0,0,0.0,0.0,0,0.0,0.0,0.0,0.0,0.0,0.0,0.0,0.0,0.0,0,0,0.0,0,0,0.0,0.0,0,0.0,0.259,0.0,0.197,0.589,1.0,1,0.8645,16.0,888.9
94666,DE30m,NAKED_POC,BUY,2026.04.27 03:16:40,2026.04.27 03:17:40,1,24213.0,24210.7,-23.0,-2.7,0.0,0.0,SL_HIT,0.0,0.0,0.0,0,0.0,0.0,0.0,0.0,0,0.0,0.0,0,0,0,0,0.0,0,0.0,0.0,0,0.0,0.0,0.0,0.0,0.0,0.0,0.0,0.0,0.0,0,0,0.0,0,0,0.0,0.0,0,0.0,0.259,0.0,0.23,0.589,1.0,1,0.8645,16.0,888.9
94668,DE30m,MEAN_REVERSION,BUY,2026.04.27 04:55:40,2026.04.27 04:56:40,1,24198.1,24194.8,-33.0,-3.87,0.0,0.0,SL_HIT,0.0,0.0,0.0,0,0.0,0.0,0.0,0.0,0,0.0,0.0,0,0,0,0,0.0,0,0.0,0.0,0,0.0,0.0,0.0,0.0,0.0,0.0,0.0,0.0,0.0,0,0,0.0,0,0,0.0,0.0,0,0.25,0.18,0.088,0.314,0.752,0.575,1,0.6001,16.0,717.0
94670,DE30m,ANCHORED_PULLBACK,BUY,2026.04.27 05:00:00,2026.04.27 05:00:40,0,24193.7,24190.9,-28.0,-3.28,0.0,0.0,SL_HIT,0.0,0.0,0.0,0,0.0,0.0,0.0,0.0,0,0.0,0.0,0,0,0,0,0.0,0,0.0,0.0,0,0.0,0.0,0.0,0.0,0.0,0.0,0.0,0.0,0.0,0,0,0.0,0,0,0.0,0.0,0,0.4,0.238,0.267,0.381,0.685,0.767,1,0.7919,16.0,621.3
94672,DE30m,BREAKOUT_RETEST,BUY,2026.04.27 05:00:59,2026.04.27 05:01:40,0,24191.7,24189.9,-18.0,-2.11,0.0,0.0,SL_HIT,0.0,0.0,0.0,0,0.0,0.0,0.0,0.0,0,0.0,0.0,0,0,0,0,0.0,0,0.0,0.0,0,0.0,0.0,0.0,0.0,0.0,0.0,0.0,0.0,0.0,0,0,0.0,0,0,0.0,0.0,0,0.4,0.238,0.267,0.384,0.685,0.767,0,0.7919,16.0,621.3
94674,DE30m,SWEEP_REVERSAL,BUY,2026.04.27 05:05:40,2026.04.27 05:08:40,3,24159.9,24175.7,158.0,18.53,0.0,0.0,TRAIL_STOP,0.0,0.0,0.0,0,0.0,0.0,0.0,0.0,0,0.0,0.0,0,0,0,0,0.0,0,0.0,0.0,0,0.0,0.0,0.0,0.0,0.0,0.0,0.0,0.0,0.0,0,0,0.0,0,0,0.0,0.0,0,0.4,0.238,0.267,0.456,0.685,0.767,0,0.7919,16.0,621.3
94676,DE30m,TREND_CONTINUATION,BUY,2026.04.27 05:35:40,2026.04.27 05:36:59,1,24131.0,24139.4,84.0,9.85,0.0,0.0,TRAIL_STOP,0.0,0.0,0.0,0,0.0,0.0,0.0,0.0,0,0.0,0.0,0,0,0,0,0.0,0,0.0,0.0,0,0.0,0.0,0.0,0.0,0.0,0.0,0.0,0.0,0.0,0,0,0.0,0,0,0.0,0.0,0,0.4,0.238,0.267,0.456,0.685,0.767,0,0.7919,16.0,621.3
94678,DE30m,NAKED_POC,BUY,2026.04.27 06:55:00,2026.04.27 06:55:40,0,24183.5,24183.7,2.0,0.23,0.0,0.0,TRAIL_STOP,0.0,0.0,0.0,0,0.0,0.0,0.0,0.0,0,0.0,0.0,0,0,0,0,0.0,0,0.0,0.0,0,0.0,0.0,0.0,0.0,0.0,0.0,0.0,0.0,0.0,0,0,0.0,0,0,0.0,0.0,0,0.15,0.116,0.053,0.28,0.797,0.227,0,-0.3864,16.0,614.1
94680,DE30m,MEAN_REVERSION,BUY,2026.04.27 06:55:40,2026.04.27 06:56:40,1,24176.0,24173.9,-21.0,-2.46,0.0,0.0,SL_HIT,0.0,0.0,0.0,0,0.0,0.0,0.0,0.0,0,0.0,0.0,0,0,0,0,0.0,0,0.0,0.0,0,0.0,0.0,0.0,0.0,0.0,0.0,0.0,0.0,0.0,0,0,0.0,0,0,0.0,0.0,0,0.15,0.116,0.053,0.28,0.797,0.227,0,-0.3864,16.0,614.1
94682,DE30m,SWEEP_REVERSAL,BUY,2026.04.27 07:37:59,2026.04.27 07:59:40,21,24154.1,24154.1,0.0,0.0,0.0,0.0,TRAIL_STOP,0.0,0.0,0.0,0,0.0,0.0,0.0,0.0,0,0.0,0.0,0,0,0,0,0.0,0,0.0,0.0,0,0.0,0.0,0.0,0.0,0.0,0.0,0.0,0.0,0.0,0,0,0.0,0,0,0.0,0.0,0,0.4,0.119,0.14,0.3,0.646,0.527,0,-0.3962,16.0,584.1
94684,DE30m,NAKED_POC,BUY,2026.04.27 09:00:00,2026.04.27 09:00:59,0,24212.0,24217.1,51.0,5.99,0.0,0.0,TRAIL_STOP,0.0,0.0,0.0,0,0.0,0.0,0.0,0.0,0,0.0,0.0,0,0,0,0,0.0,0,0.0,0.0,0,0.0,0.0,0.0,0.0,0.0,0.0,0.0,0.0,0.0,0,0,0.0,0,0,0.0,0.0,0,0.15,0.195,0.162,0.239,0.748,0.624,0,0.6513,16.0,553.4
94686,DE30m,BREAKOUT,BUY,2026.04.27 09:07:00,2026.04.27 09:08:59,1,24218.0,24228.1,101.0,11.87,0.0,0.0,TRAIL_STOP,0.0,0.0,0.0,0,0.0,0.0,0.0,0.0,0,0.0,0.0,0,0,0,0,0.0,0,0.0,0.0,0,0.0,0.0,0.0,0.0,0.0,0.0,0.0,0.0,0.0,0,0,0.0,0,0,0.0,0.0,0,0.15,0.195,0.162,0.303,0.748,0.624,0,0.6513,16.0,553.4
94688,DE30m,TREND_CONTINUATION,BUY,2026.04.27 09:35:40,2026.04.27 09:36:20,0,24230.0,24231.1,11.0,1.29,0.0,0.0,TRAIL_STOP,0.0,0.0,0.0,0,0.0,0.0,0.0,0.0,0,0.0,0.0,0,0,0,0,0.0,0,0.0,0.0,0,0.0,0.0,0.0,0.0,0.0,0.0,0.0,0.0,0.0,0,0,0.0,0,0,0.0,0.0,0,0.15,0.195,0.162,0.341,0.748,0.624,0,0.6513,16.0,553.4
94690,DE30m,PULLBACK,BUY,2026.04.27 10:00:00,2026.04.27 10:00:40,0,24261.7,24258.1,-36.0,-4.23,0.0,0.0,SL_HIT,0.0,0.0,0.0,0,0.0,0.0,0.0,0.0,0,0.0,0.0,0,0,0,0,0.0,0,0.0,0.0,0,0.0,0.0,0.0,0.0,0.0,0.0,0.0,0.0,0.0,0,0,0.0,0,0,0.0,0.0,0,0.15,0.172,0.16,0.323,0.747,0.531,0,0.5741,16.0,552.9
94691,DE30m,ANCHORED_PULLBACK,BUY,2026.04.27 10:00:20,2026.04.27 10:00:40,0,24261.7,24258.1,-36.0,-4.23,0.0,0.0,SL_HIT,0.0,0.0,0.0,0,0.0,0.0,0.0,0.0,0,0.0,0.0,0,0,0,0,0.0,0,0.0,0.0,0,0.0,0.0,0.0,0.0,0.0,0.0,0.0,0.0,0.0,0,0,0.0,0,0,0.0,0.0,0,0.15,0.172,0.16,0.323,0.747,0.531,0,0.5741,16.0,552.9
94694,DE30m,NAKED_POC,BUY,2026.04.27 11:00:40,2026.04.27 11:02:20,1,24330.7,24333.0,23.0,2.7,0.0,0.0,TRAIL_STOP,0.0,0.0,0.0,0,0.0,0.0,0.0,0.0,0,0.0,0.0,0,0,0,0,0.0,0,0.0,0.0,0,0.0,0.0,0.0,0.0,0.0,0.0,0.0,0.0,0.0,0,0,0.0,0,0,0.0,0.0,0,0.15,0.226,0.053,0.303,0.549,0.825,0,0.755,16.0,597.1
94696,DE30m,TREND_CONTINUATION,BUY,2026.04.27 11:53:40,2026.04.27 11:54:40,1,24324.0,24324.0,0.0,0.0,0.0,0.0,TRAIL_STOP,0.0,0.0,0.0,0,0.0,0.0,0.0,0.0,0,0.0,0.0,0,0,0,0,0.0,0,0.0,0.0,0,0.0,0.0,0.0,0.0,0.0,0.0,0.0,0.0,0.0,0,0,0.0,0,0,0.0,0.0,0,0.15,0.226,0.053,0.284,0.549,0.825,0,0.755,16.0,597.1
94698,DE30m,BREAKOUT,BUY,2026.04.27 11:57:20,2026.04.27 11:59:00,1,24305.1,24317.0,119.0,13.97,0.0,0.0,TRAIL_STOP,0.0,0.0,0.0,0,0.0,0.0,0.0,0.0,0,0.0,0.0,0,0,0,0,0.0,0,0.0,0.0,0,0.0,0.0,0.0,0.0,0.0,0.0,0.0,0.0,0.0,0,0,0.0,0,0,0.0,0.0,0,0.15,0.226,0.053,0.284,0.549,0.825,0,0.755,16.0,597.1
94700,DE30m,BREAKOUT_RETEST,BUY,2026.04.27 12:00:20,2026.04.27 12:00:40,0,24327.7,24323.9,-38.0,-4.46,0.0,0.0,SL_HIT,0.0,0.0,0.0,0,0.0,0.0,0.0,0.0,0,0.0,0.0,0,0,0,0,0.0,0,0.0,0.0,0,0.0,0.0,0.0,0.0,0.0,0.0,0.0,0.0,0.0,0,0,0.0,0,0,0.0,0.0,0,0.0,0.237,0.132,0.147,0.468,0.9,1,0.79,16.0,607.9
94702,DE30m,PULLBACK,BUY,2026.04.27 12:27:40,2026.04.27 12:28:40,1,24265.0,24265.9,9.0,1.06,0.0,0.0,TRAIL_STOP,0.0,0.0,0.0,0,0.0,0.0,0.0,0.0,0,0.0,0.0,0,0,0,0,0.0,0,0.0,0.0,0,0.0,0.0,0.0,0.0,0.0,0.0,0.0,0.0,0.0,0,0,0.0,0,0,0.0,0.0,0,0.0,0.237,0.132,0.184,0.468,0.9,1,0.79,16.0,607.9
94705,DE30m,NAKED_POC,BUY,2026.04.27 13:00:40,2026.04.27 13:01:40,1,24200.9,24186.1,-148.0,-17.38,0.0,0.0,SL_HIT,0.0,0.0,0.0,0,0.0,0.0,0.0,0.0,0,0.0,0.0,0,0,0,0,0.0,0,0.0,0.0,0,0.0,0.0,0.0,0.0,0.0,0.0,0.0,0.0,0.0,0,0,0.0,0,0,0.0,0.0,0,0.15,0.247,0.201,0.344,0.675,0.65,0,0.825,16.0,672.9
94704,DE30m,MEAN_REVERSION,BUY,2026.04.27 12:55:59,2026.04.27 13:03:40,7,24220.5,24179.6,-409.0,-48.05,0.0,0.0,SL_HIT,0.0,0.0,0.0,0,0.0,0.0,0.0,0.0,0,0.0,0.0,0,0,0,0,0.0,0,0.0,0.0,0,0.0,0.0,0.0,0.0,0.0,0.0,0.0,0.0,0.0,0,0,0.0,0,0,0.0,0.0,0,0.15,0.247,0.201,0.344,0.675,0.65,0,0.825,16.0,672.9
94708,DE30m,SWEEP_REVERSAL,BUY,2026.04.27 13:39:40,2026.04.27 13:48:40,9,24188.5,24121.2,-673.0,-79.03,0.0,0.0,SL_HIT,0.0,0.0,0.0,0,0.0,0.0,0.0,0.0,0,0.0,0.0,0,0,0,0,0.0,0,0.0,0.0,0,0.0,0.0,0.0,0.0,0.0,0.0,0.0,0.0,0.0,0,0,0.0,0,0,0.0,0.0,0,0.15,0.247,0.273,0.344,0.675,0.65,0,0.825,16.0,672.9
94710,DE30m,TREND_CONTINUATION,BUY,2026.04.27 13:53:40,2026.04.27 13:56:00,2,24133.9,24150.3,164.0,19.25,0.0,0.0,TRAIL_STOP,0.0,0.0,0.0,0,0.0,0.0,0.0,0.0,0,0.0,0.0,0,0,0,0,0.0,0,0.0,0.0,0,0.0,0.0,0.0,0.0,0.0,0.0,0.0,0.0,0.0,0,0,0.0,0,0,0.0,0.0,0,0.15,0.247,0.273,0.344,0.675,0.65,0,0.825,16.0,672.9
94712,DE30m,PULLBACK,BUY,2026.04.27 14:35:59,2026.04.27 14:36:40,0,24143.6,24154.1,105.0,12.33,0.0,0.0,TRAIL_STOP,0.0,0.0,0.0,0,0.0,0.0,0.0,0.0,0,0.0,0.0,0,0,0,0,0.0,0,0.0,0.0,0,0.0,0.0,0.0,0.0,0.0,0.0,0.0,0.0,0.0,0,0,0.0,0,0,0.0,0.0,0,0.25,0.206,0.16,0.333,0.58,1.0,1,0.685,16.0,744.6
94714,DE30m,MEAN_REVERSION,BUY,2026.04.27 14:55:59,2026.04.27 14:56:40,0,24088.8,24087.1,-17.0,-1.99,0.0,0.0,SL_HIT,0.0,0.0,0.0,0,0.0,0.0,0.0,0.0,0,0.0,0.0,0,0,0,0,0.0,0,0.0,0.0,0,0.0,0.0,0.0,0.0,0.0,0.0,0.0,0.0,0.0,0,0,0.0,0,0,0.0,0.0,0,0.25,0.206,0.16,0.334,0.58,1.0,0,0.685,16.0,744.6
94716,DE30m,BREAKOUT_RETEST,BUY,2026.04.27 15:55:40,2026.04.27 15:56:40,1,24112.9,24109.5,-34.0,-3.99,0.0,0.0,SL_HIT,0.0,0.0,0.0,0,0.0,0.0,0.0,0.0,0,0.0,0.0,0,0,0,0,0.0,0,0.0,0.0,0,0.0,0.0,0.0,0.0,0.0,0.0,0.0,0.0,0.0,0,0,0.0,0,0,0.0,0.0,0,0.4,0.216,0.212,0.377,0.522,1.0,1,0.72,16.0,781.1
94718,DE30m,BREAKOUT,BUY,2026.04.27 15:58:40,2026.04.27 15:59:59,1,24117.9,24128.5,106.0,12.43,0.0,0.0,TRAIL_STOP,0.0,0.0,0.0,0,0.0,0.0,0.0,0.0,0,0.0,0.0,0,0,0,0,0.0,0,0.0,0.0,0,0.0,0.0,0.0,0.0,0.0,0.0,0.0,0.0,0.0,0,0,0.0,0,0,0.0,0.0,0,0.4,0.216,0.212,0.16,0.522,1.0,1,0.72,16.0,781.1
94719,DE30m,TREND_CONTINUATION,BUY,2026.04.27 15:59:40,2026.04.27 16:00:40,1,24132.9,24130.4,-25.0,-2.93,0.0,0.0,SL_HIT,0.0,0.0,0.0,0,0.0,0.0,0.0,0.0,0,0.0,0.0,0,0,0,0,0.0,0,0.0,0.0,0,0.0,0.0,0.0,0.0,0.0,0.0,0.0,0.0,0.0,0,0,0.0,0,0,0.0,0.0,0,0.0,0.171,0.184,0.0,0.661,0.337,1,-0.5715,16.0,793.3
94721,DE30m,NAKED_POC,BUY,2026.04.27 15:59:59,2026.04.27 16:00:40,0,24128.2,24130.4,22.0,2.58,0.0,0.0,TRAIL_STOP,0.0,0.0,0.0,0,0.0,0.0,0.0,0.0,0,0.0,0.0,0,0,0,0,0.0,0,0.0,0.0,0,0.0,0.0,0.0,0.0,0.0,0.0,0.0,0.0,0.0,0,0,0.0,0,0,0.0,0.0,0,0.0,0.171,0.184,0.0,0.661,0.337,1,-0.5715,16.0,793.3
94724,DE30m,ANCHORED_PULLBACK,BUY,2026.04.27 16:00:40,2026.04.27 16:01:40,1,24124.2,24120.4,-38.0,-4.46,0.0,0.0,SL_HIT,0.0,0.0,0.0,0,0.0,0.0,0.0,0.0,0,0.0,0.0,0,0,0,0,0.0,0,0.0,0.0,0,0.0,0.0,0.0,0.0,0.0,0.0,0.0,0.0,0.0,0,0,0.0,0,0,0.0,0.0,0,0.0,0.171,0.184,0.18,0.661,0.337,1,-0.5715,16.0,793.3
94726,DE30m,MEAN_REVERSION,BUY,2026.04.27 17:00:00,2026.04.27 17:02:40,2,24124.9,24129.5,46.0,5.39,0.0,0.0,TRAIL_STOP,0.0,0.0,0.0,0,0.0,0.0,0.0,0.0,0,0.0,0.0,0,0,0,0,0.0,0,0.0,0.0,0,0.0,0.0,0.0,0.0,0.0,0.0,0.0,0.0,0.0,0,0,0.0,0,0,0.0,0.0,0,0.15,0.216,0.25,0.067,0.572,0.5,1,-0.72,16.0,783.3
94728,DE30m,SWEEP_REVERSAL,BUY,2026.04.27 17:16:40,2026.04.27 17:17:40,1,24112.2,24111.5,-7.0,-0.82,0.0,0.0,SL_HIT,0.0,0.0,0.0,0,0.0,0.0,0.0,0.0,0,0.0,0.0,0,0,0,0,0.0,0,0.0,0.0,0,0.0,0.0,0.0,0.0,0.0,0.0,0.0,0.0,0.0,0,0,0.0,0,0,0.0,0.0,0,0.15,0.216,0.25,0.297,0.572,0.5,0,-0.72,16.0,783.3
94730,DE30m,NAKED_POC,BUY,2026.04.27 18:00:00,2026.04.27 18:00:40,0,24121.3,24116.8,-45.0,-5.28,0.0,0.0,SL_HIT,0.0,0.0,0.0,0,0.0,0.0,0.0,0.0,0,0.0,0.0,0,0,0,0,0.0,0,0.0,0.0,0,0.0,0.0,0.0,0.0,0.0,0.0,0.0,0.0,0.0,0,0,0.0,0,0,0.0,0.0,0,0.4,0.174,0.281,0.236,0.799,0.55,1,-0.58,16.0,806.1
94732,DE30m,NAKED_POC,BUY,2026.04.27 22:14:40,2026.04.27 22:31:40,17,24135.6,24131.3,-43.0,-5.04,0.0,0.0,SL_HIT,0.0,0.0,0.0,0,0.0,0.0,0.0,0.0,0,0.0,0.0,0,0,0,0,0.0,0,0.0,0.0,0,0.0,0.0,0.0,0.0,0.0,0.0,0.0,0.0,0.0,0,0,0.0,0,0,0.0,0.0,0,0.15,0.258,0.129,0.068,0.724,1.0,1,-0.86,100.0,781.4
94734,DE30m,BREAKOUT,BUY,2026.04.28 04:00:00,2026.04.28 04:00:40,0,24129.3,24129.6,3.0,0.35,0.0,0.0,TRAIL_STOP,0.0,0.0,0.0,0,0.0,0.0,0.0,0.0,0,0.0,0.0,0,0,0,0,0.0,0,0.0,0.0,0,0.0,0.0,0.0,0.0,0.0,0.0,0.0,0.0,0.0,0,0,0.0,0,0,0.0,0.0,0,0.15,0.133,0.256,0.06,0.766,0.208,1,0.443,16.0,561.7
94735,DE30m,PULLBACK,BUY,2026.04.28 04:00:20,2026.04.28 04:00:40,0,24133.2,24129.6,-36.0,-4.22,0.0,0.0,SL_HIT,0.0,0.0,0.0,0,0.0,0.0,0.0,0.0,0,0.0,0.0,0,0,0,0,0.0,0,0.0,0.0,0,0.0,0.0,0.0,0.0,0.0,0.0,0.0,0.0,0.0,0,0,0.0,0,0,0.0,0.0,0,0.15,0.133,0.256,0.06,0.766,0.208,1,0.443,16.0,561.7
94736,DE30m,TREND_CONTINUATION,BUY,2026.04.28 04:00:30,2026.04.28 04:01:59,1,24133.2,24127.7,-55.0,-6.44,0.0,0.0,SL_HIT,0.0,0.0,0.0,0,0.0,0.0,0.0,0.0,0,0.0,0.0,0,0,0,0,0.0,0,0.0,0.0,0,0.0,0.0,0.0,0.0,0.0,0.0,0.0,0.0,0.0,0,0,0.0,0,0,0.0,0.0,0,0.15,0.133,0.256,0.06,0.766,0.208,1,0.443,16.0,561.7
94740,DE30m,BREAKOUT_RETEST,BUY,2026.04.28 04:06:40,2026.04.28 04:07:59,1,24122.5,24127.7,52.0,6.09,0.0,0.0,TRAIL_STOP,0.0,0.0,0.0,0,0.0,0.0,0.0,0.0,0,0.0,0.0,0,0,0,0,0.0,0,0.0,0.0,0,0.0,0.0,0.0,0.0,0.0,0.0,0.0,0.0,0.0,0,0,0.0,0,0,0.0,0.0,0,0.15,0.133,0.256,0.06,0.766,0.208,1,0.443,16.0,561.7
94742,DE30m,MEAN_REVERSION,BUY,2026.04.28 05:14:20,2026.04.28 05:26:40,12,24092.8,24100.0,72.0,8.43,0.0,0.0,TRAIL_STOP,0.0,0.0,0.0,0,0.0,0.0,0.0,0.0,0,0.0,0.0,0,0,0,0,0.0,0,0.0,0.0,0,0.0,0.0,0.0,0.0,0.0,0.0,0.0,0.0,0.0,0,0,0.0,0,0,0.0,0.0,0,0.4,0.139,0.333,0.423,0.836,0.628,0,0.4634,16.0,501.7
94745,DE30m,PULLBACK,BUY,2026.04.28 06:00:20,2026.04.28 06:01:40,1,24086.4,24065.4,-210.0,-24.58,0.0,0.0,SL_HIT,0.0,0.0,0.0,0,0.0,0.0,0.0,0.0,0,0.0,0.0,0,0,0,0,0.0,0,0.0,0.0,0,0.0,0.0,0.0,0.0,0.0,0.0,0.0,0.0,0.0,0,0,0.0,0,0,0.0,0.0,0,0.15,0.226,0.13,0.321,0.679,0.825,0,0.755,16.0,498.0
94747,DE30m,TREND_CONTINUATION,BUY,2026.04.28 06:01:40,2026.04.28 06:03:00,1,24060.8,24074.8,140.0,16.38,0.0,0.0,TRAIL_STOP,0.0,0.0,0.0,0,0.0,0.0,0.0,0.0,0,0.0,0.0,0,0,0,0,0.0,0,0.0,0.0,0,0.0,0.0,0.0,0.0,0.0,0.0,0.0,0.0,0.0,0,0,0.0,0,0,0.0,0.0,0,0.15,0.226,0.13,0.284,0.679,0.825,0,0.755,16.0,498.0
94744,DE30m,SWEEP_REVERSAL,BUY,2026.04.28 05:30:40,2026.04.28 06:27:40,57,24083.6,24090.4,68.0,7.96,0.0,0.0,TRAIL_STOP,0.0,0.0,0.0,0,0.0,0.0,0.0,0.0,0,0.0,0.0,0,0,0,0,0.0,0,0.0,0.0,0,0.0,0.0,0.0,0.0,0.0,0.0,0.0,0.0,0.0,0,0,0.0,0,0,0.0,0.0,0,0.15,0.226,0.13,0.333,0.679,0.825,0,0.755,16.0,498.0
94749,DE30m,BREAKOUT_RETEST,BUY,2026.04.28 06:27:20,2026.04.28 06:31:40,4,24097.3,24082.4,-149.0,-17.44,0.0,0.0,SL_HIT,0.0,0.0,0.0,0,0.0,0.0,0.0,0.0,0,0.0,0.0,0,0,0,0,0.0,0,0.0,0.0,0,0.0,0.0,0.0,0.0,0.0,0.0,0.0,0.0,0.0,0,0,0.0,0,0,0.0,0.0,0,0.15,0.226,0.13,0.326,0.679,0.825,0,0.755,16.0,498.0
94752,DE30m,MEAN_REVERSION,BUY,2026.04.28 07:14:20,2026.04.28 07:14:59,0,23990.5,23999.5,90.0,10.52,0.0,0.0,TRAIL_STOP,0.0,0.0,0.0,0,0.0,0.0,0.0,0.0,0,0.0,0.0,0,0,0,0,0.0,0,0.0,0.0,0,0.0,0.0,0.0,0.0,0.0,0.0,0.0,0.0,0.0,0,0,0.0,0,0,0.0,0.0,0,0.25,0.185,0.15,0.372,0.629,0.9,0,0.615,16.0,463.4
94754,DE30m,SWEEP_REVERSAL,BUY,2026.04.28 07:30:40,2026.04.28 07:33:59,3,24031.9,24045.1,132.0,15.44,0.0,0.0,TRAIL_STOP,0.0,0.0,0.0,0,0.0,0.0,0.0,0.0,0,0.0,0.0,0,0,0,0,0.0,0,0.0,0.0,0,0.0,0.0,0.0,0.0,0.0,0.0,0.0,0.0,0.0,0,0,0.0,0,0,0.0,0.0,0,0.25,0.185,0.227,0.372,0.629,0.9,0,0.615,16.0,463.4
94756,DE30m,SWEEP_REVERSAL,BUY,2026.04.28 11:30:40,2026.04.28 11:33:40,3,23997.2,24007.5,103.0,12.04,0.0,0.0,TRAIL_STOP,0.0,0.0,0.0,0,0.0,0.0,0.0,0.0,0,0.0,0.0,0,0,0,0,0.0,0,0.0,0.0,0,0.0,0.0,0.0,0.0,0.0,0.0,0.0,0.0,0.0,0,0,0.0,0,0,0.0,0.0,0,0.4,0.185,0.22,0.387,0.662,0.6,0,-0.615,16.0,595.9
94758,DE30m,SWEEP_REVERSAL,BUY,2026.04.28 13:30:40,2026.04.28 13:37:40,7,24018.3,24036.0,177.0,20.71,0.0,0.0,TRAIL_STOP,0.0,0.0,0.0,0,0.0,0.0,0.0,0.0,0,0.0,0.0,0,0,0,0,0.0,0,0.0,0.0,0,0.0,0.0,0.0,0.0,0.0,0.0,0.0,0.0,0.0,0,0,0.0,0,0,0.0,0.0,6,0.45,0.258,0.54,0.606,0.478,0.7,1,-0.86,16.0,820.9
94760,DE30m,SWEEP_REVERSAL,BUY,2026.04.28 15:30:40,2026.04.28 15:31:40,1,24014.8,24011.8,-30.0,-3.51,0.0,0.0,SL_HIT,0.0,0.0,0.0,0,0.0,0.0,0.0,0.0,0,0.0,0.0,0,0,0,0,0.0,0,0.0,0.0,0,0.0,0.0,0.0,0.0,0.0,0.0,0.0,0.0,0.0,0,0,0.0,0,0,0.0,0.0,6,0.3,0.279,0.634,0.32,0.657,0.8,1,-0.93,16.0,904.9
94764,DE30m,BREAKOUT_RETEST,BUY,2026.04.29 01:06:40,2026.04.29 01:08:40,2,24005.1,23981.5,-236.0,-27.63,0.0,0.0,SL_HIT,0.0,0.0,0.0,0,0.0,0.0,0.0,0.0,0,0.0,0.0,0,0,0,0,0.0,0,0.0,0.0,0,0.0,0.0,0.0,0.0,0.0,0.0,0.0,0.0,0.0,0,0,0.0,0,0,0.0,0.0,0,0.15,0.0,0.144,0.24,0.774,0.135,0,0.0,16.0,711.5
94762,DE30m,BREAKOUT,BUY,2026.04.29 01:00:00,2026.04.29 02:02:00,62,24034.1,24011.4,-227.0,-26.59,0.0,0.0,SL_HIT,0.0,0.0,0.0,0,0.0,0.0,0.0,0.0,0,0.0,0.0,0,0,0,0,0.0,0,0.0,0.0,0,0.0,0.0,0.0,0.0,0.0,0.0,0.0,0.0,0.0,0,0,0.0,0,0,0.0,0.0,0,0.4,0.08,0.3,0.351,0.858,0.207,1,0.2675,16.0,713.5
94763,DE30m,PULLBACK,BUY,2026.04.29 01:00:20,2026.04.29 02:02:00,61,24035.6,24011.4,-242.0,-28.35,0.0,0.0,SL_HIT,0.0,0.0,0.0,0,0.0,0.0,0.0,0.0,0,0.0,0.0,0,0,0,0,0.0,0,0.0,0.0,0,0.0,0.0,0.0,0.0,0.0,0.0,0.0,0.0,0.0,0,0,0.0,0,0,0.0,0.0,0,0.4,0.08,0.3,0.351,0.858,0.207,1,0.2675,16.0,713.5
94766,DE30m,TREND_CONTINUATION,BUY,2026.04.29 02:00:00,2026.04.29 02:02:00,2,24005.4,24011.4,60.0,7.03,0.0,0.0,TRAIL_STOP,0.0,0.0,0.0,0,0.0,0.0,0.0,0.0,0,0.0,0.0,0,0,0,0,0.0,0,0.0,0.0,0,0.0,0.0,0.0,0.0,0.0,0.0,0.0,0.0,0.0,0,0,0.0,0,0,0.0,0.0,0,0.4,0.08,0.3,0.351,0.858,0.207,1,0.2675,16.0,713.5
94770,DE30m,BREAKOUT,BUY,2026.04.29 03:06:40,2026.04.29 03:07:40,1,24015.7,24012.0,-37.0,-4.33,0.0,0.0,SL_HIT,0.0,0.0,0.0,0,0.0,0.0,0.0,0.0,0,0.0,0.0,0,0,0,0,0.0,0,0.0,0.0,0,0.0,0.0,0.0,0.0,0.0,0.0,0.0,0.0,0.0,0,0,0.0,0,0,0.0,0.0,0,0.0,0.216,0.244,0.0,0.758,0.5,1,0.72,16.0,584.9
94771,DE30m,BREAKOUT_RETEST,BUY,2026.04.29 03:06:59,2026.04.29 03:07:40,0,24015.7,24011.3,-44.0,-5.15,0.0,0.0,SL_HIT,0.0,0.0,0.0,0,0.0,0.0,0.0,0.0,0,0.0,0.0,0,0,0,0,0.0,0,0.0,0.0,0,0.0,0.0,0.0,0.0,0.0,0.0,0.0,0.0,0.0,0,0,0.0,0,0,0.0,0.0,0,0.0,0.216,0.244,0.0,0.758,0.5,1,0.72,16.0,584.9
94772,DE30m,PULLBACK,BUY,2026.04.29 03:07:00,2026.04.29 03:07:40,0,24015.0,24011.3,-37.0,-4.33,0.0,0.0,SL_HIT,0.0,0.0,0.0,0,0.0,0.0,0.0,0.0,0,0.0,0.0,0,0,0,0,0.0,0,0.0,0.0,0,0.0,0.0,0.0,0.0,0.0,0.0,0.0,0.0,0.0,0,0,0.0,0,0,0.0,0.0,0,0.0,0.216,0.244,0.0,0.758,0.5,1,0.72,16.0,584.9
94776,DE30m,TREND_CONTINUATION,BUY,2026.04.29 04:00:00,2026.04.29 04:01:59,1,24019.8,24021.5,17.0,1.99,0.0,0.0,TRAIL_STOP,0.0,0.0,0.0,0,0.0,0.0,0.0,0.0,0,0.0,0.0,0,0,0,0,0.0,0,0.0,0.0,0,0.0,0.0,0.0,0.0,0.0,0.0,0.0,0.0,0.0,0,0,0.0,0,0,0.0,0.0,0,0.0,0.226,0.233,0.091,0.666,0.55,1,0.755,16.0,475.4
94778,DE30m,ANCHORED_PULLBACK,BUY,2026.04.29 05:00:00,2026.04.29 05:00:59,0,24038.7,24039.2,5.0,0.59,0.0,0.0,TRAIL_STOP,0.0,0.0,0.0,0,0.0,0.0,0.0,0.0,0,0.0,0.0,0,0,0,0,0.0,0,0.0,0.0,0,0.0,0.0,0.0,0.0,0.0,0.0,0.0,0.0,0.0,0,0,0.0,0,0,0.0,0.0,0,0.4,0.185,0.39,0.425,0.682,0.9,0,0.615,16.0,439.8
94780,DE30m,BREAKOUT,BUY,2026.04.29 05:06:40,2026.04.29 06:13:40,67,24051.1,24078.3,272.0,31.82,0.0,0.0,TRAIL_STOP,0.0,0.0,0.0,0,0.0,0.0,0.0,0.0,0,0.0,0.0,0,0,0,0,0.0,0,0.0,0.0,0,0.0,0.0,0.0,0.0,0.0,0.0,0.0,0.0,0.0,0,0,0.0,0,0,0.0,0.0,4,0.15,0.247,0.144,0.325,0.666,0.975,0,0.825,16.0,406.1
94781,DE30m,PULLBACK,BUY,2026.04.29 05:07:00,2026.04.29 06:13:40,66,24050.9,24078.3,274.0,32.06,0.0,0.0,TRAIL_STOP,0.0,0.0,0.0,0,0.0,0.0,0.0,0.0,0,0.0,0.0,0,0,0,0,0.0,0,0.0,0.0,0,0.0,0.0,0.0,0.0,0.0,0.0,0.0,0.0,0.0,0,0,0.0,0,0,0.0,0.0,4,0.15,0.247,0.144,0.325,0.666,0.975,0,0.825,16.0,406.1
94782,DE30m,TREND_CONTINUATION,BUY,2026.04.29 06:00:00,2026.04.29 06:13:40,13,24078.3,24078.3,0.0,0.0,0.0,0.0,TRAIL_STOP,0.0,0.0,0.0,0,0.0,0.0,0.0,0.0,0,0.0,0.0,0,0,0,0,0.0,0,0.0,0.0,0,0.0,0.0,0.0,0.0,0.0,0.0,0.0,0.0,0.0,0,0,0.0,0,0,0.0,0.0,4,0.15,0.247,0.144,0.325,0.666,0.975,0,0.825,16.0,406.1
94786,DE30m,BREAKOUT_RETEST,BUY,2026.04.29 06:54:40,2026.04.29 07:00:20,5,24046.1,24020.1,-260.0,-30.42,0.0,0.0,SL_HIT,0.0,0.0,0.0,0,0.0,0.0,0.0,0.0,0,0.0,0.0,0,0,0,0,0.0,0,0.0,0.0,0,0.0,0.0,0.0,0.0,0.0,0.0,0.0,0.0,0.0,0,0,0.0,0,0,0.0,0.0,0,0.15,0.258,0.271,0.074,0.629,0.7,0,0.86,16.0,398.6
94787,DE30m,SWEEP_REVERSAL,BUY,2026.04.29 07:00:00,2026.04.29 07:01:40,1,24033.0,24056.7,237.0,27.72,0.0,0.0,TRAIL_STOP,0.0,0.0,0.0,0,0.0,0.0,0.0,0.0,0,0.0,0.0,0,0,0,0,0.0,0,0.0,0.0,0,0.0,0.0,0.0,0.0,0.0,0.0,0.0,0.0,0.0,0,0,0.0,0,0,0.0,0.0,0,0.15,0.258,0.271,0.143,0.629,0.7,1,0.86,16.0,398.6
94790,DE30m,BREAKOUT,BUY,2026.04.29 07:09:40,2026.04.29 07:13:40,4,24047.1,24029.3,-178.0,-20.84,0.0,0.0,SL_HIT,0.0,0.0,0.0,0,0.0,0.0,0.0,0.0,0,0.0,0.0,0,0,0,0,0.0,0,0.0,0.0,0,0.0,0.0,0.0,0.0,0.0,0.0,0.0,0.0,0.0,0,0,0.0,0,0,0.0,0.0,0,0.15,0.258,0.271,0.302,0.629,0.7,0,0.86,16.0,398.6
94791,DE30m,PULLBACK,BUY,2026.04.29 07:09:59,2026.04.29 07:13:40,3,24047.7,24029.3,-184.0,-21.54,0.0,0.0,SL_HIT,0.0,0.0,0.0,0,0.0,0.0,0.0,0.0,0,0.0,0.0,0,0,0,0,0.0,0,0.0,0.0,0,0.0,0.0,0.0,0.0,0.0,0.0,0.0,0.0,0.0,0,0,0.0,0,0,0.0,0.0,0,0.15,0.258,0.271,0.302,0.629,0.7,0,0.86,16.0,398.6
94794,DE30m,TREND_CONTINUATION,BUY,2026.04.29 09:00:00,2026.04.29 09:00:40,0,23934.7,23931.4,-33.0,-3.86,0.0,0.0,SL_HIT,0.0,0.0,0.0,0,0.0,0.0,0.0,0.0,0,0.0,0.0,0,0,0,0,0.0,0,0.0,0.0,0,0.0,0.0,0.0,0.0,0.0,0.0,0.0,0.0,0.0,0,0,0.0,0,0,0.0,0.0,0,0.25,0.135,0.088,0.309,0.577,0.743,0,0.45,16.0,481.8
94795,DE30m,SWEEP_REVERSAL,BUY,2026.04.29 09:00:20,2026.04.29 09:00:40,0,23934.7,23931.4,-33.0,-3.86,0.0,0.0,SL_HIT,0.0,0.0,0.0,0,0.0,0.0,0.0,0.0,0,0.0,0.0,0,0,0,0,0.0,0,0.0,0.0,0,0.0,0.0,0.0,0.0,0.0,0.0,0.0,0.0,0.0,0,0,0.0,0,0,0.0,0.0,0,0.25,0.135,0.088,0.309,0.577,0.743,0,0.45,16.0,481.8
94796,DE30m,MEAN_REVERSION,BUY,2026.04.29 09:00:30,2026.04.29 09:01:20,0,23934.7,23928.4,-63.0,-7.37,0.0,0.0,SL_HIT,0.0,0.0,0.0,0,0.0,0.0,0.0,0.0,0,0.0,0.0,0,0,0,0,0.0,0,0.0,0.0,0,0.0,0.0,0.0,0.0,0.0,0.0,0.0,0.0,0.0,0,0,0.0,0,0,0.0,0.0,0,0.25,0.135,0.088,0.309,0.577,0.743,0,0.45,16.0,481.8
94800,DE30m,BREAKOUT,BUY,2026.04.29 09:09:40,2026.04.29 09:10:20,0,23952.7,23948.4,-43.0,-5.03,0.0,0.0,SL_HIT,0.0,0.0,0.0,0,0.0,0.0,0.0,0.0,0,0.0,0.0,0,0,0,0,0.0,0,0.0,0.0,0,0.0,0.0,0.0,0.0,0.0,0.0,0.0,0.0,0.0,0,0,0.0,0,0,0.0,0.0,0,0.25,0.135,0.088,0.245,0.577,0.743,1,0.45,16.0,481.8
94801,DE30m,PULLBACK,BUY,2026.04.29 09:09:59,2026.04.29 09:10:20,0,23951.7,23947.7,-40.0,-4.68,0.0,0.0,SL_HIT,0.0,0.0,0.0,0,0.0,0.0,0.0,0.0,0,0.0,0.0,0,0,0,0,0.0,0,0.0,0.0,0,0.0,0.0,0.0,0.0,0.0,0.0,0.0,0.0,0.0,0,0,0.0,0,0,0.0,0.0,0,0.25,0.135,0.088,0.245,0.577,0.743,1,0.45,16.0,481.8
94804,DE30m,BREAKOUT_RETEST,BUY,2026.04.29 09:10:40,2026.04.29 09:11:59,1,23966.6,23964.4,-22.0,-2.57,0.0,0.0,SL_HIT,0.0,0.0,0.0,0,0.0,0.0,0.0,0.0,0,0.0,0.0,0,0,0,0,0.0,0,0.0,0.0,0,0.0,0.0,0.0,0.0,0.0,0.0,0.0,0.0,0.0,0,0,0.0,0,0,0.0,0.0,0,0.25,0.135,0.088,0.346,0.577,0.743,1,0.45,16.0,481.8
94806,DE30m,ANCHORED_PULLBACK,BUY,2026.04.29 13:00:40,2026.04.29 13:01:20,0,23998.6,23992.8,-58.0,-6.79,0.0,0.0,SL_HIT,0.0,0.0,0.0,0,0.0,0.0,0.0,0.0,0,0.0,0.0,0,0,0,0,0.0,0,0.0,0.0,0,0.0,0.0,0.0,0.0,0.0,0.0,0.0,0.0,0.0,0,0,0.0,0,0,0.0,0.0,0,0.25,0.185,0.279,0.24,0.784,0.9,1,-0.615,16.0,632.5
94808,DE30m,MEAN_REVERSION,BUY,2026.04.29 13:28:40,2026.04.29 13:30:40,2,23952.6,23961.2,86.0,10.05,0.0,0.0,TRAIL_STOP,0.0,0.0,0.0,0,0.0,0.0,0.0,0.0,0,0.0,0.0,0,0,0,0,0.0,0,0.0,0.0,0,0.0,0.0,0.0,0.0,0.0,0.0,0.0,0.0,0.0,0,0,0.0,0,0,0.0,0.0,0,0.25,0.185,0.279,0.291,0.784,0.9,0,-0.615,16.0,632.5
94810,DE30m,SWEEP_REVERSAL,BUY,2026.04.29 13:41:40,2026.04.29 13:57:40,16,23910.0,23924.1,141.0,16.48,0.0,0.0,TRAIL_STOP,0.0,0.0,0.0,0,0.0,0.0,0.0,0.0,0,0.0,0.0,0,0,0,0,0.0,0,0.0,0.0,0,0.0,0.0,0.0,0.0,0.0,0.0,0.0,0.0,0.0,0,0,0.0,0,0,0.0,0.0,0,0.25,0.185,0.279,0.38,0.784,0.9,0,-0.615,16.0,632.5
94812,DE30m,NAKED_POC,BUY,2026.04.29 14:00:00,2026.04.29 14:15:20,15,23926.6,23973.3,467.0,54.58,0.0,0.0,TRAIL_STOP,0.0,0.0,0.0,0,0.0,0.0,0.0,0.0,0,0.0,0.0,0,0,0,0,0.0,0,0.0,0.0,0,0.0,0.0,0.0,0.0,0.0,0.0,0.0,0.0,0.0,0,0,0.0,0,0,0.0,0.0,6,0.55,0.195,0.584,0.42,0.763,0.975,1,-0.65,16.0,730.6
94814,DE30m,MEAN_REVERSION,BUY,2026.04.29 15:28:40,2026.04.29 15:30:00,1,23905.7,23925.9,202.0,23.62,0.0,0.0,TRAIL_STOP,0.0,0.0,0.0,0,0.0,0.0,0.0,0.0,0,0.0,0.0,0,0,0,0,0.0,0,0.0,0.0,0,0.0,0.0,0.0,0.0,0.0,0.0,0.0,0.0,0.0,0,0,0.0,0,0,0.0,0.0,0,0.0,0.258,0.092,0.253,0.693,0.7,0,-0.86,16.0,766.3
94816,DE30m,SWEEP_REVERSAL,BUY,2026.04.29 15:44:40,2026.04.29 15:45:20,0,23919.7,23924.0,43.0,5.03,0.0,0.0,TRAIL_STOP,0.0,0.0,0.0,0,0.0,0.0,0.0,0.0,0,0.0,0.0,0,0,0,0,0.0,0,0.0,0.0,0,0.0,0.0,0.0,0.0,0.0,0.0,0.0,0.0,0.0,0,0,0.0,0,0,0.0,0.0,0,0.0,0.258,0.092,0.253,0.693,0.7,0,-0.86,16.0,766.3
94818,DE30m,NAKED_POC,BUY,2026.04.29 16:00:00,2026.04.29 16:03:40,3,23874.3,23888.7,144.0,16.84,0.0,0.0,TRAIL_STOP,0.0,0.0,0.0,0,0.0,0.0,0.0,0.0,0,0.0,0.0,0,0,0,0,0.0,0,0.0,0.0,0,0.0,0.0,0.0,0.0,0.0,0.0,0.0,0.0,0.0,0,0,0.0,0,0,0.0,0.0,0,0.4,0.216,0.316,0.401,0.663,1.0,0,-0.72,16.0,832.8
94820,DE30m,MEAN_REVERSION,BUY,2026.04.29 17:28:40,2026.04.29 17:30:59,2,23845.6,23850.8,52.0,6.07,0.0,0.0,TRAIL_STOP,0.0,0.0,0.0,0,0.0,0.0,0.0,0.0,0,0.0,0.0,0,0,0,0,0.0,0,0.0,0.0,0,0.0,0.0,0.0,0.0,0.0,0.0,0.0,0.0,0.0,0,0,0.0,0,0,0.0,0.0,0,0.15,0.249,0.158,0.266,0.704,1.0,0,-0.8313,16.0,877.6
94822,DE30m,SWEEP_REVERSAL,BUY,2026.04.29 17:44:40,2026.04.29 17:46:40,2,23848.6,23848.8,2.0,0.23,0.0,0.0,TRAIL_STOP,0.0,0.0,0.0,0,0.0,0.0,0.0,0.0,0,0.0,0.0,0,0,0,0,0.0,0,0.0,0.0,0,0.0,0.0,0.0,0.0,0.0,0.0,0.0,0.0,0.0,0,0,0.0,0,0,0.0,0.0,0,0.15,0.249,0.158,0.252,0.704,1.0,0,-0.8313,16.0,877.6
94824,DE30m,NAKED_POC,BUY,2026.04.29 18:00:00,2026.04.29 18:00:40,0,23870.7,23878.8,81.0,9.47,0.0,0.0,TRAIL_STOP,0.0,0.0,0.0,0,0.0,0.0,0.0,0.0,0,0.0,0.0,0,0,0,0,0.0,0,0.0,0.0,0,0.0,0.0,0.0,0.0,0.0,0.0,0.0,0.0,0.0,0,0,0.0,0,0,0.0,0.0,0,0.15,0.29,0.053,0.145,0.509,1.0,1,-0.965,16.0,905.2
94826,DE30m,MEAN_REVERSION,BUY,2026.04.29 19:31:00,2026.04.29 19:31:59,0,23823.9,23822.6,-13.0,-1.52,0.0,0.0,SL_HIT,0.0,0.0,0.0,0,0.0,0.0,0.0,0.0,0,0.0,0.0,0,0,0,0,0.0,0,0.0,0.0,0,0.0,0.0,0.0,0.0,0.0,0.0,0.0,0.0,0.0,0,0,0.0,0,0,0.0,0.0,0,0.0,0.3,0.088,0.111,0.657,0.8,1,-1.0,16.0,956.5
94828,DE30m,NAKED_POC,BUY,2026.04.29 20:00:00,2026.04.29 20:00:59,0,23821.1,23820.3,-8.0,-0.93,0.0,0.0,SL_HIT,0.0,0.0,0.0,0,0.0,0.0,0.0,0.0,0,0.0,0.0,0,0,0,0,0.0,0,0.0,0.0,0,0.0,0.0,0.0,0.0,0.0,0.0,0.0,0.0,0.0,0,0,0.0,0,0,0.0,0.0,0,0.15,0.3,0.28,0.123,0.662,0.8,1,-1.0,100.0,965.7
94830,DE30m,SWEEP_REVERSAL,BUY,2026.04.29 20:13:40,2026.04.29 20:14:40,1,23748.7,23737.9,-108.0,-12.61,0.0,0.0,SL_HIT,0.0,0.0,0.0,0,0.0,0.0,0.0,0.0,0,0.0,0.0,0,0,0,0,0.0,0,0.0,0.0,0,0.0,0.0,0.0,0.0,0.0,0.0,0.0,0.0,0.0,0,0,0.0,0,0,0.0,0.0,0,0.15,0.3,0.195,0.347,0.662,0.8,0,-1.0,100.0,965.7
94832,DE30m,BREAKOUT,BUY,2026.04.30 00:00:00,2026.04.30 00:01:40,1,23878.1,23886.0,79.0,9.23,0.0,0.0,TRAIL_STOP,0.0,0.0,0.0,0,0.0,0.0,0.0,0.0,0,0.0,0.0,0,0,0,0,0.0,0,0.0,0.0,0,0.0,0.0,0.0,0.0,0.0,0.0,0.0,0.0,0.0,0,0,0.0,0,0,0.0,0.0,4,0.4,0.247,0.231,0.423,0.643,1.0,0,-0.825,16.0,949.2
94834,DE30m,ANCHORED_PULLBACK,BUY,2026.04.30 02:00:00,2026.04.30 02:00:59,0,23922.0,23922.6,6.0,0.7,0.0,0.0,TRAIL_STOP,0.0,0.0,0.0,0,0.0,0.0,0.0,0.0,0,0.0,0.0,0,0,0,0,0.0,0,0.0,0.0,0,0.0,0.0,0.0,0.0,0.0,0.0,0.0,0.0,0.0,0,0,0.0,0,0,0.0,0.0,0,0.25,0.247,0.178,0.371,0.721,1.0,0,-0.825,16.0,873.1
94836,DE30m,SWEEP_REVERSAL,BUY,2026.04.30 02:30:40,2026.04.30 02:31:40,1,23814.3,23823.3,90.0,10.5,0.0,0.0,TRAIL_STOP,0.0,0.0,0.0,0,0.0,0.0,0.0,0.0,0,0.0,0.0,0,0,0,0,0.0,0,0.0,0.0,0,0.0,0.0,0.0,0.0,0.0,0.0,0.0,0.0,0.0,0,0,0.0,0,0,0.0,0.0,0,0.25,0.247,0.088,0.395,0.721,1.0,0,-0.825,18.0,873.1
94837,DE30m,MEAN_REVERSION,BUY,2026.04.30 02:30:59,2026.04.30 02:31:40,0,23819.3,23823.3,40.0,4.67,0.0,0.0,TRAIL_STOP,0.0,0.0,0.0,0,0.0,0.0,0.0,0.0,0,0.0,0.0,0,0,0,0,0.0,0,0.0,0.0,0,0.0,0.0,0.0,0.0,0.0,0.0,0.0,0.0,0.0,0,0,0.0,0,0,0.0,0.0,0,0.25,0.247,0.088,0.395,0.721,1.0,0,-0.825,18.0,873.1
94840,DE30m,SWEEP_REVERSAL,BUY,2026.04.30 04:30:40,2026.04.30 04:31:40,1,23698.3,23695.2,-31.0,-3.61,0.0,0.0,SL_HIT,0.0,0.0,0.0,0,0.0,0.0,0.0,0.0,0,0.0,0.0,0,0,0,0,0.0,0,0.0,0.0,0,0.0,0.0,0.0,0.0,0.0,0.0,0.0,0.0,0.0,0,0,0.0,0,0,0.0,0.0,0,0.4,0.109,0.14,0.416,0.721,0.479,0,0.3641,16.0,917.1
94841,DE30m,MEAN_REVERSION,BUY,2026.04.30 04:30:59,2026.04.30 04:31:40,0,23699.0,23695.2,-38.0,-4.43,0.0,0.0,SL_HIT,0.0,0.0,0.0,0,0.0,0.0,0.0,0.0,0,0.0,0.0,0,0,0,0,0.0,0,0.0,0.0,0,0.0,0.0,0.0,0.0,0.0,0.0,0.0,0.0,0.0,0,0,0.0,0,0,0.0,0.0,0,0.4,0.109,0.14,0.416,0.721,0.479,0,0.3641,16.0,917.1
94844,DE30m,TREND_CONTINUATION,BUY,2026.04.30 04:39:40,2026.04.30 04:40:20,0,23672.3,23671.0,-13.0,-1.52,0.0,0.0,SL_HIT,0.0,0.0,0.0,0,0.0,0.0,0.0,0.0,0,0.0,0.0,0,0,0,0,0.0,0,0.0,0.0,0,0.0,0.0,0.0,0.0,0.0,0.0,0.0,0.0,0.0,0,0,0.0,0,0,0.0,0.0,0,0.4,0.109,0.14,0.416,0.721,0.479,0,0.3641,16.0,917.1
94846,DE30m,PULLBACK,BUY,2026.04.30 04:42:40,2026.04.30 04:44:20,1,23632.5,23660.1,276.0,32.17,0.0,0.0,TRAIL_STOP,0.0,0.0,0.0,0,0.0,0.0,0.0,0.0,0,0.0,0.0,0,0,0,0,0.0,0,0.0,0.0,0,0.0,0.0,0.0,0.0,0.0,0.0,0.0,0.0,0.0,0,0,0.0,0,0,0.0,0.0,0,0.4,0.109,0.14,0.416,0.721,0.479,0,0.3641,16.0,917.1
94848,DE30m,SWEEP_REVERSAL,BUY,2026.04.30 06:30:40,2026.04.30 06:31:59,1,23665.0,23665.2,2.0,0.23,0.0,0.0,TRAIL_STOP,0.0,0.0,0.0,0,0.0,0.0,0.0,0.0,0,0.0,0.0,0,0,0,0,0.0,0,0.0,0.0,0,0.0,0.0,0.0,0.0,0.0,0.0,0.0,0.0,0.0,0,0,0.0,0,0,0.0,0.0,0,0.0,0.206,0.104,0.165,0.679,0.675,0,-0.685,16.0,907.2
94849,DE30m,MEAN_REVERSION,BUY,2026.04.30 06:31:40,2026.04.30 06:33:00,1,23670.1,23676.2,61.0,7.12,0.0,0.0,TRAIL_STOP,0.0,0.0,0.0,0,0.0,0.0,0.0,0.0,0,0.0,0.0,0,0,0,0,0.0,0,0.0,0.0,0,0.0,0.0,0.0,0.0,0.0,0.0,0.0,0.0,0.0,0,0,0.0,0,0,0.0,0.0,0,0.0,0.206,0.104,0.055,0.679,0.675,0,-0.685,16.0,907.2
94852,DE30m,NAKED_POC,BUY,2026.04.30 07:26:40,2026.04.30 07:35:40,9,23835.1,23835.1,0.0,0.0,0.0,0.0,TRAIL_STOP,0.0,0.0,0.0,0,0.0,0.0,0.0,0.0,0,0.0,0.0,0,0,0,0,0.0,0,0.0,0.0,0,0.0,0.0,0.0,0.0,0.0,0.0,0.0,0.0,0.0,0,0,0.0,0,0,0.0,0.0,0,0.0,0.164,0.0,0.241,0.744,0.5,0,-0.545,16.0,880.1
94854,DE30m,NAKED_POC,BUY,2026.04.30 09:26:40,2026.04.30 09:32:40,6,23887.1,23972.0,849.0,99.25,0.0,0.0,TRAIL_STOP,0.0,0.0,0.0,0,0.0,0.0,0.0,0.0,0,0.0,0.0,0,0,0,0,0.0,0,0.0,0.0,0,0.0,0.0,0.0,0.0,0.0,0.0,0.0,0.0,0.0,0,0,0.0,0,0,0.0,0.0,6,0.55,0.185,0.493,0.704,0.51,0.9,0,-0.615,16.0,980.7
94856,DE30m,ANCHORED_PULLBACK,BUY,2026.04.30 10:00:00,2026.04.30 10:01:00,1,23972.1,23973.9,18.0,2.1,0.0,0.0,TRAIL_STOP,0.0,0.0,0.0,0,0.0,0.0,0.0,0.0,0,0.0,0.0,0,0,0,0,0.0,0,0.0,0.0,0,0.0,0.0,0.0,0.0,0.0,0.0,0.0,0.0,0.0,0,0,0.0,0,0,0.0,0.0,0,0.4,0.171,0.14,0.37,0.543,0.857,0,-0.5712,16.0,1005.1
94858,DE30m,BREAKOUT,BUY,2026.04.30 11:00:00,2026.04.30 11:00:59,0,24038.7,24058.2,195.0,22.85,0.0,0.0,TRAIL_STOP,0.0,0.0,0.0,0,0.0,0.0,0.0,0.0,0,0.0,0.0,0,0,0,0,0.0,0,0.0,0.0,0,0.0,0.0,0.0,0.0,0.0,0.0,0.0,0.0,0.0,0,0,0.0,0,0,0.0,0.0,0,0.0,0.206,0.129,0.254,0.538,0.675,0,0.685,16.0,1013.8
94859,DE30m,PULLBACK,BUY,2026.04.30 11:00:20,2026.04.30 11:00:59,0,24038.7,24058.2,195.0,22.85,0.0,0.0,TRAIL_STOP,0.0,0.0,0.0,0,0.0,0.0,0.0,0.0,0,0.0,0.0,0,0,0,0,0.0,0,0.0,0.0,0,0.0,0.0,0.0,0.0,0.0,0.0,0.0,0.0,0.0,0,0,0.0,0,0,0.0,0.0,0,0.0,0.206,0.129,0.254,0.538,0.675,0,0.685,16.0,1013.8
94862,DE30m,NAKED_POC,BUY,2026.04.30 11:26:40,2026.04.30 11:27:59,1,24110.6,24109.4,-12.0,-1.41,0.0,0.0,SL_HIT,0.0,0.0,0.0,0,0.0,0.0,0.0,0.0,0,0.0,0.0,0,0,0,0,0.0,0,0.0,0.0,0,0.0,0.0,0.0,0.0,0.0,0.0,0.0,0.0,0.0,0,0,0.0,0,0,0.0,0.0,0,0.0,0.206,0.129,0.254,0.538,0.675,0,0.685,16.0,1013.8
94864,DE30m,TREND_CONTINUATION,BUY,2026.04.30 12:44:59,2026.04.30 12:45:59,1,24146.9,24159.4,125.0,14.62,0.0,0.0,TRAIL_STOP,0.0,0.0,0.0,0,0.0,0.0,0.0,0.0,0,0.0,0.0,0,0,0,0,0.0,0,0.0,0.0,0,0.0,0.0,0.0,0.0,0.0,0.0,0.0,0.0,0.0,0,0,0.0,0,0,0.0,0.0,0,0.0,0.216,0.096,0.249,0.527,0.75,0,0.72,16.0,990.4
94866,DE30m,BREAKOUT,BUY,2026.04.30 13:00:00,2026.04.30 13:03:59,3,24145.0,24177.5,325.0,37.98,0.0,0.0,TRAIL_STOP,0.0,0.0,0.0,0,0.0,0.0,0.0,0.0,0,0.0,0.0,0,0,0,0,0.0,0,0.0,0.0,0,0.0,0.0,0.0,0.0,0.0,0.0,0.0,0.0,0.0,0,0,0.0,0,0,0.0,0.0,0,0.0,0.226,0.207,0.075,0.529,0.825,0,0.755,16.0,974.4
94867,DE30m,BREAKOUT_RETEST,BUY,2026.04.30 13:00:20,2026.04.30 13:03:59,3,24144.9,24177.5,326.0,38.09,0.0,0.0,TRAIL_STOP,0.0,0.0,0.0,0,0.0,0.0,0.0,0.0,0,0.0,0.0,0,0,0,0,0.0,0,0.0,0.0,0,0.0,0.0,0.0,0.0,0.0,0.0,0.0,0.0,0.0,0,0,0.0,0,0,0.0,0.0,0,0.0,0.226,0.207,0.075,0.529,0.825,0,0.755,16.0,974.4
94868,DE30m,PULLBACK,BUY,2026.04.30 13:00:30,2026.04.30 13:03:59,3,24144.9,24177.5,326.0,38.09,0.0,0.0,TRAIL_STOP,0.0,0.0,0.0,0,0.0,0.0,0.0,0.0,0,0.0,0.0,0,0,0,0,0.0,0,0.0,0.0,0,0.0,0.0,0.0,0.0,0.0,0.0,0.0,0.0,0.0,0,0,0.0,0,0,0.0,0.0,0,0.0,0.226,0.207,0.075,0.529,0.825,0,0.755,16.0,974.4
94872,DE30m,NAKED_POC,BUY,2026.04.30 13:26:40,2026.04.30 13:27:20,0,24139.9,24135.5,-44.0,-5.14,0.0,0.0,SL_HIT,0.0,0.0,0.0,0,0.0,0.0,0.0,0.0,0,0.0,0.0,0,0,0,0,0.0,0,0.0,0.0,0,0.0,0.0,0.0,0.0,0.0,0.0,0.0,0.0,0.0,0,0,0.0,0,0,0.0,0.0,0,0.0,0.226,0.207,0.2,0.529,0.825,1,0.755,16.0,974.4
94874,DE30m,NAKED_POC,BUY,2026.04.30 15:26:40,2026.04.30 15:34:40,8,24255.6,24275.0,194.0,22.75,0.0,0.0,TRAIL_STOP,0.0,0.0,0.0,0,0.0,0.0,0.0,0.0,0,0.0,0.0,0,0,0,0,0.0,0,0.0,0.0,0,0.0,0.0,0.0,0.0,0.0,0.0,0.0,0.0,0.0,0,0,0.0,0,0,0.0,0.0,6,0.7,0.195,0.631,0.757,0.673,0.975,0,0.65,16.0,1125.3
94876,DE30m,BREAKOUT,BUY,2026.04.30 16:00:00,2026.04.30 16:01:40,1,24255.6,24250.8,-48.0,-5.63,0.0,0.0,SL_HIT,0.0,0.0,0.0,0,0.0,0.0,0.0,0.0,0,0.0,0.0,0,0,0,0,0.0,0,0.0,0.0,0,0.0,0.0,0.0,0.0,0.0,0.0,0.0,0.0,0.0,0,0,0.0,0,0,0.0,0.0,0,0.15,0.258,0.25,0.212,0.645,1.0,0,0.86,16.0,1163.9
94877,DE30m,PULLBACK,BUY,2026.04.30 16:00:20,2026.04.30 16:01:40,1,24251.0,24250.8,-2.0,-0.23,0.0,0.0,SL_HIT,0.0,0.0,0.0,0,0.0,0.0,0.0,0.0,0,0.0,0.0,0,0,0,0,0.0,0,0.0,0.0,0,0.0,0.0,0.0,0.0,0.0,0.0,0.0,0.0,0.0,0,0,0.0,0,0,0.0,0.0,0,0.15,0.258,0.25,0.212,0.645,1.0,0,0.86,16.0,1163.9
94878,DE30m,TREND_CONTINUATION,BUY,2026.04.30 16:00:30,2026.04.30 16:01:40,1,24251.0,24250.8,-2.0,-0.23,0.0,0.0,SL_HIT,0.0,0.0,0.0,0,0.0,0.0,0.0,0.0,0,0.0,0.0,0,0,0,0,0.0,0,0.0,0.0,0,0.0,0.0,0.0,0.0,0.0,0.0,0.0,0.0,0.0,0,0,0.0,0,0,0.0,0.0,0,0.15,0.258,0.25,0.212,0.645,1.0,0,0.86,16.0,1163.9
94882,DE30m,BREAKOUT_RETEST,BUY,2026.04.30 17:00:00,2026.04.30 17:01:20,1,24251.9,24258.1,62.0,7.27,0.0,0.0,TRAIL_STOP,0.0,0.0,0.0,0,0.0,0.0,0.0,0.0,0,0.0,0.0,0,0,0,0,0.0,0,0.0,0.0,0,0.0,0.0,0.0,0.0,0.0,0.0,0.0,0.0,0.0,0,0,0.0,0,0,0.0,0.0,0,0.15,0.269,0.053,0.206,0.498,1.0,1,0.895,16.0,1084.2
94884,DE30m,NAKED_POC,BUY,2026.04.30 17:31:20,2026.04.30 17:31:40,0,24290.6,24285.1,-55.0,-6.45,0.0,0.0,SL_HIT,0.0,0.0,0.0,0,0.0,0.0,0.0,0.0,0,0.0,0.0,0,0,0,0,0.0,0,0.0,0.0,0,0.0,0.0,0.0,0.0,0.0,0.0,0.0,0.0,0.0,0,0,0.0,0,0,0.0,0.0,0,0.15,0.269,0.053,0.324,0.498,1.0,0,0.895,16.0,1084.2
94886,DE30m,BREAKOUT,BUY,2026.04.30 18:02:40,2026.04.30 18:03:40,1,24301.5,24292.4,-91.0,-10.67,0.0,0.0,SL_HIT,0.0,0.0,0.0,0,0.0,0.0,0.0,0.0,0,0.0,0.0,0,0,0,0,0.0,0,0.0,0.0,0,0.0,0.0,0.0,0.0,0.0,0.0,0.0,0.0,0.0,0,0,0.0,0,0,0.0,0.0,0,0.15,0.279,0.053,0.347,0.621,1.0,0,0.93,16.0,1080.1
94887,DE30m,PULLBACK,BUY,2026.04.30 18:02:59,2026.04.30 18:04:00,1,24297.9,24292.1,-58.0,-6.8,0.0,0.0,SL_HIT,0.0,0.0,0.0,0,0.0,0.0,0.0,0.0,0,0.0,0.0,0,0,0,0,0.0,0,0.0,0.0,0,0.0,0.0,0.0,0.0,0.0,0.0,0.0,0.0,0.0,0,0,0.0,0,0,0.0,0.0,0,0.15,0.279,0.053,0.347,0.621,1.0,0,0.93,16.0,1080.1
94890,DE30m,NAKED_POC,BUY,2026.04.30 19:31:20,2026.04.30 19:31:40,0,24298.5,24293.3,-52.0,-6.1,0.0,0.0,SL_HIT,0.0,0.0,0.0,0,0.0,0.0,0.0,0.0,0,0.0,0.0,0,0,0,0,0.0,0,0.0,0.0,0,0.0,0.0,0.0,0.0,0.0,0.0,0.0,0.0,0.0,0,0,0.0,0,0,0.0,0.0,0,0.15,0.29,0.173,0.251,0.737,1.0,0,0.965,16.0,1001.2
94892,DE30m,BREAKOUT_RETEST,BUY,2026.04.30 19:41:40,2026.04.30 19:42:40,1,24275.9,24274.4,-15.0,-1.76,0.0,0.0,SL_HIT,0.0,0.0,0.0,0,0.0,0.0,0.0,0.0,0,0.0,0.0,0,0,0,0,0.0,0,0.0,0.0,0,0.0,0.0,0.0,0.0,0.0,0.0,0.0,0.0,0.0,0,0,0.0,0,0,0.0,0.0,0,0.15,0.29,0.173,0.234,0.737,1.0,1,0.965,16.0,1001.2
94894,DE30m,TREND_CONTINUATION,BUY,2026.04.30 19:42:40,2026.04.30 19:43:40,1,24270.0,24269.4,-6.0,-0.7,0.0,0.0,SL_HIT,0.0,0.0,0.0,0,0.0,0.0,0.0,0.0,0,0.0,0.0,0,0,0,0,0.0,0,0.0,0.0,0,0.0,0.0,0.0,0.0,0.0,0.0,0.0,0.0,0.0,0,0,0.0,0,0,0.0,0.0,0,0.15,0.29,0.173,0.234,0.737,1.0,1,0.965,16.0,1001.2
94896,DE30m,NAKED_POC,BUY,2026.04.30 23:31:30,2026.05.04 00:16:40,4365,24272.2,24325.0,528.0,45.68,0.0,0.0,TRAIL_STOP,0.0,0.0,0.0,0,0.0,0.0,0.0,0.0,0,0.0,0.0,0,0,0,0,0.0,0,0.0,0.0,0,0.0,0.0,0.0,0.0,0.0,0.0,0.0,0.0,0.0,0,0,0.0,0,0,0.0,0.0,0,0.0,0.3,0.113,0.279,0.613,0.8,0,1.0,18.0,975.9
94897,DE30m,BREAKOUT_RETEST,BUY,2026.04.30 23:42:00,2026.05.04 00:16:40,4354,24272.2,24325.0,528.0,45.68,0.0,0.0,TRAIL_STOP,0.0,0.0,0.0,0,0.0,0.0,0.0,0.0,0,0.0,0.0,0,0,0,0,0.0,0,0.0,0.0,0,0.0,0.0,0.0,0.0,0.0,0.0,0.0,0.0,0.0,0,0,0.0,0,0,0.0,0.0,0,0.0,0.3,0.113,0.279,0.613,0.8,0,1.0,18.0,975.9
94898,DE30m,TREND_CONTINUATION,BUY,2026.04.30 23:43:00,2026.05.04 00:16:40,4353,24272.2,24325.0,528.0,45.68,0.0,0.0,TRAIL_STOP,0.0,0.0,0.0,0,0.0,0.0,0.0,0.0,0,0.0,0.0,0,0,0,0,0.0,0,0.0,0.0,0,0.0,0.0,0.0,0.0,0.0,0.0,0.0,0.0,0.0,0,0,0.0,0,0,0.0,0.0,0,0.0,0.3,0.113,0.279,0.613,0.8,0,1.0,18.0,975.9
